[2026-09-29 22:29:29] local.ERROR: The "--status" option does not exist. {"exception":"[object] (Symfony\\Component\\Console\\Exception\\RuntimeException(code: 0): The \"--status\" option does not exist. at C:/xampp/htdocs/hp/vendor/symfony/console/Input/ArgvInput.php:226)
[stacktrace]
#0 C:/xampp/htdocs/hp/vendor/symfony/console/Input/ArgvInput.php(155): Symfony/Component/Console/Input/ArgvInput->addLongOption('status', NULL)
#1 C:/xampp/htdocs/hp/vendor/symfony/console/Input/ArgvInput.php(88): Symfony/Component/Console/Input/ArgvInput->parseLongOption('--status')
#2 C:/xampp/htdocs/hp/vendor/symfony/console/Input/ArgvInput.php(77): Symfony/Component/Console/Input/ArgvInput->parseToken('--status', true)
#3 C:/xampp/htdocs/hp/vendor/symfony/console/Input/Input.php(53): Symfony/Component/Console/Input/ArgvInput->parse()
#4 C:/xampp/htdocs/hp/vendor/symfony/console/Command/Command.php(295): Symfony/Component/Console/Input/Input->bind(Object(Symfony/Component/Console/Input/InputDefinition))
#5 C:/xampp/htdocs/hp/vendor/laravel/framework/src/Illuminate/Console/Command.php(182): Symfony/Component/Console/Command/Command->run(Object(Symfony/Component/Console/Input/ArgvInput), Object(Illuminate/Console/OutputStyle))
#6 C:/xampp/htdocs/hp/vendor/symfony/console/Application.php(1117): Illuminate/Console/Command->run(Object(Symfony/Component/Console/Input/ArgvInput), Object(Symfony/Component/Console/Output/ConsoleOutput))
#7 C:/xampp/htdocs/hp/vendor/symfony/console/Application.php(356): Symfony/Component/Console/Application->doRunCommand(Object(Illuminate/Database/Console/Migrations/MigrateCommand), Object(Symfony/Component/Console/Input/ArgvInput), Object(Symfony/Component/Console/Output/ConsoleOutput))
#8 C:/xampp/htdocs/hp/vendor/symfony/console/Application.php(195): Symfony/Component/Console/Application->doRun(Object(Symfony/Component/Console/Input/ArgvInput), Object(Symfony/Component/Console/Output/ConsoleOutput))
#9 C:/xampp/htdocs/hp/vendor/laravel/framework/src/Illuminate/Foundation/Console/Kernel.php(198): Symfony/Component/Console/Application->run(Object(Symfony/Component/Console/Input/ArgvInput), Object(Symfony/Component/Console/Output/ConsoleOutput))
#10 C:/xampp/htdocs/hp/vendor/laravel/framework/src/Illuminate/Foundation/Application.php(1235): Illuminate/Foundation/Console/Kernel->handle(Object(Symfony/Component/Console/Input/ArgvInput), Object(Symfony/Component/Console/Output/ConsoleOutput))
#11 C:/xampp/htdocs/hp/artisan(20): Illuminate/Foundation/Application->handleCommand(Object(Symfony/Component/Console/Input/ArgvInput))
#12 {main}
"} 
[2026-09-30 03:26:27] local.ERROR: Unclosed '[' does not match ')' (View: C:\xampp\htdocs\hp\resources\views\site\appointment\create.blade.php) {"exception":"[object] (Illuminate\\View\\ViewException(code: 0): Unclosed '[' does not match ')' (View: C:\\xampp\\htdocs\\hp\\resources\\views\\site\\appointment\\create.blade.php) at C:/xampp/htdocs/hp/storage/framework/views/0e74388785f3dc3df212357309498089.php:86)
[stacktrace]
#0 C:/xampp/htdocs/hp/vendor/livewire/livewire/src/Mechanisms/ExtendBlade/ExtendedCompilerEngine.php(58): Illuminate/View/Engines/CompilerEngine->handleViewException(Object(ParseError), 1)
#1 C:/xampp/htdocs/hp/vendor/laravel/framework/src/Illuminate/View/Engines/PhpEngine.php(60): Livewire/Mechanisms/ExtendBlade/ExtendedCompilerEngine->handleViewException(Object(ParseError), 1)
#2 C:/xampp/htdocs/hp/vendor/livewire/livewire/src/Mechanisms/ExtendBlade/ExtendedCompilerEngine.php(22): Illuminate/View/Engines/PhpEngine->evaluatePath('C://xampp//htdocs...', Array)
#3 C:/xampp/htdocs/hp/vendor/laravel/framework/src/Illuminate/View/Engines/CompilerEngine.php(75): Livewire/Mechanisms/ExtendBlade/ExtendedCompilerEngine->evaluatePath('C://xampp//htdocs...', Array)
#4 C:/xampp/htdocs/hp/vendor/livewire/livewire/src/Mechanisms/ExtendBlade/ExtendedCompilerEngine.php(10): Illuminate/View/Engines/CompilerEngine->get('C://xampp//htdocs...', Array)
#5 C:/xampp/htdocs/hp/vendor/laravel/framework/src/Illuminate/View/View.php(209): Livewire/Mechanisms/ExtendBlade/ExtendedCompilerEngine->get('C://xampp//htdocs...', Array)
#6 C:/xampp/htdocs/hp/vendor/laravel/framework/src/Illuminate/View/View.php(192): Illuminate/View/View->getContents()
#7 C:/xampp/htdocs/hp/vendor/laravel/framework/src/Illuminate/View/View.php(161): Illuminate/View/View->renderContents()
#8 C:/xampp/htdocs/hp/vendor/laravel/framework/src/Illuminate/Http/Response.php(79): Illuminate/View/View->render()
#9 C:/xampp/htdocs/hp/vendor/laravel/framework/src/Illuminate/Http/Response.php(35): Illuminate/Http/Response->setContent(Object(Illuminate/View/View))
#10 C:/xampp/htdocs/hp/vendor/laravel/framework/src/Illuminate/Routing/Router.php(920): Illuminate/Http/Response->__construct(Object(Illuminate/View/View), 200, Array)
#11 C:/xampp/htdocs/hp/vendor/laravel/framework/src/Illuminate/Routing/Router.php(887): Illuminate/Routing/Router::toResponse(Object(Illuminate/Http/Request), Object(Illuminate/View/View))
#12 C:/xampp/htdocs/hp/vendor/laravel/framework/src/Illuminate/Routing/Router.php(807): Illuminate/Routing/Router->prepareResponse(Object(Illuminate/Http/Request), Object(Illuminate/View/View))
#13 C:/xampp/htdocs/hp/vendor/laravel/framework/src/Illuminate/Pipeline/Pipeline.php(170): Illuminate/Routing/Router->Illuminate/Routing/{closure}(Object(Illuminate/Http/Request))
#14 C:/xampp/htdocs/hp/app/Http/Middleware/ResolveHospital.php(33): Illuminate/Pipeline/Pipeline->Illuminate/Pipeline/{closure}(Object(Illuminate/Http/Request))
#15 C:/xampp/htdocs/hp/vendor/laravel/framework/src/Illuminate/Pipeline/Pipeline.php(209): App/Http/Middleware/ResolveHospital->handle(Object(Illuminate/Http/Request), Object(Closure))
#16 C:/xampp/htdocs/hp/vendor/laravel/framework/src/Illuminate/Routing/Middleware/SubstituteBindings.php(51): Illuminate/Pipeline/Pipeline->Illuminate/Pipeline/{closure}(Object(Illuminate/Http/Request))
#17 C:/xampp/htdocs/hp/vendor/laravel/framework/src/Illuminate/Pipeline/Pipeline.php(209): Illuminate/Routing/Middleware/SubstituteBindings->handle(Object(Illuminate/Http/Request), Object(Closure))
#18 C:/xampp/htdocs/hp/vendor/laravel/framework/src/Illuminate/Foundation/Http/Middleware/VerifyCsrfToken.php(88): Illuminate/Pipeline/Pipeline->Illuminate/Pipeline/{closure}(Object(Illuminate/Http/Request))
#19 C:/xampp/htdocs/hp/vendor/laravel/framework/src/Illuminate/Pipeline/Pipeline.php(209): Illuminate/Foundation/Http/Middleware/VerifyCsrfToken->handle(Object(Illuminate/Http/Request), Object(Closure))
#20 C:/xampp/htdocs/hp/vendor/laravel/framework/src/Illuminate/View/Middleware/ShareErrorsFromSession.php(49): Illuminate/Pipeline/Pipeline->Illuminate/Pipeline/{closure}(Object(Illuminate/Http/Request))
#21 C:/xampp/htdocs/hp/vendor/laravel/framework/src/Illuminate/Pipeline/Pipeline.php(209): Illuminate/View/Middleware/ShareErrorsFromSession->handle(Object(Illuminate/Http/Request), Object(Closure))
#22 C:/xampp/htdocs/hp/vendor/laravel/framework/src/Illuminate/Session/Middleware/StartSession.php(121): Illuminate/Pipeline/Pipeline->Illuminate/Pipeline/{closure}(Object(Illuminate/Http/Request))
#23 C:/xampp/htdocs/hp/vendor/laravel/framework/src/Illuminate/Session/Middleware/StartSession.php(64): Illuminate/Session/Middleware/StartSession->handleStatefulRequest(Object(Illuminate/Http/Request), Object(Illuminate/Session/Store), Object(Closure))
#24 C:/xampp/htdocs/hp/vendor/laravel/framework/src/Illuminate/Pipeline/Pipeline.php(209): Illuminate/Session/Middleware/StartSession->handle(Object(Illuminate/Http/Request), Object(Closure))
#25 C:/xampp/htdocs/hp/vendor/laravel/framework/src/Illuminate/Cookie/Middleware/AddQueuedCookiesToResponse.php(37): Illuminate/Pipeline/Pipeline->Illuminate/Pipeline/{closure}(Object(Illuminate/Http/Request))
#26 C:/xampp/htdocs/hp/vendor/laravel/framework/src/Illuminate/Pipeline/Pipeline.php(209): Illuminate/Cookie/Middleware/AddQueuedCookiesToResponse->handle(Object(Illuminate/Http/Request), Object(Closure))
#27 C:/xampp/htdocs/hp/vendor/laravel/framework/src/Illuminate/Cookie/Middleware/EncryptCookies.php(75): Illuminate/Pipeline/Pipeline->Illuminate/Pipeline/{closure}(Object(Illuminate/Http/Request))
#28 C:/xampp/htdocs/hp/vendor/laravel/framework/src/Illuminate/Pipeline/Pipeline.php(209): Illuminate/Cookie/Middleware/EncryptCookies->handle(Object(Illuminate/Http/Request), Object(Closure))
#29 C:/xampp/htdocs/hp/vendor/laravel/framework/src/Illuminate/Pipeline/Pipeline.php(127): Illuminate/Pipeline/Pipeline->Illuminate/Pipeline/{closure}(Object(Illuminate/Http/Request))
#30 C:/xampp/htdocs/hp/vendor/laravel/framework/src/Illuminate/Routing/Router.php(807): Illuminate/Pipeline/Pipeline->then(Object(Closure))
#31 C:/xampp/htdocs/hp/vendor/laravel/framework/src/Illuminate/Routing/Router.php(786): Illuminate/Routing/Router->runRouteWithinStack(Object(Illuminate/Routing/Route), Object(Illuminate/Http/Request))
#32 C:/xampp/htdocs/hp/vendor/laravel/framework/src/Illuminate/Routing/Router.php(750): Illuminate/Routing/Router->runRoute(Object(Illuminate/Http/Request), Object(Illuminate/Routing/Route))
#33 C:/xampp/htdocs/hp/vendor/laravel/framework/src/Illuminate/Routing/Router.php(739): Illuminate/Routing/Router->dispatchToRoute(Object(Illuminate/Http/Request))
#34 C:/xampp/htdocs/hp/vendor/laravel/framework/src/Illuminate/Foundation/Http/Kernel.php(201): Illuminate/Routing/Router->dispatch(Object(Illuminate/Http/Request))
#35 C:/xampp/htdocs/hp/vendor/laravel/framework/src/Illuminate/Pipeline/Pipeline.php(170): Illuminate/Foundation/Http/Kernel->Illuminate/Foundation/Http/{closure}(Object(Illuminate/Http/Request))
#36 C:/xampp/htdocs/hp/vendor/livewire/livewire/src/Features/SupportDisablingBackButtonCache/DisableBackButtonCacheMiddleware.php(19): Illuminate/Pipeline/Pipeline->Illuminate/Pipeline/{closure}(Object(Illuminate/Http/Request))
#37 C:/xampp/htdocs/hp/vendor/laravel/framework/src/Illuminate/Pipeline/Pipeline.php(209): Livewire/Features/SupportDisablingBackButtonCache/DisableBackButtonCacheMiddleware->handle(Object(Illuminate/Http/Request), Object(Closure))
#38 C:/xampp/htdocs/hp/vendor/laravel/framework/src/Illuminate/Foundation/Http/Middleware/TransformsRequest.php(21): Illuminate/Pipeline/Pipeline->Illuminate/Pipeline/{closure}(Object(Illuminate/Http/Request))
#39 C:/xampp/htdocs/hp/vendor/laravel/framework/src/Illuminate/Foundation/Http/Middleware/ConvertEmptyStringsToNull.php(31): Illuminate/Foundation/Http/Middleware/TransformsRequest->handle(Object(Illuminate/Http/Request), Object(Closure))
#40 C:/xampp/htdocs/hp/vendor/laravel/framework/src/Illuminate/Pipeline/Pipeline.php(209): Illuminate/Foundation/Http/Middleware/ConvertEmptyStringsToNull->handle(Object(Illuminate/Http/Request), Object(Closure))
#41 C:/xampp/htdocs/hp/vendor/laravel/framework/src/Illuminate/Foundation/Http/Middleware/TransformsRequest.php(21): Illuminate/Pipeline/Pipeline->Illuminate/Pipeline/{closure}(Object(Illuminate/Http/Request))
#42 C:/xampp/htdocs/hp/vendor/laravel/framework/src/Illuminate/Foundation/Http/Middleware/TrimStrings.php(51): Illuminate/Foundation/Http/Middleware/TransformsRequest->handle(Object(Illuminate/Http/Request), Object(Closure))
#43 C:/xampp/htdocs/hp/vendor/laravel/framework/src/Illuminate/Pipeline/Pipeline.php(209): Illuminate/Foundation/Http/Middleware/TrimStrings->handle(Object(Illuminate/Http/Request), Object(Closure))
#44 C:/xampp/htdocs/hp/vendor/laravel/framework/src/Illuminate/Http/Middleware/ValidatePostSize.php(27): Illuminate/Pipeline/Pipeline->Illuminate/Pipeline/{closure}(Object(Illuminate/Http/Request))
#45 C:/xampp/htdocs/hp/vendor/laravel/framework/src/Illuminate/Pipeline/Pipeline.php(209): Illuminate/Http/Middleware/ValidatePostSize->handle(Object(Illuminate/Http/Request), Object(Closure))
#46 C:/xampp/htdocs/hp/vendor/laravel/framework/src/Illuminate/Foundation/Http/Middleware/PreventRequestsDuringMaintenance.php(110): Illuminate/Pipeline/Pipeline->Illuminate/Pipeline/{closure}(Object(Illuminate/Http/Request))
#47 C:/xampp/htdocs/hp/vendor/laravel/framework/src/Illuminate/Pipeline/Pipeline.php(209): Illuminate/Foundation/Http/Middleware/PreventRequestsDuringMaintenance->handle(Object(Illuminate/Http/Request), Object(Closure))
#48 C:/xampp/htdocs/hp/vendor/laravel/framework/src/Illuminate/Http/Middleware/HandleCors.php(49): Illuminate/Pipeline/Pipeline->Illuminate/Pipeline/{closure}(Object(Illuminate/Http/Request))
#49 C:/xampp/htdocs/hp/vendor/laravel/framework/src/Illuminate/Pipeline/Pipeline.php(209): Illuminate/Http/Middleware/HandleCors->handle(Object(Illuminate/Http/Request), Object(Closure))
#50 C:/xampp/htdocs/hp/vendor/laravel/framework/src/Illuminate/Http/Middleware/TrustProxies.php(58): Illuminate/Pipeline/Pipeline->Illuminate/Pipeline/{closure}(Object(Illuminate/Http/Request))
#51 C:/xampp/htdocs/hp/vendor/laravel/framework/src/Illuminate/Pipeline/Pipeline.php(209): Illuminate/Http/Middleware/TrustProxies->handle(Object(Illuminate/Http/Request), Object(Closure))
#52 C:/xampp/htdocs/hp/vendor/laravel/framework/src/Illuminate/Foundation/Http/Middleware/InvokeDeferredCallbacks.php(22): Illuminate/Pipeline/Pipeline->Illuminate/Pipeline/{closure}(Object(Illuminate/Http/Request))
#53 C:/xampp/htdocs/hp/vendor/laravel/framework/src/Illuminate/Pipeline/Pipeline.php(209): Illuminate/Foundation/Http/Middleware/InvokeDeferredCallbacks->handle(Object(Illuminate/Http/Request), Object(Closure))
#54 C:/xampp/htdocs/hp/vendor/laravel/framework/src/Illuminate/Pipeline/Pipeline.php(127): Illuminate/Pipeline/Pipeline->Illuminate/Pipeline/{closure}(Object(Illuminate/Http/Request))
#55 C:/xampp/htdocs/hp/vendor/laravel/framework/src/Illuminate/Foundation/Http/Kernel.php(176): Illuminate/Pipeline/Pipeline->then(Object(Closure))
#56 C:/xampp/htdocs/hp/vendor/laravel/framework/src/Illuminate/Foundation/Http/Kernel.php(145): Illuminate/Foundation/Http/Kernel->sendRequestThroughRouter(Object(Illuminate/Http/Request))
#57 C:/xampp/htdocs/hp/vendor/laravel/framework/src/Illuminate/Foundation/Application.php(1220): Illuminate/Foundation/Http/Kernel->handle(Object(Illuminate/Http/Request))
#58 C:/xampp/htdocs/hp/public/index.php(17): Illuminate/Foundation/Application->handleRequest(Object(Illuminate/Http/Request))
#59 C:/xampp/htdocs/hp/vendor/laravel/framework/src/Illuminate/Foundation/resources/server.php(23): require_once('C://xampp//htdocs...')
#60 {main}

[previous exception] [object] (ParseError(code: 0): Unclosed '[' does not match ')' at C:/xampp/htdocs/hp/storage/framework/views/0e74388785f3dc3df212357309498089.php:86)
[stacktrace]
#0 C:/xampp/htdocs/hp/vendor/laravel/framework/src/Illuminate/Filesystem/Filesystem.php(124): Illuminate/Filesystem/Filesystem::Illuminate/Filesystem/{closure}()
#1 C:/xampp/htdocs/hp/vendor/laravel/framework/src/Illuminate/View/Engines/PhpEngine.php(58): Illuminate/Filesystem/Filesystem->getRequire('C://xampp//htdocs...', Array)
#2 C:/xampp/htdocs/hp/vendor/livewire/livewire/src/Mechanisms/ExtendBlade/ExtendedCompilerEngine.php(22): Illuminate/View/Engines/PhpEngine->evaluatePath('C://xampp//htdocs...', Array)
#3 C:/xampp/htdocs/hp/vendor/laravel/framework/src/Illuminate/View/Engines/CompilerEngine.php(75): Livewire/Mechanisms/ExtendBlade/ExtendedCompilerEngine->evaluatePath('C://xampp//htdocs...', Array)
#4 C:/xampp/htdocs/hp/vendor/livewire/livewire/src/Mechanisms/ExtendBlade/ExtendedCompilerEngine.php(10): Illuminate/View/Engines/CompilerEngine->get('C://xampp//htdocs...', Array)
#5 C:/xampp/htdocs/hp/vendor/laravel/framework/src/Illuminate/View/View.php(209): Livewire/Mechanisms/ExtendBlade/ExtendedCompilerEngine->get('C://xampp//htdocs...', Array)
#6 C:/xampp/htdocs/hp/vendor/laravel/framework/src/Illuminate/View/View.php(192): Illuminate/View/View->getContents()
#7 C:/xampp/htdocs/hp/vendor/laravel/framework/src/Illuminate/View/View.php(161): Illuminate/View/View->renderContents()
#8 C:/xampp/htdocs/hp/vendor/laravel/framework/src/Illuminate/Http/Response.php(79): Illuminate/View/View->render()
#9 C:/xampp/htdocs/hp/vendor/laravel/framework/src/Illuminate/Http/Response.php(35): Illuminate/Http/Response->setContent(Object(Illuminate/View/View))
#10 C:/xampp/htdocs/hp/vendor/laravel/framework/src/Illuminate/Routing/Router.php(920): Illuminate/Http/Response->__construct(Object(Illuminate/View/View), 200, Array)
#11 C:/xampp/htdocs/hp/vendor/laravel/framework/src/Illuminate/Routing/Router.php(887): Illuminate/Routing/Router::toResponse(Object(Illuminate/Http/Request), Object(Illuminate/View/View))
#12 C:/xampp/htdocs/hp/vendor/laravel/framework/src/Illuminate/Routing/Router.php(807): Illuminate/Routing/Router->prepareResponse(Object(Illuminate/Http/Request), Object(Illuminate/View/View))
#13 C:/xampp/htdocs/hp/vendor/laravel/framework/src/Illuminate/Pipeline/Pipeline.php(170): Illuminate/Routing/Router->Illuminate/Routing/{closure}(Object(Illuminate/Http/Request))
#14 C:/xampp/htdocs/hp/app/Http/Middleware/ResolveHospital.php(33): Illuminate/Pipeline/Pipeline->Illuminate/Pipeline/{closure}(Object(Illuminate/Http/Request))
#15 C:/xampp/htdocs/hp/vendor/laravel/framework/src/Illuminate/Pipeline/Pipeline.php(209): App/Http/Middleware/ResolveHospital->handle(Object(Illuminate/Http/Request), Object(Closure))
#16 C:/xampp/htdocs/hp/vendor/laravel/framework/src/Illuminate/Routing/Middleware/SubstituteBindings.php(51): Illuminate/Pipeline/Pipeline->Illuminate/Pipeline/{closure}(Object(Illuminate/Http/Request))
#17 C:/xampp/htdocs/hp/vendor/laravel/framework/src/Illuminate/Pipeline/Pipeline.php(209): Illuminate/Routing/Middleware/SubstituteBindings->handle(Object(Illuminate/Http/Request), Object(Closure))
#18 C:/xampp/htdocs/hp/vendor/laravel/framework/src/Illuminate/Foundation/Http/Middleware/VerifyCsrfToken.php(88): Illuminate/Pipeline/Pipeline->Illuminate/Pipeline/{closure}(Object(Illuminate/Http/Request))
#19 C:/xampp/htdocs/hp/vendor/laravel/framework/src/Illuminate/Pipeline/Pipeline.php(209): Illuminate/Foundation/Http/Middleware/VerifyCsrfToken->handle(Object(Illuminate/Http/Request), Object(Closure))
#20 C:/xampp/htdocs/hp/vendor/laravel/framework/src/Illuminate/View/Middleware/ShareErrorsFromSession.php(49): Illuminate/Pipeline/Pipeline->Illuminate/Pipeline/{closure}(Object(Illuminate/Http/Request))
#21 C:/xampp/htdocs/hp/vendor/laravel/framework/src/Illuminate/Pipeline/Pipeline.php(209): Illuminate/View/Middleware/ShareErrorsFromSession->handle(Object(Illuminate/Http/Request), Object(Closure))
#22 C:/xampp/htdocs/hp/vendor/laravel/framework/src/Illuminate/Session/Middleware/StartSession.php(121): Illuminate/Pipeline/Pipeline->Illuminate/Pipeline/{closure}(Object(Illuminate/Http/Request))
#23 C:/xampp/htdocs/hp/vendor/laravel/framework/src/Illuminate/Session/Middleware/StartSession.php(64): Illuminate/Session/Middleware/StartSession->handleStatefulRequest(Object(Illuminate/Http/Request), Object(Illuminate/Session/Store), Object(Closure))
#24 C:/xampp/htdocs/hp/vendor/laravel/framework/src/Illuminate/Pipeline/Pipeline.php(209): Illuminate/Session/Middleware/StartSession->handle(Object(Illuminate/Http/Request), Object(Closure))
#25 C:/xampp/htdocs/hp/vendor/laravel/framework/src/Illuminate/Cookie/Middleware/AddQueuedCookiesToResponse.php(37): Illuminate/Pipeline/Pipeline->Illuminate/Pipeline/{closure}(Object(Illuminate/Http/Request))
#26 C:/xampp/htdocs/hp/vendor/laravel/framework/src/Illuminate/Pipeline/Pipeline.php(209): Illuminate/Cookie/Middleware/AddQueuedCookiesToResponse->handle(Object(Illuminate/Http/Request), Object(Closure))
#27 C:/xampp/htdocs/hp/vendor/laravel/framework/src/Illuminate/Cookie/Middleware/EncryptCookies.php(75): Illuminate/Pipeline/Pipeline->Illuminate/Pipeline/{closure}(Object(Illuminate/Http/Request))
#28 C:/xampp/htdocs/hp/vendor/laravel/framework/src/Illuminate/Pipeline/Pipeline.php(209): Illuminate/Cookie/Middleware/EncryptCookies->handle(Object(Illuminate/Http/Request), Object(Closure))
#29 C:/xampp/htdocs/hp/vendor/laravel/framework/src/Illuminate/Pipeline/Pipeline.php(127): Illuminate/Pipeline/Pipeline->Illuminate/Pipeline/{closure}(Object(Illuminate/Http/Request))
#30 C:/xampp/htdocs/hp/vendor/laravel/framework/src/Illuminate/Routing/Router.php(807): Illuminate/Pipeline/Pipeline->then(Object(Closure))
#31 C:/xampp/htdocs/hp/vendor/laravel/framework/src/Illuminate/Routing/Router.php(786): Illuminate/Routing/Router->runRouteWithinStack(Object(Illuminate/Routing/Route), Object(Illuminate/Http/Request))
#32 C:/xampp/htdocs/hp/vendor/laravel/framework/src/Illuminate/Routing/Router.php(750): Illuminate/Routing/Router->runRoute(Object(Illuminate/Http/Request), Object(Illuminate/Routing/Route))
#33 C:/xampp/htdocs/hp/vendor/laravel/framework/src/Illuminate/Routing/Router.php(739): Illuminate/Routing/Router->dispatchToRoute(Object(Illuminate/Http/Request))
#34 C:/xampp/htdocs/hp/vendor/laravel/framework/src/Illuminate/Foundation/Http/Kernel.php(201): Illuminate/Routing/Router->dispatch(Object(Illuminate/Http/Request))
#35 C:/xampp/htdocs/hp/vendor/laravel/framework/src/Illuminate/Pipeline/Pipeline.php(170): Illuminate/Foundation/Http/Kernel->Illuminate/Foundation/Http/{closure}(Object(Illuminate/Http/Request))
#36 C:/xampp/htdocs/hp/vendor/livewire/livewire/src/Features/SupportDisablingBackButtonCache/DisableBackButtonCacheMiddleware.php(19): Illuminate/Pipeline/Pipeline->Illuminate/Pipeline/{closure}(Object(Illuminate/Http/Request))
#37 C:/xampp/htdocs/hp/vendor/laravel/framework/src/Illuminate/Pipeline/Pipeline.php(209): Livewire/Features/SupportDisablingBackButtonCache/DisableBackButtonCacheMiddleware->handle(Object(Illuminate/Http/Request), Object(Closure))
#38 C:/xampp/htdocs/hp/vendor/laravel/framework/src/Illuminate/Foundation/Http/Middleware/TransformsRequest.php(21): Illuminate/Pipeline/Pipeline->Illuminate/Pipeline/{closure}(Object(Illuminate/Http/Request))
#39 C:/xampp/htdocs/hp/vendor/laravel/framework/src/Illuminate/Foundation/Http/Middleware/ConvertEmptyStringsToNull.php(31): Illuminate/Foundation/Http/Middleware/TransformsRequest->handle(Object(Illuminate/Http/Request), Object(Closure))
#40 C:/xampp/htdocs/hp/vendor/laravel/framework/src/Illuminate/Pipeline/Pipeline.php(209): Illuminate/Foundation/Http/Middleware/ConvertEmptyStringsToNull->handle(Object(Illuminate/Http/Request), Object(Closure))
#41 C:/xampp/htdocs/hp/vendor/laravel/framework/src/Illuminate/Foundation/Http/Middleware/TransformsRequest.php(21): Illuminate/Pipeline/Pipeline->Illuminate/Pipeline/{closure}(Object(Illuminate/Http/Request))
#42 C:/xampp/htdocs/hp/vendor/laravel/framework/src/Illuminate/Foundation/Http/Middleware/TrimStrings.php(51): Illuminate/Foundation/Http/Middleware/TransformsRequest->handle(Object(Illuminate/Http/Request), Object(Closure))
#43 C:/xampp/htdocs/hp/vendor/laravel/framework/src/Illuminate/Pipeline/Pipeline.php(209): Illuminate/Foundation/Http/Middleware/TrimStrings->handle(Object(Illuminate/Http/Request), Object(Closure))
#44 C:/xampp/htdocs/hp/vendor/laravel/framework/src/Illuminate/Http/Middleware/ValidatePostSize.php(27): Illuminate/Pipeline/Pipeline->Illuminate/Pipeline/{closure}(Object(Illuminate/Http/Request))
#45 C:/xampp/htdocs/hp/vendor/laravel/framework/src/Illuminate/Pipeline/Pipeline.php(209): Illuminate/Http/Middleware/ValidatePostSize->handle(Object(Illuminate/Http/Request), Object(Closure))
#46 C:/xampp/htdocs/hp/vendor/laravel/framework/src/Illuminate/Foundation/Http/Middleware/PreventRequestsDuringMaintenance.php(110): Illuminate/Pipeline/Pipeline->Illuminate/Pipeline/{closure}(Object(Illuminate/Http/Request))
#47 C:/xampp/htdocs/hp/vendor/laravel/framework/src/Illuminate/Pipeline/Pipeline.php(209): Illuminate/Foundation/Http/Middleware/PreventRequestsDuringMaintenance->handle(Object(Illuminate/Http/Request), Object(Closure))
#48 C:/xampp/htdocs/hp/vendor/laravel/framework/src/Illuminate/Http/Middleware/HandleCors.php(49): Illuminate/Pipeline/Pipeline->Illuminate/Pipeline/{closure}(Object(Illuminate/Http/Request))
#49 C:/xampp/htdocs/hp/vendor/laravel/framework/src/Illuminate/Pipeline/Pipeline.php(209): Illuminate/Http/Middleware/HandleCors->handle(Object(Illuminate/Http/Request), Object(Closure))
#50 C:/xampp/htdocs/hp/vendor/laravel/framework/src/Illuminate/Http/Middleware/TrustProxies.php(58): Illuminate/Pipeline/Pipeline->Illuminate/Pipeline/{closure}(Object(Illuminate/Http/Request))
#51 C:/xampp/htdocs/hp/vendor/laravel/framework/src/Illuminate/Pipeline/Pipeline.php(209): Illuminate/Http/Middleware/TrustProxies->handle(Object(Illuminate/Http/Request), Object(Closure))
#52 C:/xampp/htdocs/hp/vendor/laravel/framework/src/Illuminate/Foundation/Http/Middleware/InvokeDeferredCallbacks.php(22): Illuminate/Pipeline/Pipeline->Illuminate/Pipeline/{closure}(Object(Illuminate/Http/Request))
#53 C:/xampp/htdocs/hp/vendor/laravel/framework/src/Illuminate/Pipeline/Pipeline.php(209): Illuminate/Foundation/Http/Middleware/InvokeDeferredCallbacks->handle(Object(Illuminate/Http/Request), Object(Closure))
#54 C:/xampp/htdocs/hp/vendor/laravel/framework/src/Illuminate/Pipeline/Pipeline.php(127): Illuminate/Pipeline/Pipeline->Illuminate/Pipeline/{closure}(Object(Illuminate/Http/Request))
#55 C:/xampp/htdocs/hp/vendor/laravel/framework/src/Illuminate/Foundation/Http/Kernel.php(176): Illuminate/Pipeline/Pipeline->then(Object(Closure))
#56 C:/xampp/htdocs/hp/vendor/laravel/framework/src/Illuminate/Foundation/Http/Kernel.php(145): Illuminate/Foundation/Http/Kernel->sendRequestThroughRouter(Object(Illuminate/Http/Request))
#57 C:/xampp/htdocs/hp/vendor/laravel/framework/src/Illuminate/Foundation/Application.php(1220): Illuminate/Foundation/Http/Kernel->handle(Object(Illuminate/Http/Request))
#58 C:/xampp/htdocs/hp/public/index.php(17): Illuminate/Foundation/Application->handleRequest(Object(Illuminate/Http/Request))
#59 C:/xampp/htdocs/hp/vendor/laravel/framework/src/Illuminate/Foundation/resources/server.php(23): require_once('C://xampp//htdocs...')
#60 {main}
"} 
[2026-09-30 03:36:37] local.ERROR: SQLSTATE[42S02]: Base table or view not found: 1146 Table 'upchar5510_db.hospitals' doesn't exist (Connection: mysql, SQL: select * from `hospitals` where `custom_domain` = localhost limit 1) {"exception":"[object] (Illuminate\\Database\\QueryException(code: 42S02): SQLSTATE[42S02]: Base table or view not found: 1146 Table 'upchar5510_db.hospitals' doesn't exist (Connection: mysql, SQL: select * from `hospitals` where `custom_domain` = localhost limit 1) at C:/xampp/htdocs/hp/vendor/laravel/framework/src/Illuminate/Database/Connection.php:825)
[stacktrace]
#0 C:/xampp/htdocs/hp/vendor/laravel/framework/src/Illuminate/Database/Connection.php(779): Illuminate/Database/Connection->runQueryCallback('select * from `...', Array, Object(Closure))
#1 C:/xampp/htdocs/hp/vendor/laravel/framework/src/Illuminate/Database/Connection.php(398): Illuminate/Database/Connection->run('select * from `...', Array, Object(Closure))
#2 C:/xampp/htdocs/hp/vendor/laravel/framework/src/Illuminate/Database/Query/Builder.php(3106): Illuminate/Database/Connection->select('select * from `...', Array, true)
#3 C:/xampp/htdocs/hp/vendor/laravel/framework/src/Illuminate/Database/Query/Builder.php(3091): Illuminate/Database/Query/Builder->runSelect()
#4 C:/xampp/htdocs/hp/vendor/laravel/framework/src/Illuminate/Database/Query/Builder.php(3676): Illuminate/Database/Query/Builder->Illuminate/Database/Query/{closure}()
#5 C:/xampp/htdocs/hp/vendor/laravel/framework/src/Illuminate/Database/Query/Builder.php(3090): Illuminate/Database/Query/Builder->onceWithColumns(Array, Object(Closure))
#6 C:/xampp/htdocs/hp/vendor/laravel/framework/src/Illuminate/Database/Eloquent/Builder.php(811): Illuminate/Database/Query/Builder->get(Array)
#7 C:/xampp/htdocs/hp/vendor/laravel/framework/src/Illuminate/Database/Eloquent/Builder.php(793): Illuminate/Database/Eloquent/Builder->getModels(Array)
#8 C:/xampp/htdocs/hp/vendor/laravel/framework/src/Illuminate/Database/Concerns/BuildsQueries.php(343): Illuminate/Database/Eloquent/Builder->get(Array)
#9 C:/xampp/htdocs/hp/routes/web.php(21): Illuminate/Database/Eloquent/Builder->first()
#10 C:/xampp/htdocs/hp/vendor/laravel/framework/src/Illuminate/Routing/CallableDispatcher.php(40): Illuminate/Routing/RouteFileRegistrar->{closure}(Object(Illuminate/Http/Request))
#11 C:/xampp/htdocs/hp/vendor/laravel/framework/src/Illuminate/Routing/Route.php(244): Illuminate/Routing/CallableDispatcher->dispatch(Object(Illuminate/Routing/Route), Object(Closure))
#12 C:/xampp/htdocs/hp/vendor/laravel/framework/src/Illuminate/Routing/Route.php(215): Illuminate/Routing/Route->runCallable()
#13 C:/xampp/htdocs/hp/vendor/laravel/framework/src/Illuminate/Routing/Router.php(808): Illuminate/Routing/Route->run()
#14 C:/xampp/htdocs/hp/vendor/laravel/framework/src/Illuminate/Pipeline/Pipeline.php(170): Illuminate/Routing/Router->Illuminate/Routing/{closure}(Object(Illuminate/Http/Request))
#15 C:/xampp/htdocs/hp/vendor/laravel/framework/src/Illuminate/Routing/Middleware/SubstituteBindings.php(51): Illuminate/Pipeline/Pipeline->Illuminate/Pipeline/{closure}(Object(Illuminate/Http/Request))
#16 C:/xampp/htdocs/hp/vendor/laravel/framework/src/Illuminate/Pipeline/Pipeline.php(209): Illuminate/Routing/Middleware/SubstituteBindings->handle(Object(Illuminate/Http/Request), Object(Closure))
#17 C:/xampp/htdocs/hp/vendor/laravel/framework/src/Illuminate/Foundation/Http/Middleware/VerifyCsrfToken.php(88): Illuminate/Pipeline/Pipeline->Illuminate/Pipeline/{closure}(Object(Illuminate/Http/Request))
#18 C:/xampp/htdocs/hp/vendor/laravel/framework/src/Illuminate/Pipeline/Pipeline.php(209): Illuminate/Foundation/Http/Middleware/VerifyCsrfToken->handle(Object(Illuminate/Http/Request), Object(Closure))
#19 C:/xampp/htdocs/hp/vendor/laravel/framework/src/Illuminate/View/Middleware/ShareErrorsFromSession.php(49): Illuminate/Pipeline/Pipeline->Illuminate/Pipeline/{closure}(Object(Illuminate/Http/Request))
#20 C:/xampp/htdocs/hp/vendor/laravel/framework/src/Illuminate/Pipeline/Pipeline.php(209): Illuminate/View/Middleware/ShareErrorsFromSession->handle(Object(Illuminate/Http/Request), Object(Closure))
#21 C:/xampp/htdocs/hp/vendor/laravel/framework/src/Illuminate/Session/Middleware/StartSession.php(121): Illuminate/Pipeline/Pipeline->Illuminate/Pipeline/{closure}(Object(Illuminate/Http/Request))
#22 C:/xampp/htdocs/hp/vendor/laravel/framework/src/Illuminate/Session/Middleware/StartSession.php(64): Illuminate/Session/Middleware/StartSession->handleStatefulRequest(Object(Illuminate/Http/Request), Object(Illuminate/Session/Store), Object(Closure))
#23 C:/xampp/htdocs/hp/vendor/laravel/framework/src/Illuminate/Pipeline/Pipeline.php(209): Illuminate/Session/Middleware/StartSession->handle(Object(Illuminate/Http/Request), Object(Closure))
#24 C:/xampp/htdocs/hp/vendor/laravel/framework/src/Illuminate/Cookie/Middleware/AddQueuedCookiesToResponse.php(37): Illuminate/Pipeline/Pipeline->Illuminate/Pipeline/{closure}(Object(Illuminate/Http/Request))
#25 C:/xampp/htdocs/hp/vendor/laravel/framework/src/Illuminate/Pipeline/Pipeline.php(209): Illuminate/Cookie/Middleware/AddQueuedCookiesToResponse->handle(Object(Illuminate/Http/Request), Object(Closure))
#26 C:/xampp/htdocs/hp/vendor/laravel/framework/src/Illuminate/Cookie/Middleware/EncryptCookies.php(75): Illuminate/Pipeline/Pipeline->Illuminate/Pipeline/{closure}(Object(Illuminate/Http/Request))
#27 C:/xampp/htdocs/hp/vendor/laravel/framework/src/Illuminate/Pipeline/Pipeline.php(209): Illuminate/Cookie/Middleware/EncryptCookies->handle(Object(Illuminate/Http/Request), Object(Closure))
#28 C:/xampp/htdocs/hp/vendor/laravel/framework/src/Illuminate/Pipeline/Pipeline.php(127): Illuminate/Pipeline/Pipeline->Illuminate/Pipeline/{closure}(Object(Illuminate/Http/Request))
#29 C:/xampp/htdocs/hp/vendor/laravel/framework/src/Illuminate/Routing/Router.php(807): Illuminate/Pipeline/Pipeline->then(Object(Closure))
#30 C:/xampp/htdocs/hp/vendor/laravel/framework/src/Illuminate/Routing/Router.php(786): Illuminate/Routing/Router->runRouteWithinStack(Object(Illuminate/Routing/Route), Object(Illuminate/Http/Request))
#31 C:/xampp/htdocs/hp/vendor/laravel/framework/src/Illuminate/Routing/Router.php(750): Illuminate/Routing/Router->runRoute(Object(Illuminate/Http/Request), Object(Illuminate/Routing/Route))
#32 C:/xampp/htdocs/hp/vendor/laravel/framework/src/Illuminate/Routing/Router.php(739): Illuminate/Routing/Router->dispatchToRoute(Object(Illuminate/Http/Request))
#33 C:/xampp/htdocs/hp/vendor/laravel/framework/src/Illuminate/Foundation/Http/Kernel.php(201): Illuminate/Routing/Router->dispatch(Object(Illuminate/Http/Request))
#34 C:/xampp/htdocs/hp/vendor/laravel/framework/src/Illuminate/Pipeline/Pipeline.php(170): Illuminate/Foundation/Http/Kernel->Illuminate/Foundation/Http/{closure}(Object(Illuminate/Http/Request))
#35 C:/xampp/htdocs/hp/vendor/livewire/livewire/src/Features/SupportDisablingBackButtonCache/DisableBackButtonCacheMiddleware.php(19): Illuminate/Pipeline/Pipeline->Illuminate/Pipeline/{closure}(Object(Illuminate/Http/Request))
#36 C:/xampp/htdocs/hp/vendor/laravel/framework/src/Illuminate/Pipeline/Pipeline.php(209): Livewire/Features/SupportDisablingBackButtonCache/DisableBackButtonCacheMiddleware->handle(Object(Illuminate/Http/Request), Object(Closure))
#37 C:/xampp/htdocs/hp/vendor/laravel/framework/src/Illuminate/Foundation/Http/Middleware/TransformsRequest.php(21): Illuminate/Pipeline/Pipeline->Illuminate/Pipeline/{closure}(Object(Illuminate/Http/Request))
#38 C:/xampp/htdocs/hp/vendor/laravel/framework/src/Illuminate/Foundation/Http/Middleware/ConvertEmptyStringsToNull.php(31): Illuminate/Foundation/Http/Middleware/TransformsRequest->handle(Object(Illuminate/Http/Request), Object(Closure))
#39 C:/xampp/htdocs/hp/vendor/laravel/framework/src/Illuminate/Pipeline/Pipeline.php(209): Illuminate/Foundation/Http/Middleware/ConvertEmptyStringsToNull->handle(Object(Illuminate/Http/Request), Object(Closure))
#40 C:/xampp/htdocs/hp/vendor/laravel/framework/src/Illuminate/Foundation/Http/Middleware/TransformsRequest.php(21): Illuminate/Pipeline/Pipeline->Illuminate/Pipeline/{closure}(Object(Illuminate/Http/Request))
#41 C:/xampp/htdocs/hp/vendor/laravel/framework/src/Illuminate/Foundation/Http/Middleware/TrimStrings.php(51): Illuminate/Foundation/Http/Middleware/TransformsRequest->handle(Object(Illuminate/Http/Request), Object(Closure))
#42 C:/xampp/htdocs/hp/vendor/laravel/framework/src/Illuminate/Pipeline/Pipeline.php(209): Illuminate/Foundation/Http/Middleware/TrimStrings->handle(Object(Illuminate/Http/Request), Object(Closure))
#43 C:/xampp/htdocs/hp/vendor/laravel/framework/src/Illuminate/Http/Middleware/ValidatePostSize.php(27): Illuminate/Pipeline/Pipeline->Illuminate/Pipeline/{closure}(Object(Illuminate/Http/Request))
#44 C:/xampp/htdocs/hp/vendor/laravel/framework/src/Illuminate/Pipeline/Pipeline.php(209): Illuminate/Http/Middleware/ValidatePostSize->handle(Object(Illuminate/Http/Request), Object(Closure))
#45 C:/xampp/htdocs/hp/vendor/laravel/framework/src/Illuminate/Foundation/Http/Middleware/PreventRequestsDuringMaintenance.php(110): Illuminate/Pipeline/Pipeline->Illuminate/Pipeline/{closure}(Object(Illuminate/Http/Request))
#46 C:/xampp/htdocs/hp/vendor/laravel/framework/src/Illuminate/Pipeline/Pipeline.php(209): Illuminate/Foundation/Http/Middleware/PreventRequestsDuringMaintenance->handle(Object(Illuminate/Http/Request), Object(Closure))
#47 C:/xampp/htdocs/hp/vendor/laravel/framework/src/Illuminate/Http/Middleware/HandleCors.php(49): Illuminate/Pipeline/Pipeline->Illuminate/Pipeline/{closure}(Object(Illuminate/Http/Request))
#48 C:/xampp/htdocs/hp/vendor/laravel/framework/src/Illuminate/Pipeline/Pipeline.php(209): Illuminate/Http/Middleware/HandleCors->handle(Object(Illuminate/Http/Request), Object(Closure))
#49 C:/xampp/htdocs/hp/vendor/laravel/framework/src/Illuminate/Http/Middleware/TrustProxies.php(58): Illuminate/Pipeline/Pipeline->Illuminate/Pipeline/{closure}(Object(Illuminate/Http/Request))
#50 C:/xampp/htdocs/hp/vendor/laravel/framework/src/Illuminate/Pipeline/Pipeline.php(209): Illuminate/Http/Middleware/TrustProxies->handle(Object(Illuminate/Http/Request), Object(Closure))
#51 C:/xampp/htdocs/hp/vendor/laravel/framework/src/Illuminate/Foundation/Http/Middleware/InvokeDeferredCallbacks.php(22): Illuminate/Pipeline/Pipeline->Illuminate/Pipeline/{closure}(Object(Illuminate/Http/Request))
#52 C:/xampp/htdocs/hp/vendor/laravel/framework/src/Illuminate/Pipeline/Pipeline.php(209): Illuminate/Foundation/Http/Middleware/InvokeDeferredCallbacks->handle(Object(Illuminate/Http/Request), Object(Closure))
#53 C:/xampp/htdocs/hp/vendor/laravel/framework/src/Illuminate/Pipeline/Pipeline.php(127): Illuminate/Pipeline/Pipeline->Illuminate/Pipeline/{closure}(Object(Illuminate/Http/Request))
#54 C:/xampp/htdocs/hp/vendor/laravel/framework/src/Illuminate/Foundation/Http/Kernel.php(176): Illuminate/Pipeline/Pipeline->then(Object(Closure))
#55 C:/xampp/htdocs/hp/vendor/laravel/framework/src/Illuminate/Foundation/Http/Kernel.php(145): Illuminate/Foundation/Http/Kernel->sendRequestThroughRouter(Object(Illuminate/Http/Request))
#56 C:/xampp/htdocs/hp/vendor/laravel/framework/src/Illuminate/Foundation/Application.php(1220): Illuminate/Foundation/Http/Kernel->handle(Object(Illuminate/Http/Request))
#57 C:/xampp/htdocs/hp/public/index.php(17): Illuminate/Foundation/Application->handleRequest(Object(Illuminate/Http/Request))
#58 {main}

[previous exception] [object] (PDOException(code: 42S02): SQLSTATE[42S02]: Base table or view not found: 1146 Table 'upchar5510_db.hospitals' doesn't exist at C:/xampp/htdocs/hp/vendor/laravel/framework/src/Illuminate/Database/Connection.php:407)
[stacktrace]
#0 C:/xampp/htdocs/hp/vendor/laravel/framework/src/Illuminate/Database/Connection.php(407): PDO->prepare('select * from `...')
#1 C:/xampp/htdocs/hp/vendor/laravel/framework/src/Illuminate/Database/Connection.php(812): Illuminate/Database/Connection->Illuminate/Database/{closure}('select * from `...', Array)
#2 C:/xampp/htdocs/hp/vendor/laravel/framework/src/Illuminate/Database/Connection.php(779): Illuminate/Database/Connection->runQueryCallback('select * from `...', Array, Object(Closure))
#3 C:/xampp/htdocs/hp/vendor/laravel/framework/src/Illuminate/Database/Connection.php(398): Illuminate/Database/Connection->run('select * from `...', Array, Object(Closure))
#4 C:/xampp/htdocs/hp/vendor/laravel/framework/src/Illuminate/Database/Query/Builder.php(3106): Illuminate/Database/Connection->select('select * from `...', Array, true)
#5 C:/xampp/htdocs/hp/vendor/laravel/framework/src/Illuminate/Database/Query/Builder.php(3091): Illuminate/Database/Query/Builder->runSelect()
#6 C:/xampp/htdocs/hp/vendor/laravel/framework/src/Illuminate/Database/Query/Builder.php(3676): Illuminate/Database/Query/Builder->Illuminate/Database/Query/{closure}()
#7 C:/xampp/htdocs/hp/vendor/laravel/framework/src/Illuminate/Database/Query/Builder.php(3090): Illuminate/Database/Query/Builder->onceWithColumns(Array, Object(Closure))
#8 C:/xampp/htdocs/hp/vendor/laravel/framework/src/Illuminate/Database/Eloquent/Builder.php(811): Illuminate/Database/Query/Builder->get(Array)
#9 C:/xampp/htdocs/hp/vendor/laravel/framework/src/Illuminate/Database/Eloquent/Builder.php(793): Illuminate/Database/Eloquent/Builder->getModels(Array)
#10 C:/xampp/htdocs/hp/vendor/laravel/framework/src/Illuminate/Database/Concerns/BuildsQueries.php(343): Illuminate/Database/Eloquent/Builder->get(Array)
#11 C:/xampp/htdocs/hp/routes/web.php(21): Illuminate/Database/Eloquent/Builder->first()
#12 C:/xampp/htdocs/hp/vendor/laravel/framework/src/Illuminate/Routing/CallableDispatcher.php(40): Illuminate/Routing/RouteFileRegistrar->{closure}(Object(Illuminate/Http/Request))
#13 C:/xampp/htdocs/hp/vendor/laravel/framework/src/Illuminate/Routing/Route.php(244): Illuminate/Routing/CallableDispatcher->dispatch(Object(Illuminate/Routing/Route), Object(Closure))
#14 C:/xampp/htdocs/hp/vendor/laravel/framework/src/Illuminate/Routing/Route.php(215): Illuminate/Routing/Route->runCallable()
#15 C:/xampp/htdocs/hp/vendor/laravel/framework/src/Illuminate/Routing/Router.php(808): Illuminate/Routing/Route->run()
#16 C:/xampp/htdocs/hp/vendor/laravel/framework/src/Illuminate/Pipeline/Pipeline.php(170): Illuminate/Routing/Router->Illuminate/Routing/{closure}(Object(Illuminate/Http/Request))
#17 C:/xampp/htdocs/hp/vendor/laravel/framework/src/Illuminate/Routing/Middleware/SubstituteBindings.php(51): Illuminate/Pipeline/Pipeline->Illuminate/Pipeline/{closure}(Object(Illuminate/Http/Request))
#18 C:/xampp/htdocs/hp/vendor/laravel/framework/src/Illuminate/Pipeline/Pipeline.php(209): Illuminate/Routing/Middleware/SubstituteBindings->handle(Object(Illuminate/Http/Request), Object(Closure))
#19 C:/xampp/htdocs/hp/vendor/laravel/framework/src/Illuminate/Foundation/Http/Middleware/VerifyCsrfToken.php(88): Illuminate/Pipeline/Pipeline->Illuminate/Pipeline/{closure}(Object(Illuminate/Http/Request))
#20 C:/xampp/htdocs/hp/vendor/laravel/framework/src/Illuminate/Pipeline/Pipeline.php(209): Illuminate/Foundation/Http/Middleware/VerifyCsrfToken->handle(Object(Illuminate/Http/Request), Object(Closure))
#21 C:/xampp/htdocs/hp/vendor/laravel/framework/src/Illuminate/View/Middleware/ShareErrorsFromSession.php(49): Illuminate/Pipeline/Pipeline->Illuminate/Pipeline/{closure}(Object(Illuminate/Http/Request))
#22 C:/xampp/htdocs/hp/vendor/laravel/framework/src/Illuminate/Pipeline/Pipeline.php(209): Illuminate/View/Middleware/ShareErrorsFromSession->handle(Object(Illuminate/Http/Request), Object(Closure))
#23 C:/xampp/htdocs/hp/vendor/laravel/framework/src/Illuminate/Session/Middleware/StartSession.php(121): Illuminate/Pipeline/Pipeline->Illuminate/Pipeline/{closure}(Object(Illuminate/Http/Request))
#24 C:/xampp/htdocs/hp/vendor/laravel/framework/src/Illuminate/Session/Middleware/StartSession.php(64): Illuminate/Session/Middleware/StartSession->handleStatefulRequest(Object(Illuminate/Http/Request), Object(Illuminate/Session/Store), Object(Closure))
#25 C:/xampp/htdocs/hp/vendor/laravel/framework/src/Illuminate/Pipeline/Pipeline.php(209): Illuminate/Session/Middleware/StartSession->handle(Object(Illuminate/Http/Request), Object(Closure))
#26 C:/xampp/htdocs/hp/vendor/laravel/framework/src/Illuminate/Cookie/Middleware/AddQueuedCookiesToResponse.php(37): Illuminate/Pipeline/Pipeline->Illuminate/Pipeline/{closure}(Object(Illuminate/Http/Request))
#27 C:/xampp/htdocs/hp/vendor/laravel/framework/src/Illuminate/Pipeline/Pipeline.php(209): Illuminate/Cookie/Middleware/AddQueuedCookiesToResponse->handle(Object(Illuminate/Http/Request), Object(Closure))
#28 C:/xampp/htdocs/hp/vendor/laravel/framework/src/Illuminate/Cookie/Middleware/EncryptCookies.php(75): Illuminate/Pipeline/Pipeline->Illuminate/Pipeline/{closure}(Object(Illuminate/Http/Request))
#29 C:/xampp/htdocs/hp/vendor/laravel/framework/src/Illuminate/Pipeline/Pipeline.php(209): Illuminate/Cookie/Middleware/EncryptCookies->handle(Object(Illuminate/Http/Request), Object(Closure))
#30 C:/xampp/htdocs/hp/vendor/laravel/framework/src/Illuminate/Pipeline/Pipeline.php(127): Illuminate/Pipeline/Pipeline->Illuminate/Pipeline/{closure}(Object(Illuminate/Http/Request))
#31 C:/xampp/htdocs/hp/vendor/laravel/framework/src/Illuminate/Routing/Router.php(807): Illuminate/Pipeline/Pipeline->then(Object(Closure))
#32 C:/xampp/htdocs/hp/vendor/laravel/framework/src/Illuminate/Routing/Router.php(786): Illuminate/Routing/Router->runRouteWithinStack(Object(Illuminate/Routing/Route), Object(Illuminate/Http/Request))
#33 C:/xampp/htdocs/hp/vendor/laravel/framework/src/Illuminate/Routing/Router.php(750): Illuminate/Routing/Router->runRoute(Object(Illuminate/Http/Request), Object(Illuminate/Routing/Route))
#34 C:/xampp/htdocs/hp/vendor/laravel/framework/src/Illuminate/Routing/Router.php(739): Illuminate/Routing/Router->dispatchToRoute(Object(Illuminate/Http/Request))
#35 C:/xampp/htdocs/hp/vendor/laravel/framework/src/Illuminate/Foundation/Http/Kernel.php(201): Illuminate/Routing/Router->dispatch(Object(Illuminate/Http/Request))
#36 C:/xampp/htdocs/hp/vendor/laravel/framework/src/Illuminate/Pipeline/Pipeline.php(170): Illuminate/Foundation/Http/Kernel->Illuminate/Foundation/Http/{closure}(Object(Illuminate/Http/Request))
#37 C:/xampp/htdocs/hp/vendor/livewire/livewire/src/Features/SupportDisablingBackButtonCache/DisableBackButtonCacheMiddleware.php(19): Illuminate/Pipeline/Pipeline->Illuminate/Pipeline/{closure}(Object(Illuminate/Http/Request))
#38 C:/xampp/htdocs/hp/vendor/laravel/framework/src/Illuminate/Pipeline/Pipeline.php(209): Livewire/Features/SupportDisablingBackButtonCache/DisableBackButtonCacheMiddleware->handle(Object(Illuminate/Http/Request), Object(Closure))
#39 C:/xampp/htdocs/hp/vendor/laravel/framework/src/Illuminate/Foundation/Http/Middleware/TransformsRequest.php(21): Illuminate/Pipeline/Pipeline->Illuminate/Pipeline/{closure}(Object(Illuminate/Http/Request))
#40 C:/xampp/htdocs/hp/vendor/laravel/framework/src/Illuminate/Foundation/Http/Middleware/ConvertEmptyStringsToNull.php(31): Illuminate/Foundation/Http/Middleware/TransformsRequest->handle(Object(Illuminate/Http/Request), Object(Closure))
#41 C:/xampp/htdocs/hp/vendor/laravel/framework/src/Illuminate/Pipeline/Pipeline.php(209): Illuminate/Foundation/Http/Middleware/ConvertEmptyStringsToNull->handle(Object(Illuminate/Http/Request), Object(Closure))
#42 C:/xampp/htdocs/hp/vendor/laravel/framework/src/Illuminate/Foundation/Http/Middleware/TransformsRequest.php(21): Illuminate/Pipeline/Pipeline->Illuminate/Pipeline/{closure}(Object(Illuminate/Http/Request))
#43 C:/xampp/htdocs/hp/vendor/laravel/framework/src/Illuminate/Foundation/Http/Middleware/TrimStrings.php(51): Illuminate/Foundation/Http/Middleware/TransformsRequest->handle(Object(Illuminate/Http/Request), Object(Closure))
#44 C:/xampp/htdocs/hp/vendor/laravel/framework/src/Illuminate/Pipeline/Pipeline.php(209): Illuminate/Foundation/Http/Middleware/TrimStrings->handle(Object(Illuminate/Http/Request), Object(Closure))
#45 C:/xampp/htdocs/hp/vendor/laravel/framework/src/Illuminate/Http/Middleware/ValidatePostSize.php(27): Illuminate/Pipeline/Pipeline->Illuminate/Pipeline/{closure}(Object(Illuminate/Http/Request))
#46 C:/xampp/htdocs/hp/vendor/laravel/framework/src/Illuminate/Pipeline/Pipeline.php(209): Illuminate/Http/Middleware/ValidatePostSize->handle(Object(Illuminate/Http/Request), Object(Closure))
#47 C:/xampp/htdocs/hp/vendor/laravel/framework/src/Illuminate/Foundation/Http/Middleware/PreventRequestsDuringMaintenance.php(110): Illuminate/Pipeline/Pipeline->Illuminate/Pipeline/{closure}(Object(Illuminate/Http/Request))
#48 C:/xampp/htdocs/hp/vendor/laravel/framework/src/Illuminate/Pipeline/Pipeline.php(209): Illuminate/Foundation/Http/Middleware/PreventRequestsDuringMaintenance->handle(Object(Illuminate/Http/Request), Object(Closure))
#49 C:/xampp/htdocs/hp/vendor/laravel/framework/src/Illuminate/Http/Middleware/HandleCors.php(49): Illuminate/Pipeline/Pipeline->Illuminate/Pipeline/{closure}(Object(Illuminate/Http/Request))
#50 C:/xampp/htdocs/hp/vendor/laravel/framework/src/Illuminate/Pipeline/Pipeline.php(209): Illuminate/Http/Middleware/HandleCors->handle(Object(Illuminate/Http/Request), Object(Closure))
#51 C:/xampp/htdocs/hp/vendor/laravel/framework/src/Illuminate/Http/Middleware/TrustProxies.php(58): Illuminate/Pipeline/Pipeline->Illuminate/Pipeline/{closure}(Object(Illuminate/Http/Request))
#52 C:/xampp/htdocs/hp/vendor/laravel/framework/src/Illuminate/Pipeline/Pipeline.php(209): Illuminate/Http/Middleware/TrustProxies->handle(Object(Illuminate/Http/Request), Object(Closure))
#53 C:/xampp/htdocs/hp/vendor/laravel/framework/src/Illuminate/Foundation/Http/Middleware/InvokeDeferredCallbacks.php(22): Illuminate/Pipeline/Pipeline->Illuminate/Pipeline/{closure}(Object(Illuminate/Http/Request))
#54 C:/xampp/htdocs/hp/vendor/laravel/framework/src/Illuminate/Pipeline/Pipeline.php(209): Illuminate/Foundation/Http/Middleware/InvokeDeferredCallbacks->handle(Object(Illuminate/Http/Request), Object(Closure))
#55 C:/xampp/htdocs/hp/vendor/laravel/framework/src/Illuminate/Pipeline/Pipeline.php(127): Illuminate/Pipeline/Pipeline->Illuminate/Pipeline/{closure}(Object(Illuminate/Http/Request))
#56 C:/xampp/htdocs/hp/vendor/laravel/framework/src/Illuminate/Foundation/Http/Kernel.php(176): Illuminate/Pipeline/Pipeline->then(Object(Closure))
#57 C:/xampp/htdocs/hp/vendor/laravel/framework/src/Illuminate/Foundation/Http/Kernel.php(145): Illuminate/Foundation/Http/Kernel->sendRequestThroughRouter(Object(Illuminate/Http/Request))
#58 C:/xampp/htdocs/hp/vendor/laravel/framework/src/Illuminate/Foundation/Application.php(1220): Illuminate/Foundation/Http/Kernel->handle(Object(Illuminate/Http/Request))
#59 C:/xampp/htdocs/hp/public/index.php(17): Illuminate/Foundation/Application->handleRequest(Object(Illuminate/Http/Request))
#60 {main}
"} 
[2026-09-30 04:11:32] local.DEBUG: From: Hospital Platform <no-reply@hospitalplatform.test>
To: john@example.com
Subject: Appointment MED-FIP00 =?utf-8?Q?=E2=80=94?= LifeLine Medical Center
MIME-Version: 1.0
Date: Wed, 30 Sep 2026 04:11:32 +0530
Message-ID: <963de6aa4fecef4799b4c6593b8ff370@hospitalplatform.test>
Content-Type: text/html; charset=utf-8
Content-Transfer-Encoding: quoted-printable

<!DOCTYPE html>
<html><body style="font-family:Arial,sans-serif;background:#f4f6f4;padding:24px">
<div style="max-width:520px;margin:auto;background:#fff;border-radius:12px;overflow:hidden">
    <div style="background:#2456E6;color:#fff;padding:20px 28px">
        <h2 style="margin:0">LifeLine Medical Center</h2>
    </div>
    <div style="padding:28px">
        <h3>Hello John Doe,</h3>
        <p>Your appointment has been <strong>confirmed</strong>.</p>
        <table style="width:100%;font-size:14px;border-collapse:collapse">
            <tr><td style="padding:6px 0;color:#666">Reference</td><td><strong>MED-FIP00</strong></td></tr>
            <tr><td style="padding:6px 0;color:#666">Doctor</td><td>Dr. Arturo Kuvalis</td></tr>
            <tr><td style="padding:6px 0;color:#666">Date</td><td>Fri, 02 Oct 2026</td></tr>
            <tr><td style="padding:6px 0;color:#666">Time</td><td>09:00</td></tr>
            <tr><td style="padding:6px 0;color:#666">Token</td><td>#1</td></tr>        </table>
        <p style="color:#666;font-size:13px;margin-top:20px">Please arrive 10 minutes early. For changes call +91 98765 00000.</p>
    </div>
</div>
</body></html>
  
[2026-09-30 04:11:33] local.DEBUG: From: Hospital Platform <no-reply@hospitalplatform.test>
To: lifeline@demo.com
Subject: Appointment MED-FIP00 =?utf-8?Q?=E2=80=94?= LifeLine Medical Center
MIME-Version: 1.0
Date: Wed, 30 Sep 2026 04:11:33 +0530
Message-ID: <18c05c0410e58fadd3c9a5fb298193c1@hospitalplatform.test>
Content-Type: text/html; charset=utf-8
Content-Transfer-Encoding: quoted-printable

<!DOCTYPE html>
<html><body style="font-family:Arial,sans-serif;background:#f4f6f4;padding:24px">
<div style="max-width:520px;margin:auto;background:#fff;border-radius:12px;overflow:hidden">
    <div style="background:#2456E6;color:#fff;padding:20px 28px">
        <h2 style="margin:0">LifeLine Medical Center</h2>
    </div>
    <div style="padding:28px">
        <h3>Hello John Doe,</h3>
        <p>Your appointment has been <strong>confirmed</strong>.</p>
        <table style="width:100%;font-size:14px;border-collapse:collapse">
            <tr><td style="padding:6px 0;color:#666">Reference</td><td><strong>MED-FIP00</strong></td></tr>
            <tr><td style="padding:6px 0;color:#666">Doctor</td><td>Dr. Arturo Kuvalis</td></tr>
            <tr><td style="padding:6px 0;color:#666">Date</td><td>Fri, 02 Oct 2026</td></tr>
            <tr><td style="padding:6px 0;color:#666">Time</td><td>09:00</td></tr>
            <tr><td style="padding:6px 0;color:#666">Token</td><td>#1</td></tr>        </table>
        <p style="color:#666;font-size:13px;margin-top:20px">Please arrive 10 minutes early. For changes call +91 98765 00000.</p>
    </div>
</div>
</body></html>
  
[2026-09-30 04:14:39] local.DEBUG: From: Hospital Platform <no-reply@hospitalplatform.test>
To: john@example.com
Subject: Appointment MED-SE6FA =?utf-8?Q?=E2=80=94?= LifeLine Medical Center
MIME-Version: 1.0
Date: Wed, 30 Sep 2026 04:14:39 +0530
Message-ID: <65f93dd804aaaeee5b8e0e3bab16dfbf@hospitalplatform.test>
Content-Type: text/html; charset=utf-8
Content-Transfer-Encoding: quoted-printable

<!DOCTYPE html>
<html><body style="font-family:Arial,sans-serif;background:#f4f6f4;padding:24px">
<div style="max-width:520px;margin:auto;background:#fff;border-radius:12px;overflow:hidden">
    <div style="background:#2456E6;color:#fff;padding:20px 28px">
        <h2 style="margin:0">LifeLine Medical Center</h2>
    </div>
    <div style="padding:28px">
        <h3>Hello John Doe,</h3>
        <p>Your appointment has been <strong>confirmed</strong>.</p>
        <table style="width:100%;font-size:14px;border-collapse:collapse">
            <tr><td style="padding:6px 0;color:#666">Reference</td><td><strong>MED-SE6FA</strong></td></tr>
            <tr><td style="padding:6px 0;color:#666">Doctor</td><td>Dr. Arturo Kuvalis</td></tr>
            <tr><td style="padding:6px 0;color:#666">Date</td><td>Fri, 02 Oct 2026</td></tr>
            <tr><td style="padding:6px 0;color:#666">Time</td><td>09:15</td></tr>
            <tr><td style="padding:6px 0;color:#666">Token</td><td>#2</td></tr>        </table>
        <p style="color:#666;font-size:13px;margin-top:20px">Please arrive 10 minutes early. For changes call +91 98765 00000.</p>
    </div>
</div>
</body></html>
  
[2026-09-30 04:14:39] local.DEBUG: From: Hospital Platform <no-reply@hospitalplatform.test>
To: lifeline@demo.com
Subject: Appointment MED-SE6FA =?utf-8?Q?=E2=80=94?= LifeLine Medical Center
MIME-Version: 1.0
Date: Wed, 30 Sep 2026 04:14:39 +0530
Message-ID: <4f07f4f2d5d02a8f20d48c7727f5f877@hospitalplatform.test>
Content-Type: text/html; charset=utf-8
Content-Transfer-Encoding: quoted-printable

<!DOCTYPE html>
<html><body style="font-family:Arial,sans-serif;background:#f4f6f4;padding:24px">
<div style="max-width:520px;margin:auto;background:#fff;border-radius:12px;overflow:hidden">
    <div style="background:#2456E6;color:#fff;padding:20px 28px">
        <h2 style="margin:0">LifeLine Medical Center</h2>
    </div>
    <div style="padding:28px">
        <h3>Hello John Doe,</h3>
        <p>Your appointment has been <strong>confirmed</strong>.</p>
        <table style="width:100%;font-size:14px;border-collapse:collapse">
            <tr><td style="padding:6px 0;color:#666">Reference</td><td><strong>MED-SE6FA</strong></td></tr>
            <tr><td style="padding:6px 0;color:#666">Doctor</td><td>Dr. Arturo Kuvalis</td></tr>
            <tr><td style="padding:6px 0;color:#666">Date</td><td>Fri, 02 Oct 2026</td></tr>
            <tr><td style="padding:6px 0;color:#666">Time</td><td>09:15</td></tr>
            <tr><td style="padding:6px 0;color:#666">Token</td><td>#2</td></tr>        </table>
        <p style="color:#666;font-size:13px;margin-top:20px">Please arrive 10 minutes early. For changes call +91 98765 00000.</p>
    </div>
</div>
</body></html>
  
[2026-09-30 11:41:42] local.ERROR: Maximum execution time of 60 seconds exceeded {"exception":"[object] (Symfony\\Component\\ErrorHandler\\Error\\FatalError(code: 0): Maximum execution time of 60 seconds exceeded at C:/xampp/htdocs/hp/vendor/composer/ClassLoader.php:429)
[stacktrace]
#0 {main}
"} 
[2026-09-30 11:48:52] local.ERROR: App\Filament\Pages\HospitalSettings::hospital(): Return value must be of type App\Models\Hospital, null returned {"userId":1,"exception":"[object] (TypeError(code: 0): App\\Filament\\Pages\\HospitalSettings::hospital(): Return value must be of type App\\Models\\Hospital, null returned at C:/xampp/htdocs/hp/app/Filament/Pages/HospitalSettings.php:36)
[stacktrace]
#0 C:/xampp/htdocs/hp/app/Filament/Pages/HospitalSettings.php(31): App/Filament/Pages/HospitalSettings->hospital()
#1 C:/xampp/htdocs/hp/vendor/laravel/framework/src/Illuminate/Container/BoundMethod.php(36): App/Filament/Pages/HospitalSettings->mount()
#2 C:/xampp/htdocs/hp/vendor/laravel/framework/src/Illuminate/Container/Util.php(43): Illuminate/Container/BoundMethod::Illuminate/Container/{closure}()
#3 C:/xampp/htdocs/hp/vendor/laravel/framework/src/Illuminate/Container/BoundMethod.php(95): Illuminate/Container/Util::unwrapIfClosure(Object(Closure))
#4 C:/xampp/htdocs/hp/vendor/laravel/framework/src/Illuminate/Container/BoundMethod.php(35): Illuminate/Container/BoundMethod::callBoundMethod(Object(Illuminate/Foundation/Application), Array, Object(Closure))
#5 C:/xampp/htdocs/hp/vendor/livewire/livewire/src/Wrapped.php(23): Illuminate/Container/BoundMethod::call(Object(Illuminate/Foundation/Application), Array, Array)
#6 C:/xampp/htdocs/hp/vendor/livewire/livewire/src/Features/SupportLifecycleHooks/SupportLifecycleHooks.php(134): Livewire/Wrapped->__call('mount', Array)
#7 C:/xampp/htdocs/hp/vendor/livewire/livewire/src/Features/SupportLifecycleHooks/SupportLifecycleHooks.php(20): Livewire/Features/SupportLifecycleHooks/SupportLifecycleHooks->callHook('mount', Array)
#8 C:/xampp/htdocs/hp/vendor/livewire/livewire/src/ComponentHook.php(19): Livewire/Features/SupportLifecycleHooks/SupportLifecycleHooks->mount(Array, false)
#9 C:/xampp/htdocs/hp/vendor/livewire/livewire/src/ComponentHookRegistry.php(45): Livewire/ComponentHook->callMount(Array, false)
#10 C:/xampp/htdocs/hp/vendor/livewire/livewire/src/EventBus.php(60): Livewire/ComponentHookRegistry::Livewire/{closure}(Object(App/Filament/Pages/HospitalSettings), Array, NULL, false)
#11 C:/xampp/htdocs/hp/vendor/livewire/livewire/src/helpers.php(98): Livewire/EventBus->trigger('mount', Object(App/Filament/Pages/HospitalSettings), Array, NULL, false)
#12 C:/xampp/htdocs/hp/vendor/livewire/livewire/src/Mechanisms/HandleComponents/HandleComponents.php(50): Livewire/trigger('mount', Object(App/Filament/Pages/HospitalSettings), Array, NULL, false)
#13 C:/xampp/htdocs/hp/vendor/livewire/livewire/src/LivewireManager.php(73): Livewire/Mechanisms/HandleComponents/HandleComponents->mount('App//Filament//Pa...', Array, NULL)
#14 C:/xampp/htdocs/hp/vendor/livewire/livewire/src/Features/SupportPageComponents/HandlesPageComponents.php(17): Livewire/LivewireManager->mount('App//Filament//Pa...', Array)
#15 C:/xampp/htdocs/hp/vendor/livewire/livewire/src/Features/SupportPageComponents/SupportPageComponents.php(117): Livewire/Component->Livewire/Features/SupportPageComponents/{closure}()
#16 C:/xampp/htdocs/hp/vendor/livewire/livewire/src/Features/SupportPageComponents/HandlesPageComponents.php(14): Livewire/Features/SupportPageComponents/SupportPageComponents::interceptTheRenderOfTheComponentAndRetreiveTheLayoutConfiguration(Object(Closure))
#17 C:/xampp/htdocs/hp/vendor/laravel/framework/src/Illuminate/Routing/ControllerDispatcher.php(47): Livewire/Component->__invoke()
#18 C:/xampp/htdocs/hp/vendor/laravel/framework/src/Illuminate/Routing/Route.php(266): Illuminate/Routing/ControllerDispatcher->dispatch(Object(Illuminate/Routing/Route), Object(App/Filament/Pages/HospitalSettings), '__invoke')
#19 C:/xampp/htdocs/hp/vendor/laravel/framework/src/Illuminate/Routing/Route.php(212): Illuminate/Routing/Route->runController()
#20 C:/xampp/htdocs/hp/vendor/laravel/framework/src/Illuminate/Routing/Router.php(808): Illuminate/Routing/Route->run()
#21 C:/xampp/htdocs/hp/vendor/laravel/framework/src/Illuminate/Pipeline/Pipeline.php(170): Illuminate/Routing/Router->Illuminate/Routing/{closure}(Object(Illuminate/Http/Request))
#22 C:/xampp/htdocs/hp/vendor/filament/filament/src/Http/Middleware/DispatchServingFilamentEvent.php(15): Illuminate/Pipeline/Pipeline->Illuminate/Pipeline/{closure}(Object(Illuminate/Http/Request))
#23 C:/xampp/htdocs/hp/vendor/laravel/framework/src/Illuminate/Pipeline/Pipeline.php(209): Filament/Http/Middleware/DispatchServingFilamentEvent->handle(Object(Illuminate/Http/Request), Object(Closure))
#24 C:/xampp/htdocs/hp/vendor/filament/filament/src/Http/Middleware/DisableBladeIconComponents.php(14): Illuminate/Pipeline/Pipeline->Illuminate/Pipeline/{closure}(Object(Illuminate/Http/Request))
#25 C:/xampp/htdocs/hp/vendor/laravel/framework/src/Illuminate/Pipeline/Pipeline.php(209): Filament/Http/Middleware/DisableBladeIconComponents->handle(Object(Illuminate/Http/Request), Object(Closure))
#26 C:/xampp/htdocs/hp/vendor/laravel/framework/src/Illuminate/Routing/Middleware/SubstituteBindings.php(51): Illuminate/Pipeline/Pipeline->Illuminate/Pipeline/{closure}(Object(Illuminate/Http/Request))
#27 C:/xampp/htdocs/hp/vendor/laravel/framework/src/Illuminate/Pipeline/Pipeline.php(209): Illuminate/Routing/Middleware/SubstituteBindings->handle(Object(Illuminate/Http/Request), Object(Closure))
#28 C:/xampp/htdocs/hp/vendor/laravel/framework/src/Illuminate/Foundation/Http/Middleware/VerifyCsrfToken.php(88): Illuminate/Pipeline/Pipeline->Illuminate/Pipeline/{closure}(Object(Illuminate/Http/Request))
#29 C:/xampp/htdocs/hp/vendor/laravel/framework/src/Illuminate/Pipeline/Pipeline.php(209): Illuminate/Foundation/Http/Middleware/VerifyCsrfToken->handle(Object(Illuminate/Http/Request), Object(Closure))
#30 C:/xampp/htdocs/hp/vendor/laravel/framework/src/Illuminate/Session/Middleware/AuthenticateSession.php(67): Illuminate/Pipeline/Pipeline->Illuminate/Pipeline/{closure}(Object(Illuminate/Http/Request))
#31 C:/xampp/htdocs/hp/vendor/laravel/framework/src/Illuminate/Pipeline/Pipeline.php(209): Illuminate/Session/Middleware/AuthenticateSession->handle(Object(Illuminate/Http/Request), Object(Closure))
#32 C:/xampp/htdocs/hp/vendor/laravel/framework/src/Illuminate/Auth/Middleware/Authenticate.php(64): Illuminate/Pipeline/Pipeline->Illuminate/Pipeline/{closure}(Object(Illuminate/Http/Request))
#33 C:/xampp/htdocs/hp/vendor/laravel/framework/src/Illuminate/Pipeline/Pipeline.php(209): Illuminate/Auth/Middleware/Authenticate->handle(Object(Illuminate/Http/Request), Object(Closure))
#34 C:/xampp/htdocs/hp/vendor/laravel/framework/src/Illuminate/View/Middleware/ShareErrorsFromSession.php(49): Illuminate/Pipeline/Pipeline->Illuminate/Pipeline/{closure}(Object(Illuminate/Http/Request))
#35 C:/xampp/htdocs/hp/vendor/laravel/framework/src/Illuminate/Pipeline/Pipeline.php(209): Illuminate/View/Middleware/ShareErrorsFromSession->handle(Object(Illuminate/Http/Request), Object(Closure))
#36 C:/xampp/htdocs/hp/vendor/laravel/framework/src/Illuminate/Session/Middleware/StartSession.php(121): Illuminate/Pipeline/Pipeline->Illuminate/Pipeline/{closure}(Object(Illuminate/Http/Request))
#37 C:/xampp/htdocs/hp/vendor/laravel/framework/src/Illuminate/Session/Middleware/StartSession.php(64): Illuminate/Session/Middleware/StartSession->handleStatefulRequest(Object(Illuminate/Http/Request), Object(Illuminate/Session/Store), Object(Closure))
#38 C:/xampp/htdocs/hp/vendor/laravel/framework/src/Illuminate/Pipeline/Pipeline.php(209): Illuminate/Session/Middleware/StartSession->handle(Object(Illuminate/Http/Request), Object(Closure))
#39 C:/xampp/htdocs/hp/vendor/laravel/framework/src/Illuminate/Cookie/Middleware/AddQueuedCookiesToResponse.php(37): Illuminate/Pipeline/Pipeline->Illuminate/Pipeline/{closure}(Object(Illuminate/Http/Request))
#40 C:/xampp/htdocs/hp/vendor/laravel/framework/src/Illuminate/Pipeline/Pipeline.php(209): Illuminate/Cookie/Middleware/AddQueuedCookiesToResponse->handle(Object(Illuminate/Http/Request), Object(Closure))
#41 C:/xampp/htdocs/hp/vendor/laravel/framework/src/Illuminate/Cookie/Middleware/EncryptCookies.php(75): Illuminate/Pipeline/Pipeline->Illuminate/Pipeline/{closure}(Object(Illuminate/Http/Request))
#42 C:/xampp/htdocs/hp/vendor/laravel/framework/src/Illuminate/Pipeline/Pipeline.php(209): Illuminate/Cookie/Middleware/EncryptCookies->handle(Object(Illuminate/Http/Request), Object(Closure))
#43 C:/xampp/htdocs/hp/vendor/filament/filament/src/Http/Middleware/SetUpPanel.php(19): Illuminate/Pipeline/Pipeline->Illuminate/Pipeline/{closure}(Object(Illuminate/Http/Request))
#44 C:/xampp/htdocs/hp/vendor/laravel/framework/src/Illuminate/Pipeline/Pipeline.php(209): Filament/Http/Middleware/SetUpPanel->handle(Object(Illuminate/Http/Request), Object(Closure), Object(Filament/Panel))
#45 C:/xampp/htdocs/hp/vendor/laravel/framework/src/Illuminate/Pipeline/Pipeline.php(127): Illuminate/Pipeline/Pipeline->Illuminate/Pipeline/{closure}(Object(Illuminate/Http/Request))
#46 C:/xampp/htdocs/hp/vendor/laravel/framework/src/Illuminate/Routing/Router.php(807): Illuminate/Pipeline/Pipeline->then(Object(Closure))
#47 C:/xampp/htdocs/hp/vendor/laravel/framework/src/Illuminate/Routing/Router.php(786): Illuminate/Routing/Router->runRouteWithinStack(Object(Illuminate/Routing/Route), Object(Illuminate/Http/Request))
#48 C:/xampp/htdocs/hp/vendor/laravel/framework/src/Illuminate/Routing/Router.php(750): Illuminate/Routing/Router->runRoute(Object(Illuminate/Http/Request), Object(Illuminate/Routing/Route))
#49 C:/xampp/htdocs/hp/vendor/laravel/framework/src/Illuminate/Routing/Router.php(739): Illuminate/Routing/Router->dispatchToRoute(Object(Illuminate/Http/Request))
#50 C:/xampp/htdocs/hp/vendor/laravel/framework/src/Illuminate/Foundation/Http/Kernel.php(201): Illuminate/Routing/Router->dispatch(Object(Illuminate/Http/Request))
#51 C:/xampp/htdocs/hp/vendor/laravel/framework/src/Illuminate/Pipeline/Pipeline.php(170): Illuminate/Foundation/Http/Kernel->Illuminate/Foundation/Http/{closure}(Object(Illuminate/Http/Request))
#52 C:/xampp/htdocs/hp/vendor/livewire/livewire/src/Features/SupportDisablingBackButtonCache/DisableBackButtonCacheMiddleware.php(19): Illuminate/Pipeline/Pipeline->Illuminate/Pipeline/{closure}(Object(Illuminate/Http/Request))
#53 C:/xampp/htdocs/hp/vendor/laravel/framework/src/Illuminate/Pipeline/Pipeline.php(209): Livewire/Features/SupportDisablingBackButtonCache/DisableBackButtonCacheMiddleware->handle(Object(Illuminate/Http/Request), Object(Closure))
#54 C:/xampp/htdocs/hp/vendor/laravel/framework/src/Illuminate/Foundation/Http/Middleware/TransformsRequest.php(21): Illuminate/Pipeline/Pipeline->Illuminate/Pipeline/{closure}(Object(Illuminate/Http/Request))
#55 C:/xampp/htdocs/hp/vendor/laravel/framework/src/Illuminate/Foundation/Http/Middleware/ConvertEmptyStringsToNull.php(31): Illuminate/Foundation/Http/Middleware/TransformsRequest->handle(Object(Illuminate/Http/Request), Object(Closure))
#56 C:/xampp/htdocs/hp/vendor/laravel/framework/src/Illuminate/Pipeline/Pipeline.php(209): Illuminate/Foundation/Http/Middleware/ConvertEmptyStringsToNull->handle(Object(Illuminate/Http/Request), Object(Closure))
#57 C:/xampp/htdocs/hp/vendor/laravel/framework/src/Illuminate/Foundation/Http/Middleware/TransformsRequest.php(21): Illuminate/Pipeline/Pipeline->Illuminate/Pipeline/{closure}(Object(Illuminate/Http/Request))
#58 C:/xampp/htdocs/hp/vendor/laravel/framework/src/Illuminate/Foundation/Http/Middleware/TrimStrings.php(51): Illuminate/Foundation/Http/Middleware/TransformsRequest->handle(Object(Illuminate/Http/Request), Object(Closure))
#59 C:/xampp/htdocs/hp/vendor/laravel/framework/src/Illuminate/Pipeline/Pipeline.php(209): Illuminate/Foundation/Http/Middleware/TrimStrings->handle(Object(Illuminate/Http/Request), Object(Closure))
#60 C:/xampp/htdocs/hp/vendor/laravel/framework/src/Illuminate/Http/Middleware/ValidatePostSize.php(27): Illuminate/Pipeline/Pipeline->Illuminate/Pipeline/{closure}(Object(Illuminate/Http/Request))
#61 C:/xampp/htdocs/hp/vendor/laravel/framework/src/Illuminate/Pipeline/Pipeline.php(209): Illuminate/Http/Middleware/ValidatePostSize->handle(Object(Illuminate/Http/Request), Object(Closure))
#62 C:/xampp/htdocs/hp/vendor/laravel/framework/src/Illuminate/Foundation/Http/Middleware/PreventRequestsDuringMaintenance.php(110): Illuminate/Pipeline/Pipeline->Illuminate/Pipeline/{closure}(Object(Illuminate/Http/Request))
#63 C:/xampp/htdocs/hp/vendor/laravel/framework/src/Illuminate/Pipeline/Pipeline.php(209): Illuminate/Foundation/Http/Middleware/PreventRequestsDuringMaintenance->handle(Object(Illuminate/Http/Request), Object(Closure))
#64 C:/xampp/htdocs/hp/vendor/laravel/framework/src/Illuminate/Http/Middleware/HandleCors.php(49): Illuminate/Pipeline/Pipeline->Illuminate/Pipeline/{closure}(Object(Illuminate/Http/Request))
#65 C:/xampp/htdocs/hp/vendor/laravel/framework/src/Illuminate/Pipeline/Pipeline.php(209): Illuminate/Http/Middleware/HandleCors->handle(Object(Illuminate/Http/Request), Object(Closure))
#66 C:/xampp/htdocs/hp/vendor/laravel/framework/src/Illuminate/Http/Middleware/TrustProxies.php(58): Illuminate/Pipeline/Pipeline->Illuminate/Pipeline/{closure}(Object(Illuminate/Http/Request))
#67 C:/xampp/htdocs/hp/vendor/laravel/framework/src/Illuminate/Pipeline/Pipeline.php(209): Illuminate/Http/Middleware/TrustProxies->handle(Object(Illuminate/Http/Request), Object(Closure))
#68 C:/xampp/htdocs/hp/vendor/laravel/framework/src/Illuminate/Foundation/Http/Middleware/InvokeDeferredCallbacks.php(22): Illuminate/Pipeline/Pipeline->Illuminate/Pipeline/{closure}(Object(Illuminate/Http/Request))
#69 C:/xampp/htdocs/hp/vendor/laravel/framework/src/Illuminate/Pipeline/Pipeline.php(209): Illuminate/Foundation/Http/Middleware/InvokeDeferredCallbacks->handle(Object(Illuminate/Http/Request), Object(Closure))
#70 C:/xampp/htdocs/hp/vendor/laravel/framework/src/Illuminate/Pipeline/Pipeline.php(127): Illuminate/Pipeline/Pipeline->Illuminate/Pipeline/{closure}(Object(Illuminate/Http/Request))
#71 C:/xampp/htdocs/hp/vendor/laravel/framework/src/Illuminate/Foundation/Http/Kernel.php(176): Illuminate/Pipeline/Pipeline->then(Object(Closure))
#72 C:/xampp/htdocs/hp/vendor/laravel/framework/src/Illuminate/Foundation/Http/Kernel.php(145): Illuminate/Foundation/Http/Kernel->sendRequestThroughRouter(Object(Illuminate/Http/Request))
#73 C:/xampp/htdocs/hp/vendor/laravel/framework/src/Illuminate/Foundation/Application.php(1220): Illuminate/Foundation/Http/Kernel->handle(Object(Illuminate/Http/Request))
#74 C:/xampp/htdocs/hp/public/index.php(17): Illuminate/Foundation/Application->handleRequest(Object(Illuminate/Http/Request))
#75 C:/xampp/htdocs/hp/vendor/laravel/framework/src/Illuminate/Foundation/resources/server.php(23): require_once('C://xampp//htdocs...')
#76 {main}
"} 
[2026-09-30 11:55:31] local.ERROR: App\Filament\Pages\HospitalSettings::hospital(): Return value must be of type App\Models\Hospital, null returned {"userId":1,"exception":"[object] (TypeError(code: 0): App\\Filament\\Pages\\HospitalSettings::hospital(): Return value must be of type App\\Models\\Hospital, null returned at C:/xampp/htdocs/hp/app/Filament/Pages/HospitalSettings.php:36)
[stacktrace]
#0 C:/xampp/htdocs/hp/app/Filament/Pages/HospitalSettings.php(31): App/Filament/Pages/HospitalSettings->hospital()
#1 C:/xampp/htdocs/hp/vendor/laravel/framework/src/Illuminate/Container/BoundMethod.php(36): App/Filament/Pages/HospitalSettings->mount()
#2 C:/xampp/htdocs/hp/vendor/laravel/framework/src/Illuminate/Container/Util.php(43): Illuminate/Container/BoundMethod::Illuminate/Container/{closure}()
#3 C:/xampp/htdocs/hp/vendor/laravel/framework/src/Illuminate/Container/BoundMethod.php(95): Illuminate/Container/Util::unwrapIfClosure(Object(Closure))
#4 C:/xampp/htdocs/hp/vendor/laravel/framework/src/Illuminate/Container/BoundMethod.php(35): Illuminate/Container/BoundMethod::callBoundMethod(Object(Illuminate/Foundation/Application), Array, Object(Closure))
#5 C:/xampp/htdocs/hp/vendor/livewire/livewire/src/Wrapped.php(23): Illuminate/Container/BoundMethod::call(Object(Illuminate/Foundation/Application), Array, Array)
#6 C:/xampp/htdocs/hp/vendor/livewire/livewire/src/Features/SupportLifecycleHooks/SupportLifecycleHooks.php(134): Livewire/Wrapped->__call('mount', Array)
#7 C:/xampp/htdocs/hp/vendor/livewire/livewire/src/Features/SupportLifecycleHooks/SupportLifecycleHooks.php(20): Livewire/Features/SupportLifecycleHooks/SupportLifecycleHooks->callHook('mount', Array)
#8 C:/xampp/htdocs/hp/vendor/livewire/livewire/src/ComponentHook.php(19): Livewire/Features/SupportLifecycleHooks/SupportLifecycleHooks->mount(Array, false)
#9 C:/xampp/htdocs/hp/vendor/livewire/livewire/src/ComponentHookRegistry.php(45): Livewire/ComponentHook->callMount(Array, false)
#10 C:/xampp/htdocs/hp/vendor/livewire/livewire/src/EventBus.php(60): Livewire/ComponentHookRegistry::Livewire/{closure}(Object(App/Filament/Pages/HospitalSettings), Array, NULL, false)
#11 C:/xampp/htdocs/hp/vendor/livewire/livewire/src/helpers.php(98): Livewire/EventBus->trigger('mount', Object(App/Filament/Pages/HospitalSettings), Array, NULL, false)
#12 C:/xampp/htdocs/hp/vendor/livewire/livewire/src/Mechanisms/HandleComponents/HandleComponents.php(50): Livewire/trigger('mount', Object(App/Filament/Pages/HospitalSettings), Array, NULL, false)
#13 C:/xampp/htdocs/hp/vendor/livewire/livewire/src/LivewireManager.php(73): Livewire/Mechanisms/HandleComponents/HandleComponents->mount('App//Filament//Pa...', Array, NULL)
#14 C:/xampp/htdocs/hp/vendor/livewire/livewire/src/Features/SupportPageComponents/HandlesPageComponents.php(17): Livewire/LivewireManager->mount('App//Filament//Pa...', Array)
#15 C:/xampp/htdocs/hp/vendor/livewire/livewire/src/Features/SupportPageComponents/SupportPageComponents.php(117): Livewire/Component->Livewire/Features/SupportPageComponents/{closure}()
#16 C:/xampp/htdocs/hp/vendor/livewire/livewire/src/Features/SupportPageComponents/HandlesPageComponents.php(14): Livewire/Features/SupportPageComponents/SupportPageComponents::interceptTheRenderOfTheComponentAndRetreiveTheLayoutConfiguration(Object(Closure))
#17 C:/xampp/htdocs/hp/vendor/laravel/framework/src/Illuminate/Routing/ControllerDispatcher.php(47): Livewire/Component->__invoke()
#18 C:/xampp/htdocs/hp/vendor/laravel/framework/src/Illuminate/Routing/Route.php(266): Illuminate/Routing/ControllerDispatcher->dispatch(Object(Illuminate/Routing/Route), Object(App/Filament/Pages/HospitalSettings), '__invoke')
#19 C:/xampp/htdocs/hp/vendor/laravel/framework/src/Illuminate/Routing/Route.php(212): Illuminate/Routing/Route->runController()
#20 C:/xampp/htdocs/hp/vendor/laravel/framework/src/Illuminate/Routing/Router.php(808): Illuminate/Routing/Route->run()
#21 C:/xampp/htdocs/hp/vendor/laravel/framework/src/Illuminate/Pipeline/Pipeline.php(170): Illuminate/Routing/Router->Illuminate/Routing/{closure}(Object(Illuminate/Http/Request))
#22 C:/xampp/htdocs/hp/vendor/filament/filament/src/Http/Middleware/DispatchServingFilamentEvent.php(15): Illuminate/Pipeline/Pipeline->Illuminate/Pipeline/{closure}(Object(Illuminate/Http/Request))
#23 C:/xampp/htdocs/hp/vendor/laravel/framework/src/Illuminate/Pipeline/Pipeline.php(209): Filament/Http/Middleware/DispatchServingFilamentEvent->handle(Object(Illuminate/Http/Request), Object(Closure))
#24 C:/xampp/htdocs/hp/vendor/filament/filament/src/Http/Middleware/DisableBladeIconComponents.php(14): Illuminate/Pipeline/Pipeline->Illuminate/Pipeline/{closure}(Object(Illuminate/Http/Request))
#25 C:/xampp/htdocs/hp/vendor/laravel/framework/src/Illuminate/Pipeline/Pipeline.php(209): Filament/Http/Middleware/DisableBladeIconComponents->handle(Object(Illuminate/Http/Request), Object(Closure))
#26 C:/xampp/htdocs/hp/vendor/laravel/framework/src/Illuminate/Routing/Middleware/SubstituteBindings.php(51): Illuminate/Pipeline/Pipeline->Illuminate/Pipeline/{closure}(Object(Illuminate/Http/Request))
#27 C:/xampp/htdocs/hp/vendor/laravel/framework/src/Illuminate/Pipeline/Pipeline.php(209): Illuminate/Routing/Middleware/SubstituteBindings->handle(Object(Illuminate/Http/Request), Object(Closure))
#28 C:/xampp/htdocs/hp/vendor/laravel/framework/src/Illuminate/Foundation/Http/Middleware/VerifyCsrfToken.php(88): Illuminate/Pipeline/Pipeline->Illuminate/Pipeline/{closure}(Object(Illuminate/Http/Request))
#29 C:/xampp/htdocs/hp/vendor/laravel/framework/src/Illuminate/Pipeline/Pipeline.php(209): Illuminate/Foundation/Http/Middleware/VerifyCsrfToken->handle(Object(Illuminate/Http/Request), Object(Closure))
#30 C:/xampp/htdocs/hp/vendor/laravel/framework/src/Illuminate/Session/Middleware/AuthenticateSession.php(67): Illuminate/Pipeline/Pipeline->Illuminate/Pipeline/{closure}(Object(Illuminate/Http/Request))
#31 C:/xampp/htdocs/hp/vendor/laravel/framework/src/Illuminate/Pipeline/Pipeline.php(209): Illuminate/Session/Middleware/AuthenticateSession->handle(Object(Illuminate/Http/Request), Object(Closure))
#32 C:/xampp/htdocs/hp/vendor/laravel/framework/src/Illuminate/Auth/Middleware/Authenticate.php(64): Illuminate/Pipeline/Pipeline->Illuminate/Pipeline/{closure}(Object(Illuminate/Http/Request))
#33 C:/xampp/htdocs/hp/vendor/laravel/framework/src/Illuminate/Pipeline/Pipeline.php(209): Illuminate/Auth/Middleware/Authenticate->handle(Object(Illuminate/Http/Request), Object(Closure))
#34 C:/xampp/htdocs/hp/vendor/laravel/framework/src/Illuminate/View/Middleware/ShareErrorsFromSession.php(49): Illuminate/Pipeline/Pipeline->Illuminate/Pipeline/{closure}(Object(Illuminate/Http/Request))
#35 C:/xampp/htdocs/hp/vendor/laravel/framework/src/Illuminate/Pipeline/Pipeline.php(209): Illuminate/View/Middleware/ShareErrorsFromSession->handle(Object(Illuminate/Http/Request), Object(Closure))
#36 C:/xampp/htdocs/hp/vendor/laravel/framework/src/Illuminate/Session/Middleware/StartSession.php(121): Illuminate/Pipeline/Pipeline->Illuminate/Pipeline/{closure}(Object(Illuminate/Http/Request))
#37 C:/xampp/htdocs/hp/vendor/laravel/framework/src/Illuminate/Session/Middleware/StartSession.php(64): Illuminate/Session/Middleware/StartSession->handleStatefulRequest(Object(Illuminate/Http/Request), Object(Illuminate/Session/Store), Object(Closure))
#38 C:/xampp/htdocs/hp/vendor/laravel/framework/src/Illuminate/Pipeline/Pipeline.php(209): Illuminate/Session/Middleware/StartSession->handle(Object(Illuminate/Http/Request), Object(Closure))
#39 C:/xampp/htdocs/hp/vendor/laravel/framework/src/Illuminate/Cookie/Middleware/AddQueuedCookiesToResponse.php(37): Illuminate/Pipeline/Pipeline->Illuminate/Pipeline/{closure}(Object(Illuminate/Http/Request))
#40 C:/xampp/htdocs/hp/vendor/laravel/framework/src/Illuminate/Pipeline/Pipeline.php(209): Illuminate/Cookie/Middleware/AddQueuedCookiesToResponse->handle(Object(Illuminate/Http/Request), Object(Closure))
#41 C:/xampp/htdocs/hp/vendor/laravel/framework/src/Illuminate/Cookie/Middleware/EncryptCookies.php(75): Illuminate/Pipeline/Pipeline->Illuminate/Pipeline/{closure}(Object(Illuminate/Http/Request))
#42 C:/xampp/htdocs/hp/vendor/laravel/framework/src/Illuminate/Pipeline/Pipeline.php(209): Illuminate/Cookie/Middleware/EncryptCookies->handle(Object(Illuminate/Http/Request), Object(Closure))
#43 C:/xampp/htdocs/hp/vendor/filament/filament/src/Http/Middleware/SetUpPanel.php(19): Illuminate/Pipeline/Pipeline->Illuminate/Pipeline/{closure}(Object(Illuminate/Http/Request))
#44 C:/xampp/htdocs/hp/vendor/laravel/framework/src/Illuminate/Pipeline/Pipeline.php(209): Filament/Http/Middleware/SetUpPanel->handle(Object(Illuminate/Http/Request), Object(Closure), Object(Filament/Panel))
#45 C:/xampp/htdocs/hp/vendor/laravel/framework/src/Illuminate/Pipeline/Pipeline.php(127): Illuminate/Pipeline/Pipeline->Illuminate/Pipeline/{closure}(Object(Illuminate/Http/Request))
#46 C:/xampp/htdocs/hp/vendor/laravel/framework/src/Illuminate/Routing/Router.php(807): Illuminate/Pipeline/Pipeline->then(Object(Closure))
#47 C:/xampp/htdocs/hp/vendor/laravel/framework/src/Illuminate/Routing/Router.php(786): Illuminate/Routing/Router->runRouteWithinStack(Object(Illuminate/Routing/Route), Object(Illuminate/Http/Request))
#48 C:/xampp/htdocs/hp/vendor/laravel/framework/src/Illuminate/Routing/Router.php(750): Illuminate/Routing/Router->runRoute(Object(Illuminate/Http/Request), Object(Illuminate/Routing/Route))
#49 C:/xampp/htdocs/hp/vendor/laravel/framework/src/Illuminate/Routing/Router.php(739): Illuminate/Routing/Router->dispatchToRoute(Object(Illuminate/Http/Request))
#50 C:/xampp/htdocs/hp/vendor/laravel/framework/src/Illuminate/Foundation/Http/Kernel.php(201): Illuminate/Routing/Router->dispatch(Object(Illuminate/Http/Request))
#51 C:/xampp/htdocs/hp/vendor/laravel/framework/src/Illuminate/Pipeline/Pipeline.php(170): Illuminate/Foundation/Http/Kernel->Illuminate/Foundation/Http/{closure}(Object(Illuminate/Http/Request))
#52 C:/xampp/htdocs/hp/vendor/livewire/livewire/src/Features/SupportDisablingBackButtonCache/DisableBackButtonCacheMiddleware.php(19): Illuminate/Pipeline/Pipeline->Illuminate/Pipeline/{closure}(Object(Illuminate/Http/Request))
#53 C:/xampp/htdocs/hp/vendor/laravel/framework/src/Illuminate/Pipeline/Pipeline.php(209): Livewire/Features/SupportDisablingBackButtonCache/DisableBackButtonCacheMiddleware->handle(Object(Illuminate/Http/Request), Object(Closure))
#54 C:/xampp/htdocs/hp/vendor/laravel/framework/src/Illuminate/Foundation/Http/Middleware/TransformsRequest.php(21): Illuminate/Pipeline/Pipeline->Illuminate/Pipeline/{closure}(Object(Illuminate/Http/Request))
#55 C:/xampp/htdocs/hp/vendor/laravel/framework/src/Illuminate/Foundation/Http/Middleware/ConvertEmptyStringsToNull.php(31): Illuminate/Foundation/Http/Middleware/TransformsRequest->handle(Object(Illuminate/Http/Request), Object(Closure))
#56 C:/xampp/htdocs/hp/vendor/laravel/framework/src/Illuminate/Pipeline/Pipeline.php(209): Illuminate/Foundation/Http/Middleware/ConvertEmptyStringsToNull->handle(Object(Illuminate/Http/Request), Object(Closure))
#57 C:/xampp/htdocs/hp/vendor/laravel/framework/src/Illuminate/Foundation/Http/Middleware/TransformsRequest.php(21): Illuminate/Pipeline/Pipeline->Illuminate/Pipeline/{closure}(Object(Illuminate/Http/Request))
#58 C:/xampp/htdocs/hp/vendor/laravel/framework/src/Illuminate/Foundation/Http/Middleware/TrimStrings.php(51): Illuminate/Foundation/Http/Middleware/TransformsRequest->handle(Object(Illuminate/Http/Request), Object(Closure))
#59 C:/xampp/htdocs/hp/vendor/laravel/framework/src/Illuminate/Pipeline/Pipeline.php(209): Illuminate/Foundation/Http/Middleware/TrimStrings->handle(Object(Illuminate/Http/Request), Object(Closure))
#60 C:/xampp/htdocs/hp/vendor/laravel/framework/src/Illuminate/Http/Middleware/ValidatePostSize.php(27): Illuminate/Pipeline/Pipeline->Illuminate/Pipeline/{closure}(Object(Illuminate/Http/Request))
#61 C:/xampp/htdocs/hp/vendor/laravel/framework/src/Illuminate/Pipeline/Pipeline.php(209): Illuminate/Http/Middleware/ValidatePostSize->handle(Object(Illuminate/Http/Request), Object(Closure))
#62 C:/xampp/htdocs/hp/vendor/laravel/framework/src/Illuminate/Foundation/Http/Middleware/PreventRequestsDuringMaintenance.php(110): Illuminate/Pipeline/Pipeline->Illuminate/Pipeline/{closure}(Object(Illuminate/Http/Request))
#63 C:/xampp/htdocs/hp/vendor/laravel/framework/src/Illuminate/Pipeline/Pipeline.php(209): Illuminate/Foundation/Http/Middleware/PreventRequestsDuringMaintenance->handle(Object(Illuminate/Http/Request), Object(Closure))
#64 C:/xampp/htdocs/hp/vendor/laravel/framework/src/Illuminate/Http/Middleware/HandleCors.php(49): Illuminate/Pipeline/Pipeline->Illuminate/Pipeline/{closure}(Object(Illuminate/Http/Request))
#65 C:/xampp/htdocs/hp/vendor/laravel/framework/src/Illuminate/Pipeline/Pipeline.php(209): Illuminate/Http/Middleware/HandleCors->handle(Object(Illuminate/Http/Request), Object(Closure))
#66 C:/xampp/htdocs/hp/vendor/laravel/framework/src/Illuminate/Http/Middleware/TrustProxies.php(58): Illuminate/Pipeline/Pipeline->Illuminate/Pipeline/{closure}(Object(Illuminate/Http/Request))
#67 C:/xampp/htdocs/hp/vendor/laravel/framework/src/Illuminate/Pipeline/Pipeline.php(209): Illuminate/Http/Middleware/TrustProxies->handle(Object(Illuminate/Http/Request), Object(Closure))
#68 C:/xampp/htdocs/hp/vendor/laravel/framework/src/Illuminate/Foundation/Http/Middleware/InvokeDeferredCallbacks.php(22): Illuminate/Pipeline/Pipeline->Illuminate/Pipeline/{closure}(Object(Illuminate/Http/Request))
#69 C:/xampp/htdocs/hp/vendor/laravel/framework/src/Illuminate/Pipeline/Pipeline.php(209): Illuminate/Foundation/Http/Middleware/InvokeDeferredCallbacks->handle(Object(Illuminate/Http/Request), Object(Closure))
#70 C:/xampp/htdocs/hp/vendor/laravel/framework/src/Illuminate/Pipeline/Pipeline.php(127): Illuminate/Pipeline/Pipeline->Illuminate/Pipeline/{closure}(Object(Illuminate/Http/Request))
#71 C:/xampp/htdocs/hp/vendor/laravel/framework/src/Illuminate/Foundation/Http/Kernel.php(176): Illuminate/Pipeline/Pipeline->then(Object(Closure))
#72 C:/xampp/htdocs/hp/vendor/laravel/framework/src/Illuminate/Foundation/Http/Kernel.php(145): Illuminate/Foundation/Http/Kernel->sendRequestThroughRouter(Object(Illuminate/Http/Request))
#73 C:/xampp/htdocs/hp/vendor/laravel/framework/src/Illuminate/Foundation/Application.php(1220): Illuminate/Foundation/Http/Kernel->handle(Object(Illuminate/Http/Request))
#74 C:/xampp/htdocs/hp/public/index.php(17): Illuminate/Foundation/Application->handleRequest(Object(Illuminate/Http/Request))
#75 C:/xampp/htdocs/hp/vendor/laravel/framework/src/Illuminate/Foundation/resources/server.php(23): require_once('C://xampp//htdocs...')
#76 {main}
"} 
[2026-09-30 11:56:06] local.ERROR: App\Filament\Pages\HospitalSettings::hospital(): Return value must be of type App\Models\Hospital, null returned {"userId":1,"exception":"[object] (TypeError(code: 0): App\\Filament\\Pages\\HospitalSettings::hospital(): Return value must be of type App\\Models\\Hospital, null returned at C:/xampp/htdocs/hp/app/Filament/Pages/HospitalSettings.php:36)
[stacktrace]
#0 C:/xampp/htdocs/hp/app/Filament/Pages/HospitalSettings.php(31): App/Filament/Pages/HospitalSettings->hospital()
#1 C:/xampp/htdocs/hp/vendor/laravel/framework/src/Illuminate/Container/BoundMethod.php(36): App/Filament/Pages/HospitalSettings->mount()
#2 C:/xampp/htdocs/hp/vendor/laravel/framework/src/Illuminate/Container/Util.php(43): Illuminate/Container/BoundMethod::Illuminate/Container/{closure}()
#3 C:/xampp/htdocs/hp/vendor/laravel/framework/src/Illuminate/Container/BoundMethod.php(95): Illuminate/Container/Util::unwrapIfClosure(Object(Closure))
#4 C:/xampp/htdocs/hp/vendor/laravel/framework/src/Illuminate/Container/BoundMethod.php(35): Illuminate/Container/BoundMethod::callBoundMethod(Object(Illuminate/Foundation/Application), Array, Object(Closure))
#5 C:/xampp/htdocs/hp/vendor/livewire/livewire/src/Wrapped.php(23): Illuminate/Container/BoundMethod::call(Object(Illuminate/Foundation/Application), Array, Array)
#6 C:/xampp/htdocs/hp/vendor/livewire/livewire/src/Features/SupportLifecycleHooks/SupportLifecycleHooks.php(134): Livewire/Wrapped->__call('mount', Array)
#7 C:/xampp/htdocs/hp/vendor/livewire/livewire/src/Features/SupportLifecycleHooks/SupportLifecycleHooks.php(20): Livewire/Features/SupportLifecycleHooks/SupportLifecycleHooks->callHook('mount', Array)
#8 C:/xampp/htdocs/hp/vendor/livewire/livewire/src/ComponentHook.php(19): Livewire/Features/SupportLifecycleHooks/SupportLifecycleHooks->mount(Array, false)
#9 C:/xampp/htdocs/hp/vendor/livewire/livewire/src/ComponentHookRegistry.php(45): Livewire/ComponentHook->callMount(Array, false)
#10 C:/xampp/htdocs/hp/vendor/livewire/livewire/src/EventBus.php(60): Livewire/ComponentHookRegistry::Livewire/{closure}(Object(App/Filament/Pages/HospitalSettings), Array, NULL, false)
#11 C:/xampp/htdocs/hp/vendor/livewire/livewire/src/helpers.php(98): Livewire/EventBus->trigger('mount', Object(App/Filament/Pages/HospitalSettings), Array, NULL, false)
#12 C:/xampp/htdocs/hp/vendor/livewire/livewire/src/Mechanisms/HandleComponents/HandleComponents.php(50): Livewire/trigger('mount', Object(App/Filament/Pages/HospitalSettings), Array, NULL, false)
#13 C:/xampp/htdocs/hp/vendor/livewire/livewire/src/LivewireManager.php(73): Livewire/Mechanisms/HandleComponents/HandleComponents->mount('App//Filament//Pa...', Array, NULL)
#14 C:/xampp/htdocs/hp/vendor/livewire/livewire/src/Features/SupportPageComponents/HandlesPageComponents.php(17): Livewire/LivewireManager->mount('App//Filament//Pa...', Array)
#15 C:/xampp/htdocs/hp/vendor/livewire/livewire/src/Features/SupportPageComponents/SupportPageComponents.php(117): Livewire/Component->Livewire/Features/SupportPageComponents/{closure}()
#16 C:/xampp/htdocs/hp/vendor/livewire/livewire/src/Features/SupportPageComponents/HandlesPageComponents.php(14): Livewire/Features/SupportPageComponents/SupportPageComponents::interceptTheRenderOfTheComponentAndRetreiveTheLayoutConfiguration(Object(Closure))
#17 C:/xampp/htdocs/hp/vendor/laravel/framework/src/Illuminate/Routing/ControllerDispatcher.php(47): Livewire/Component->__invoke()
#18 C:/xampp/htdocs/hp/vendor/laravel/framework/src/Illuminate/Routing/Route.php(266): Illuminate/Routing/ControllerDispatcher->dispatch(Object(Illuminate/Routing/Route), Object(App/Filament/Pages/HospitalSettings), '__invoke')
#19 C:/xampp/htdocs/hp/vendor/laravel/framework/src/Illuminate/Routing/Route.php(212): Illuminate/Routing/Route->runController()
#20 C:/xampp/htdocs/hp/vendor/laravel/framework/src/Illuminate/Routing/Router.php(808): Illuminate/Routing/Route->run()
#21 C:/xampp/htdocs/hp/vendor/laravel/framework/src/Illuminate/Pipeline/Pipeline.php(170): Illuminate/Routing/Router->Illuminate/Routing/{closure}(Object(Illuminate/Http/Request))
#22 C:/xampp/htdocs/hp/vendor/filament/filament/src/Http/Middleware/DispatchServingFilamentEvent.php(15): Illuminate/Pipeline/Pipeline->Illuminate/Pipeline/{closure}(Object(Illuminate/Http/Request))
#23 C:/xampp/htdocs/hp/vendor/laravel/framework/src/Illuminate/Pipeline/Pipeline.php(209): Filament/Http/Middleware/DispatchServingFilamentEvent->handle(Object(Illuminate/Http/Request), Object(Closure))
#24 C:/xampp/htdocs/hp/vendor/filament/filament/src/Http/Middleware/DisableBladeIconComponents.php(14): Illuminate/Pipeline/Pipeline->Illuminate/Pipeline/{closure}(Object(Illuminate/Http/Request))
#25 C:/xampp/htdocs/hp/vendor/laravel/framework/src/Illuminate/Pipeline/Pipeline.php(209): Filament/Http/Middleware/DisableBladeIconComponents->handle(Object(Illuminate/Http/Request), Object(Closure))
#26 C:/xampp/htdocs/hp/vendor/laravel/framework/src/Illuminate/Routing/Middleware/SubstituteBindings.php(51): Illuminate/Pipeline/Pipeline->Illuminate/Pipeline/{closure}(Object(Illuminate/Http/Request))
#27 C:/xampp/htdocs/hp/vendor/laravel/framework/src/Illuminate/Pipeline/Pipeline.php(209): Illuminate/Routing/Middleware/SubstituteBindings->handle(Object(Illuminate/Http/Request), Object(Closure))
#28 C:/xampp/htdocs/hp/vendor/laravel/framework/src/Illuminate/Foundation/Http/Middleware/VerifyCsrfToken.php(88): Illuminate/Pipeline/Pipeline->Illuminate/Pipeline/{closure}(Object(Illuminate/Http/Request))
#29 C:/xampp/htdocs/hp/vendor/laravel/framework/src/Illuminate/Pipeline/Pipeline.php(209): Illuminate/Foundation/Http/Middleware/VerifyCsrfToken->handle(Object(Illuminate/Http/Request), Object(Closure))
#30 C:/xampp/htdocs/hp/vendor/laravel/framework/src/Illuminate/Session/Middleware/AuthenticateSession.php(67): Illuminate/Pipeline/Pipeline->Illuminate/Pipeline/{closure}(Object(Illuminate/Http/Request))
#31 C:/xampp/htdocs/hp/vendor/laravel/framework/src/Illuminate/Pipeline/Pipeline.php(209): Illuminate/Session/Middleware/AuthenticateSession->handle(Object(Illuminate/Http/Request), Object(Closure))
#32 C:/xampp/htdocs/hp/vendor/laravel/framework/src/Illuminate/Auth/Middleware/Authenticate.php(64): Illuminate/Pipeline/Pipeline->Illuminate/Pipeline/{closure}(Object(Illuminate/Http/Request))
#33 C:/xampp/htdocs/hp/vendor/laravel/framework/src/Illuminate/Pipeline/Pipeline.php(209): Illuminate/Auth/Middleware/Authenticate->handle(Object(Illuminate/Http/Request), Object(Closure))
#34 C:/xampp/htdocs/hp/vendor/laravel/framework/src/Illuminate/View/Middleware/ShareErrorsFromSession.php(49): Illuminate/Pipeline/Pipeline->Illuminate/Pipeline/{closure}(Object(Illuminate/Http/Request))
#35 C:/xampp/htdocs/hp/vendor/laravel/framework/src/Illuminate/Pipeline/Pipeline.php(209): Illuminate/View/Middleware/ShareErrorsFromSession->handle(Object(Illuminate/Http/Request), Object(Closure))
#36 C:/xampp/htdocs/hp/vendor/laravel/framework/src/Illuminate/Session/Middleware/StartSession.php(121): Illuminate/Pipeline/Pipeline->Illuminate/Pipeline/{closure}(Object(Illuminate/Http/Request))
#37 C:/xampp/htdocs/hp/vendor/laravel/framework/src/Illuminate/Session/Middleware/StartSession.php(64): Illuminate/Session/Middleware/StartSession->handleStatefulRequest(Object(Illuminate/Http/Request), Object(Illuminate/Session/Store), Object(Closure))
#38 C:/xampp/htdocs/hp/vendor/laravel/framework/src/Illuminate/Pipeline/Pipeline.php(209): Illuminate/Session/Middleware/StartSession->handle(Object(Illuminate/Http/Request), Object(Closure))
#39 C:/xampp/htdocs/hp/vendor/laravel/framework/src/Illuminate/Cookie/Middleware/AddQueuedCookiesToResponse.php(37): Illuminate/Pipeline/Pipeline->Illuminate/Pipeline/{closure}(Object(Illuminate/Http/Request))
#40 C:/xampp/htdocs/hp/vendor/laravel/framework/src/Illuminate/Pipeline/Pipeline.php(209): Illuminate/Cookie/Middleware/AddQueuedCookiesToResponse->handle(Object(Illuminate/Http/Request), Object(Closure))
#41 C:/xampp/htdocs/hp/vendor/laravel/framework/src/Illuminate/Cookie/Middleware/EncryptCookies.php(75): Illuminate/Pipeline/Pipeline->Illuminate/Pipeline/{closure}(Object(Illuminate/Http/Request))
#42 C:/xampp/htdocs/hp/vendor/laravel/framework/src/Illuminate/Pipeline/Pipeline.php(209): Illuminate/Cookie/Middleware/EncryptCookies->handle(Object(Illuminate/Http/Request), Object(Closure))
#43 C:/xampp/htdocs/hp/vendor/filament/filament/src/Http/Middleware/SetUpPanel.php(19): Illuminate/Pipeline/Pipeline->Illuminate/Pipeline/{closure}(Object(Illuminate/Http/Request))
#44 C:/xampp/htdocs/hp/vendor/laravel/framework/src/Illuminate/Pipeline/Pipeline.php(209): Filament/Http/Middleware/SetUpPanel->handle(Object(Illuminate/Http/Request), Object(Closure), Object(Filament/Panel))
#45 C:/xampp/htdocs/hp/vendor/laravel/framework/src/Illuminate/Pipeline/Pipeline.php(127): Illuminate/Pipeline/Pipeline->Illuminate/Pipeline/{closure}(Object(Illuminate/Http/Request))
#46 C:/xampp/htdocs/hp/vendor/laravel/framework/src/Illuminate/Routing/Router.php(807): Illuminate/Pipeline/Pipeline->then(Object(Closure))
#47 C:/xampp/htdocs/hp/vendor/laravel/framework/src/Illuminate/Routing/Router.php(786): Illuminate/Routing/Router->runRouteWithinStack(Object(Illuminate/Routing/Route), Object(Illuminate/Http/Request))
#48 C:/xampp/htdocs/hp/vendor/laravel/framework/src/Illuminate/Routing/Router.php(750): Illuminate/Routing/Router->runRoute(Object(Illuminate/Http/Request), Object(Illuminate/Routing/Route))
#49 C:/xampp/htdocs/hp/vendor/laravel/framework/src/Illuminate/Routing/Router.php(739): Illuminate/Routing/Router->dispatchToRoute(Object(Illuminate/Http/Request))
#50 C:/xampp/htdocs/hp/vendor/laravel/framework/src/Illuminate/Foundation/Http/Kernel.php(201): Illuminate/Routing/Router->dispatch(Object(Illuminate/Http/Request))
#51 C:/xampp/htdocs/hp/vendor/laravel/framework/src/Illuminate/Pipeline/Pipeline.php(170): Illuminate/Foundation/Http/Kernel->Illuminate/Foundation/Http/{closure}(Object(Illuminate/Http/Request))
#52 C:/xampp/htdocs/hp/vendor/livewire/livewire/src/Features/SupportDisablingBackButtonCache/DisableBackButtonCacheMiddleware.php(19): Illuminate/Pipeline/Pipeline->Illuminate/Pipeline/{closure}(Object(Illuminate/Http/Request))
#53 C:/xampp/htdocs/hp/vendor/laravel/framework/src/Illuminate/Pipeline/Pipeline.php(209): Livewire/Features/SupportDisablingBackButtonCache/DisableBackButtonCacheMiddleware->handle(Object(Illuminate/Http/Request), Object(Closure))
#54 C:/xampp/htdocs/hp/vendor/laravel/framework/src/Illuminate/Foundation/Http/Middleware/TransformsRequest.php(21): Illuminate/Pipeline/Pipeline->Illuminate/Pipeline/{closure}(Object(Illuminate/Http/Request))
#55 C:/xampp/htdocs/hp/vendor/laravel/framework/src/Illuminate/Foundation/Http/Middleware/ConvertEmptyStringsToNull.php(31): Illuminate/Foundation/Http/Middleware/TransformsRequest->handle(Object(Illuminate/Http/Request), Object(Closure))
#56 C:/xampp/htdocs/hp/vendor/laravel/framework/src/Illuminate/Pipeline/Pipeline.php(209): Illuminate/Foundation/Http/Middleware/ConvertEmptyStringsToNull->handle(Object(Illuminate/Http/Request), Object(Closure))
#57 C:/xampp/htdocs/hp/vendor/laravel/framework/src/Illuminate/Foundation/Http/Middleware/TransformsRequest.php(21): Illuminate/Pipeline/Pipeline->Illuminate/Pipeline/{closure}(Object(Illuminate/Http/Request))
#58 C:/xampp/htdocs/hp/vendor/laravel/framework/src/Illuminate/Foundation/Http/Middleware/TrimStrings.php(51): Illuminate/Foundation/Http/Middleware/TransformsRequest->handle(Object(Illuminate/Http/Request), Object(Closure))
#59 C:/xampp/htdocs/hp/vendor/laravel/framework/src/Illuminate/Pipeline/Pipeline.php(209): Illuminate/Foundation/Http/Middleware/TrimStrings->handle(Object(Illuminate/Http/Request), Object(Closure))
#60 C:/xampp/htdocs/hp/vendor/laravel/framework/src/Illuminate/Http/Middleware/ValidatePostSize.php(27): Illuminate/Pipeline/Pipeline->Illuminate/Pipeline/{closure}(Object(Illuminate/Http/Request))
#61 C:/xampp/htdocs/hp/vendor/laravel/framework/src/Illuminate/Pipeline/Pipeline.php(209): Illuminate/Http/Middleware/ValidatePostSize->handle(Object(Illuminate/Http/Request), Object(Closure))
#62 C:/xampp/htdocs/hp/vendor/laravel/framework/src/Illuminate/Foundation/Http/Middleware/PreventRequestsDuringMaintenance.php(110): Illuminate/Pipeline/Pipeline->Illuminate/Pipeline/{closure}(Object(Illuminate/Http/Request))
#63 C:/xampp/htdocs/hp/vendor/laravel/framework/src/Illuminate/Pipeline/Pipeline.php(209): Illuminate/Foundation/Http/Middleware/PreventRequestsDuringMaintenance->handle(Object(Illuminate/Http/Request), Object(Closure))
#64 C:/xampp/htdocs/hp/vendor/laravel/framework/src/Illuminate/Http/Middleware/HandleCors.php(49): Illuminate/Pipeline/Pipeline->Illuminate/Pipeline/{closure}(Object(Illuminate/Http/Request))
#65 C:/xampp/htdocs/hp/vendor/laravel/framework/src/Illuminate/Pipeline/Pipeline.php(209): Illuminate/Http/Middleware/HandleCors->handle(Object(Illuminate/Http/Request), Object(Closure))
#66 C:/xampp/htdocs/hp/vendor/laravel/framework/src/Illuminate/Http/Middleware/TrustProxies.php(58): Illuminate/Pipeline/Pipeline->Illuminate/Pipeline/{closure}(Object(Illuminate/Http/Request))
#67 C:/xampp/htdocs/hp/vendor/laravel/framework/src/Illuminate/Pipeline/Pipeline.php(209): Illuminate/Http/Middleware/TrustProxies->handle(Object(Illuminate/Http/Request), Object(Closure))
#68 C:/xampp/htdocs/hp/vendor/laravel/framework/src/Illuminate/Foundation/Http/Middleware/InvokeDeferredCallbacks.php(22): Illuminate/Pipeline/Pipeline->Illuminate/Pipeline/{closure}(Object(Illuminate/Http/Request))
#69 C:/xampp/htdocs/hp/vendor/laravel/framework/src/Illuminate/Pipeline/Pipeline.php(209): Illuminate/Foundation/Http/Middleware/InvokeDeferredCallbacks->handle(Object(Illuminate/Http/Request), Object(Closure))
#70 C:/xampp/htdocs/hp/vendor/laravel/framework/src/Illuminate/Pipeline/Pipeline.php(127): Illuminate/Pipeline/Pipeline->Illuminate/Pipeline/{closure}(Object(Illuminate/Http/Request))
#71 C:/xampp/htdocs/hp/vendor/laravel/framework/src/Illuminate/Foundation/Http/Kernel.php(176): Illuminate/Pipeline/Pipeline->then(Object(Closure))
#72 C:/xampp/htdocs/hp/vendor/laravel/framework/src/Illuminate/Foundation/Http/Kernel.php(145): Illuminate/Foundation/Http/Kernel->sendRequestThroughRouter(Object(Illuminate/Http/Request))
#73 C:/xampp/htdocs/hp/vendor/laravel/framework/src/Illuminate/Foundation/Application.php(1220): Illuminate/Foundation/Http/Kernel->handle(Object(Illuminate/Http/Request))
#74 C:/xampp/htdocs/hp/public/index.php(17): Illuminate/Foundation/Application->handleRequest(Object(Illuminate/Http/Request))
#75 C:/xampp/htdocs/hp/vendor/laravel/framework/src/Illuminate/Foundation/resources/server.php(23): require_once('C://xampp//htdocs...')
#76 {main}
"} 
[2026-09-30 11:57:01] local.ERROR: The "intl" PHP extension is required to use the [format] method. (View: C:\xampp\htdocs\hp\vendor\filament\support\resources\views\components\pagination\index.blade.php) (View: C:\xampp\htdocs\hp\vendor\filament\support\resources\views\components\pagination\index.blade.php) (View: C:\xampp\htdocs\hp\vendor\filament\support\resources\views\components\pagination\index.blade.php) {"userId":1,"exception":"[object] (Illuminate\\View\\ViewException(code: 0): The \"intl\" PHP extension is required to use the [format] method. (View: C:\\xampp\\htdocs\\hp\\vendor\\filament\\support\\resources\\views\\components\\pagination\\index.blade.php) (View: C:\\xampp\\htdocs\\hp\\vendor\\filament\\support\\resources\\views\\components\\pagination\\index.blade.php) (View: C:\\xampp\\htdocs\\hp\\vendor\\filament\\support\\resources\\views\\components\\pagination\\index.blade.php) at C:/xampp/htdocs/hp/vendor/laravel/framework/src/Illuminate/Support/Number.php:385)
[stacktrace]
#0 C:/xampp/htdocs/hp/vendor/livewire/livewire/src/Mechanisms/ExtendBlade/ExtendedCompilerEngine.php(58): Illuminate/View/Engines/CompilerEngine->handleViewException(Object(Illuminate/View/ViewException), 1)
#1 C:/xampp/htdocs/hp/vendor/livewire/livewire/src/Mechanisms/ExtendBlade/ExtendedCompilerEngine.php(40): Livewire/Mechanisms/ExtendBlade/ExtendedCompilerEngine->handleViewException(Object(Illuminate/View/ViewException), 1)
#2 C:/xampp/htdocs/hp/vendor/laravel/framework/src/Illuminate/View/Engines/CompilerEngine.php(75): Livewire/Mechanisms/ExtendBlade/ExtendedCompilerEngine->evaluatePath('C://xampp//htdocs...', Array)
#3 C:/xampp/htdocs/hp/vendor/livewire/livewire/src/Mechanisms/ExtendBlade/ExtendedCompilerEngine.php(16): Illuminate/View/Engines/CompilerEngine->get('C://xampp//htdocs...', Array)
#4 C:/xampp/htdocs/hp/vendor/laravel/framework/src/Illuminate/View/View.php(209): Livewire/Mechanisms/ExtendBlade/ExtendedCompilerEngine->get('C://xampp//htdocs...', Array)
#5 C:/xampp/htdocs/hp/vendor/laravel/framework/src/Illuminate/View/View.php(192): Illuminate/View/View->getContents()
#6 C:/xampp/htdocs/hp/vendor/laravel/framework/src/Illuminate/View/View.php(161): Illuminate/View/View->renderContents()
#7 C:/xampp/htdocs/hp/vendor/livewire/livewire/src/Mechanisms/HandleComponents/HandleComponents.php(288): Illuminate/View/View->render(Object(Closure))
#8 C:/xampp/htdocs/hp/vendor/livewire/livewire/src/Mechanisms/HandleComponents/HandleComponents.php(332): Livewire/Mechanisms/HandleComponents/HandleComponents->Livewire/Mechanisms/HandleComponents/{closure}()
#9 C:/xampp/htdocs/hp/vendor/livewire/livewire/src/Mechanisms/HandleComponents/HandleComponents.php(280): Livewire/Mechanisms/HandleComponents/HandleComponents->trackInRenderStack(Object(App/Filament/Resources/AppointmentResource/Pages/ListAppointments), Object(Closure))
#10 C:/xampp/htdocs/hp/vendor/livewire/livewire/src/Mechanisms/HandleComponents/HandleComponents.php(54): Livewire/Mechanisms/HandleComponents/HandleComponents->render(Object(App/Filament/Resources/AppointmentResource/Pages/ListAppointments), '<div></div>')
#11 C:/xampp/htdocs/hp/vendor/livewire/livewire/src/LivewireManager.php(73): Livewire/Mechanisms/HandleComponents/HandleComponents->mount('App//Filament//Re...', Array, NULL)
#12 C:/xampp/htdocs/hp/vendor/livewire/livewire/src/Features/SupportPageComponents/HandlesPageComponents.php(17): Livewire/LivewireManager->mount('App//Filament//Re...', Array)
#13 C:/xampp/htdocs/hp/vendor/livewire/livewire/src/Features/SupportPageComponents/SupportPageComponents.php(117): Livewire/Component->Livewire/Features/SupportPageComponents/{closure}()
#14 C:/xampp/htdocs/hp/vendor/livewire/livewire/src/Features/SupportPageComponents/HandlesPageComponents.php(14): Livewire/Features/SupportPageComponents/SupportPageComponents::interceptTheRenderOfTheComponentAndRetreiveTheLayoutConfiguration(Object(Closure))
#15 C:/xampp/htdocs/hp/vendor/laravel/framework/src/Illuminate/Routing/ControllerDispatcher.php(47): Livewire/Component->__invoke()
#16 C:/xampp/htdocs/hp/vendor/laravel/framework/src/Illuminate/Routing/Route.php(266): Illuminate/Routing/ControllerDispatcher->dispatch(Object(Illuminate/Routing/Route), Object(App/Filament/Resources/AppointmentResource/Pages/ListAppointments), '__invoke')
#17 C:/xampp/htdocs/hp/vendor/laravel/framework/src/Illuminate/Routing/Route.php(212): Illuminate/Routing/Route->runController()
#18 C:/xampp/htdocs/hp/vendor/laravel/framework/src/Illuminate/Routing/Router.php(808): Illuminate/Routing/Route->run()
#19 C:/xampp/htdocs/hp/vendor/laravel/framework/src/Illuminate/Pipeline/Pipeline.php(170): Illuminate/Routing/Router->Illuminate/Routing/{closure}(Object(Illuminate/Http/Request))
#20 C:/xampp/htdocs/hp/vendor/filament/filament/src/Http/Middleware/DispatchServingFilamentEvent.php(15): Illuminate/Pipeline/Pipeline->Illuminate/Pipeline/{closure}(Object(Illuminate/Http/Request))
#21 C:/xampp/htdocs/hp/vendor/laravel/framework/src/Illuminate/Pipeline/Pipeline.php(209): Filament/Http/Middleware/DispatchServingFilamentEvent->handle(Object(Illuminate/Http/Request), Object(Closure))
#22 C:/xampp/htdocs/hp/vendor/filament/filament/src/Http/Middleware/DisableBladeIconComponents.php(14): Illuminate/Pipeline/Pipeline->Illuminate/Pipeline/{closure}(Object(Illuminate/Http/Request))
#23 C:/xampp/htdocs/hp/vendor/laravel/framework/src/Illuminate/Pipeline/Pipeline.php(209): Filament/Http/Middleware/DisableBladeIconComponents->handle(Object(Illuminate/Http/Request), Object(Closure))
#24 C:/xampp/htdocs/hp/vendor/laravel/framework/src/Illuminate/Routing/Middleware/SubstituteBindings.php(51): Illuminate/Pipeline/Pipeline->Illuminate/Pipeline/{closure}(Object(Illuminate/Http/Request))
#25 C:/xampp/htdocs/hp/vendor/laravel/framework/src/Illuminate/Pipeline/Pipeline.php(209): Illuminate/Routing/Middleware/SubstituteBindings->handle(Object(Illuminate/Http/Request), Object(Closure))
#26 C:/xampp/htdocs/hp/vendor/laravel/framework/src/Illuminate/Foundation/Http/Middleware/VerifyCsrfToken.php(88): Illuminate/Pipeline/Pipeline->Illuminate/Pipeline/{closure}(Object(Illuminate/Http/Request))
#27 C:/xampp/htdocs/hp/vendor/laravel/framework/src/Illuminate/Pipeline/Pipeline.php(209): Illuminate/Foundation/Http/Middleware/VerifyCsrfToken->handle(Object(Illuminate/Http/Request), Object(Closure))
#28 C:/xampp/htdocs/hp/vendor/laravel/framework/src/Illuminate/Session/Middleware/AuthenticateSession.php(67): Illuminate/Pipeline/Pipeline->Illuminate/Pipeline/{closure}(Object(Illuminate/Http/Request))
#29 C:/xampp/htdocs/hp/vendor/laravel/framework/src/Illuminate/Pipeline/Pipeline.php(209): Illuminate/Session/Middleware/AuthenticateSession->handle(Object(Illuminate/Http/Request), Object(Closure))
#30 C:/xampp/htdocs/hp/vendor/laravel/framework/src/Illuminate/Auth/Middleware/Authenticate.php(64): Illuminate/Pipeline/Pipeline->Illuminate/Pipeline/{closure}(Object(Illuminate/Http/Request))
#31 C:/xampp/htdocs/hp/vendor/laravel/framework/src/Illuminate/Pipeline/Pipeline.php(209): Illuminate/Auth/Middleware/Authenticate->handle(Object(Illuminate/Http/Request), Object(Closure))
#32 C:/xampp/htdocs/hp/vendor/laravel/framework/src/Illuminate/View/Middleware/ShareErrorsFromSession.php(49): Illuminate/Pipeline/Pipeline->Illuminate/Pipeline/{closure}(Object(Illuminate/Http/Request))
#33 C:/xampp/htdocs/hp/vendor/laravel/framework/src/Illuminate/Pipeline/Pipeline.php(209): Illuminate/View/Middleware/ShareErrorsFromSession->handle(Object(Illuminate/Http/Request), Object(Closure))
#34 C:/xampp/htdocs/hp/vendor/laravel/framework/src/Illuminate/Session/Middleware/StartSession.php(121): Illuminate/Pipeline/Pipeline->Illuminate/Pipeline/{closure}(Object(Illuminate/Http/Request))
#35 C:/xampp/htdocs/hp/vendor/laravel/framework/src/Illuminate/Session/Middleware/StartSession.php(64): Illuminate/Session/Middleware/StartSession->handleStatefulRequest(Object(Illuminate/Http/Request), Object(Illuminate/Session/Store), Object(Closure))
#36 C:/xampp/htdocs/hp/vendor/laravel/framework/src/Illuminate/Pipeline/Pipeline.php(209): Illuminate/Session/Middleware/StartSession->handle(Object(Illuminate/Http/Request), Object(Closure))
#37 C:/xampp/htdocs/hp/vendor/laravel/framework/src/Illuminate/Cookie/Middleware/AddQueuedCookiesToResponse.php(37): Illuminate/Pipeline/Pipeline->Illuminate/Pipeline/{closure}(Object(Illuminate/Http/Request))
#38 C:/xampp/htdocs/hp/vendor/laravel/framework/src/Illuminate/Pipeline/Pipeline.php(209): Illuminate/Cookie/Middleware/AddQueuedCookiesToResponse->handle(Object(Illuminate/Http/Request), Object(Closure))
#39 C:/xampp/htdocs/hp/vendor/laravel/framework/src/Illuminate/Cookie/Middleware/EncryptCookies.php(75): Illuminate/Pipeline/Pipeline->Illuminate/Pipeline/{closure}(Object(Illuminate/Http/Request))
#40 C:/xampp/htdocs/hp/vendor/laravel/framework/src/Illuminate/Pipeline/Pipeline.php(209): Illuminate/Cookie/Middleware/EncryptCookies->handle(Object(Illuminate/Http/Request), Object(Closure))
#41 C:/xampp/htdocs/hp/vendor/filament/filament/src/Http/Middleware/SetUpPanel.php(19): Illuminate/Pipeline/Pipeline->Illuminate/Pipeline/{closure}(Object(Illuminate/Http/Request))
#42 C:/xampp/htdocs/hp/vendor/laravel/framework/src/Illuminate/Pipeline/Pipeline.php(209): Filament/Http/Middleware/SetUpPanel->handle(Object(Illuminate/Http/Request), Object(Closure), Object(Filament/Panel))
#43 C:/xampp/htdocs/hp/vendor/laravel/framework/src/Illuminate/Pipeline/Pipeline.php(127): Illuminate/Pipeline/Pipeline->Illuminate/Pipeline/{closure}(Object(Illuminate/Http/Request))
#44 C:/xampp/htdocs/hp/vendor/laravel/framework/src/Illuminate/Routing/Router.php(807): Illuminate/Pipeline/Pipeline->then(Object(Closure))
#45 C:/xampp/htdocs/hp/vendor/laravel/framework/src/Illuminate/Routing/Router.php(786): Illuminate/Routing/Router->runRouteWithinStack(Object(Illuminate/Routing/Route), Object(Illuminate/Http/Request))
#46 C:/xampp/htdocs/hp/vendor/laravel/framework/src/Illuminate/Routing/Router.php(750): Illuminate/Routing/Router->runRoute(Object(Illuminate/Http/Request), Object(Illuminate/Routing/Route))
#47 C:/xampp/htdocs/hp/vendor/laravel/framework/src/Illuminate/Routing/Router.php(739): Illuminate/Routing/Router->dispatchToRoute(Object(Illuminate/Http/Request))
#48 C:/xampp/htdocs/hp/vendor/laravel/framework/src/Illuminate/Foundation/Http/Kernel.php(201): Illuminate/Routing/Router->dispatch(Object(Illuminate/Http/Request))
#49 C:/xampp/htdocs/hp/vendor/laravel/framework/src/Illuminate/Pipeline/Pipeline.php(170): Illuminate/Foundation/Http/Kernel->Illuminate/Foundation/Http/{closure}(Object(Illuminate/Http/Request))
#50 C:/xampp/htdocs/hp/vendor/livewire/livewire/src/Features/SupportDisablingBackButtonCache/DisableBackButtonCacheMiddleware.php(19): Illuminate/Pipeline/Pipeline->Illuminate/Pipeline/{closure}(Object(Illuminate/Http/Request))
#51 C:/xampp/htdocs/hp/vendor/laravel/framework/src/Illuminate/Pipeline/Pipeline.php(209): Livewire/Features/SupportDisablingBackButtonCache/DisableBackButtonCacheMiddleware->handle(Object(Illuminate/Http/Request), Object(Closure))
#52 C:/xampp/htdocs/hp/vendor/laravel/framework/src/Illuminate/Foundation/Http/Middleware/TransformsRequest.php(21): Illuminate/Pipeline/Pipeline->Illuminate/Pipeline/{closure}(Object(Illuminate/Http/Request))
#53 C:/xampp/htdocs/hp/vendor/laravel/framework/src/Illuminate/Foundation/Http/Middleware/ConvertEmptyStringsToNull.php(31): Illuminate/Foundation/Http/Middleware/TransformsRequest->handle(Object(Illuminate/Http/Request), Object(Closure))
#54 C:/xampp/htdocs/hp/vendor/laravel/framework/src/Illuminate/Pipeline/Pipeline.php(209): Illuminate/Foundation/Http/Middleware/ConvertEmptyStringsToNull->handle(Object(Illuminate/Http/Request), Object(Closure))
#55 C:/xampp/htdocs/hp/vendor/laravel/framework/src/Illuminate/Foundation/Http/Middleware/TransformsRequest.php(21): Illuminate/Pipeline/Pipeline->Illuminate/Pipeline/{closure}(Object(Illuminate/Http/Request))
#56 C:/xampp/htdocs/hp/vendor/laravel/framework/src/Illuminate/Foundation/Http/Middleware/TrimStrings.php(51): Illuminate/Foundation/Http/Middleware/TransformsRequest->handle(Object(Illuminate/Http/Request), Object(Closure))
#57 C:/xampp/htdocs/hp/vendor/laravel/framework/src/Illuminate/Pipeline/Pipeline.php(209): Illuminate/Foundation/Http/Middleware/TrimStrings->handle(Object(Illuminate/Http/Request), Object(Closure))
#58 C:/xampp/htdocs/hp/vendor/laravel/framework/src/Illuminate/Http/Middleware/ValidatePostSize.php(27): Illuminate/Pipeline/Pipeline->Illuminate/Pipeline/{closure}(Object(Illuminate/Http/Request))
#59 C:/xampp/htdocs/hp/vendor/laravel/framework/src/Illuminate/Pipeline/Pipeline.php(209): Illuminate/Http/Middleware/ValidatePostSize->handle(Object(Illuminate/Http/Request), Object(Closure))
#60 C:/xampp/htdocs/hp/vendor/laravel/framework/src/Illuminate/Foundation/Http/Middleware/PreventRequestsDuringMaintenance.php(110): Illuminate/Pipeline/Pipeline->Illuminate/Pipeline/{closure}(Object(Illuminate/Http/Request))
#61 C:/xampp/htdocs/hp/vendor/laravel/framework/src/Illuminate/Pipeline/Pipeline.php(209): Illuminate/Foundation/Http/Middleware/PreventRequestsDuringMaintenance->handle(Object(Illuminate/Http/Request), Object(Closure))
#62 C:/xampp/htdocs/hp/vendor/laravel/framework/src/Illuminate/Http/Middleware/HandleCors.php(49): Illuminate/Pipeline/Pipeline->Illuminate/Pipeline/{closure}(Object(Illuminate/Http/Request))
#63 C:/xampp/htdocs/hp/vendor/laravel/framework/src/Illuminate/Pipeline/Pipeline.php(209): Illuminate/Http/Middleware/HandleCors->handle(Object(Illuminate/Http/Request), Object(Closure))
#64 C:/xampp/htdocs/hp/vendor/laravel/framework/src/Illuminate/Http/Middleware/TrustProxies.php(58): Illuminate/Pipeline/Pipeline->Illuminate/Pipeline/{closure}(Object(Illuminate/Http/Request))
#65 C:/xampp/htdocs/hp/vendor/laravel/framework/src/Illuminate/Pipeline/Pipeline.php(209): Illuminate/Http/Middleware/TrustProxies->handle(Object(Illuminate/Http/Request), Object(Closure))
#66 C:/xampp/htdocs/hp/vendor/laravel/framework/src/Illuminate/Foundation/Http/Middleware/InvokeDeferredCallbacks.php(22): Illuminate/Pipeline/Pipeline->Illuminate/Pipeline/{closure}(Object(Illuminate/Http/Request))
#67 C:/xampp/htdocs/hp/vendor/laravel/framework/src/Illuminate/Pipeline/Pipeline.php(209): Illuminate/Foundation/Http/Middleware/InvokeDeferredCallbacks->handle(Object(Illuminate/Http/Request), Object(Closure))
#68 C:/xampp/htdocs/hp/vendor/laravel/framework/src/Illuminate/Pipeline/Pipeline.php(127): Illuminate/Pipeline/Pipeline->Illuminate/Pipeline/{closure}(Object(Illuminate/Http/Request))
#69 C:/xampp/htdocs/hp/vendor/laravel/framework/src/Illuminate/Foundation/Http/Kernel.php(176): Illuminate/Pipeline/Pipeline->then(Object(Closure))
#70 C:/xampp/htdocs/hp/vendor/laravel/framework/src/Illuminate/Foundation/Http/Kernel.php(145): Illuminate/Foundation/Http/Kernel->sendRequestThroughRouter(Object(Illuminate/Http/Request))
#71 C:/xampp/htdocs/hp/vendor/laravel/framework/src/Illuminate/Foundation/Application.php(1220): Illuminate/Foundation/Http/Kernel->handle(Object(Illuminate/Http/Request))
#72 C:/xampp/htdocs/hp/public/index.php(17): Illuminate/Foundation/Application->handleRequest(Object(Illuminate/Http/Request))
#73 C:/xampp/htdocs/hp/vendor/laravel/framework/src/Illuminate/Foundation/resources/server.php(23): require_once('C://xampp//htdocs...')
#74 {main}

[previous exception] [object] (Illuminate\\View\\ViewException(code: 0): The \"intl\" PHP extension is required to use the [format] method. (View: C:\\xampp\\htdocs\\hp\\vendor\\filament\\support\\resources\\views\\components\\pagination\\index.blade.php) (View: C:\\xampp\\htdocs\\hp\\vendor\\filament\\support\\resources\\views\\components\\pagination\\index.blade.php) at C:/xampp/htdocs/hp/vendor/laravel/framework/src/Illuminate/Support/Number.php:385)
[stacktrace]
#0 C:/xampp/htdocs/hp/vendor/livewire/livewire/src/Mechanisms/ExtendBlade/ExtendedCompilerEngine.php(58): Illuminate/View/Engines/CompilerEngine->handleViewException(Object(Illuminate/View/ViewException), 3)
#1 C:/xampp/htdocs/hp/vendor/livewire/livewire/src/Mechanisms/ExtendBlade/ExtendedCompilerEngine.php(40): Livewire/Mechanisms/ExtendBlade/ExtendedCompilerEngine->handleViewException(Object(Illuminate/View/ViewException), 3)
#2 C:/xampp/htdocs/hp/vendor/laravel/framework/src/Illuminate/View/Engines/CompilerEngine.php(75): Livewire/Mechanisms/ExtendBlade/ExtendedCompilerEngine->evaluatePath('C://xampp//htdocs...', Array)
#3 C:/xampp/htdocs/hp/vendor/livewire/livewire/src/Mechanisms/ExtendBlade/ExtendedCompilerEngine.php(16): Illuminate/View/Engines/CompilerEngine->get('C://xampp//htdocs...', Array)
#4 C:/xampp/htdocs/hp/vendor/laravel/framework/src/Illuminate/View/View.php(209): Livewire/Mechanisms/ExtendBlade/ExtendedCompilerEngine->get('C://xampp//htdocs...', Array)
#5 C:/xampp/htdocs/hp/vendor/laravel/framework/src/Illuminate/View/View.php(192): Illuminate/View/View->getContents()
#6 C:/xampp/htdocs/hp/vendor/laravel/framework/src/Illuminate/View/View.php(161): Illuminate/View/View->renderContents()
#7 C:/xampp/htdocs/hp/vendor/filament/support/src/Components/ViewComponent.php(115): Illuminate/View/View->render()
#8 C:/xampp/htdocs/hp/vendor/laravel/framework/src/Illuminate/Support/helpers.php(134): Filament/Support/Components/ViewComponent->toHtml()
#9 C:/xampp/htdocs/hp/storage/framework/views/853058402355b8ac6aa7297050bc2a12.php(42): e(Object(Filament/Tables/Table))
#10 C:/xampp/htdocs/hp/vendor/livewire/livewire/src/Mechanisms/ExtendBlade/ExtendedCompilerEngine.php(37): include('C://xampp//htdocs...')
#11 C:/xampp/htdocs/hp/vendor/livewire/livewire/src/Mechanisms/ExtendBlade/ExtendedCompilerEngine.php(38): App/Filament/Resources/AppointmentResource/Pages/ListAppointments->Livewire/Mechanisms/ExtendBlade/{closure}()
#12 C:/xampp/htdocs/hp/vendor/laravel/framework/src/Illuminate/View/Engines/CompilerEngine.php(75): Livewire/Mechanisms/ExtendBlade/ExtendedCompilerEngine->evaluatePath('C://xampp//htdocs...', Array)
#13 C:/xampp/htdocs/hp/vendor/livewire/livewire/src/Mechanisms/ExtendBlade/ExtendedCompilerEngine.php(16): Illuminate/View/Engines/CompilerEngine->get('C://xampp//htdocs...', Array)
#14 C:/xampp/htdocs/hp/vendor/laravel/framework/src/Illuminate/View/View.php(209): Livewire/Mechanisms/ExtendBlade/ExtendedCompilerEngine->get('C://xampp//htdocs...', Array)
#15 C:/xampp/htdocs/hp/vendor/laravel/framework/src/Illuminate/View/View.php(192): Illuminate/View/View->getContents()
#16 C:/xampp/htdocs/hp/vendor/laravel/framework/src/Illuminate/View/View.php(161): Illuminate/View/View->renderContents()
#17 C:/xampp/htdocs/hp/vendor/livewire/livewire/src/Mechanisms/HandleComponents/HandleComponents.php(288): Illuminate/View/View->render(Object(Closure))
#18 C:/xampp/htdocs/hp/vendor/livewire/livewire/src/Mechanisms/HandleComponents/HandleComponents.php(332): Livewire/Mechanisms/HandleComponents/HandleComponents->Livewire/Mechanisms/HandleComponents/{closure}()
#19 C:/xampp/htdocs/hp/vendor/livewire/livewire/src/Mechanisms/HandleComponents/HandleComponents.php(280): Livewire/Mechanisms/HandleComponents/HandleComponents->trackInRenderStack(Object(App/Filament/Resources/AppointmentResource/Pages/ListAppointments), Object(Closure))
#20 C:/xampp/htdocs/hp/vendor/livewire/livewire/src/Mechanisms/HandleComponents/HandleComponents.php(54): Livewire/Mechanisms/HandleComponents/HandleComponents->render(Object(App/Filament/Resources/AppointmentResource/Pages/ListAppointments), '<div></div>')
#21 C:/xampp/htdocs/hp/vendor/livewire/livewire/src/LivewireManager.php(73): Livewire/Mechanisms/HandleComponents/HandleComponents->mount('App//Filament//Re...', Array, NULL)
#22 C:/xampp/htdocs/hp/vendor/livewire/livewire/src/Features/SupportPageComponents/HandlesPageComponents.php(17): Livewire/LivewireManager->mount('App//Filament//Re...', Array)
#23 C:/xampp/htdocs/hp/vendor/livewire/livewire/src/Features/SupportPageComponents/SupportPageComponents.php(117): Livewire/Component->Livewire/Features/SupportPageComponents/{closure}()
#24 C:/xampp/htdocs/hp/vendor/livewire/livewire/src/Features/SupportPageComponents/HandlesPageComponents.php(14): Livewire/Features/SupportPageComponents/SupportPageComponents::interceptTheRenderOfTheComponentAndRetreiveTheLayoutConfiguration(Object(Closure))
#25 C:/xampp/htdocs/hp/vendor/laravel/framework/src/Illuminate/Routing/ControllerDispatcher.php(47): Livewire/Component->__invoke()
#26 C:/xampp/htdocs/hp/vendor/laravel/framework/src/Illuminate/Routing/Route.php(266): Illuminate/Routing/ControllerDispatcher->dispatch(Object(Illuminate/Routing/Route), Object(App/Filament/Resources/AppointmentResource/Pages/ListAppointments), '__invoke')
#27 C:/xampp/htdocs/hp/vendor/laravel/framework/src/Illuminate/Routing/Route.php(212): Illuminate/Routing/Route->runController()
#28 C:/xampp/htdocs/hp/vendor/laravel/framework/src/Illuminate/Routing/Router.php(808): Illuminate/Routing/Route->run()
#29 C:/xampp/htdocs/hp/vendor/laravel/framework/src/Illuminate/Pipeline/Pipeline.php(170): Illuminate/Routing/Router->Illuminate/Routing/{closure}(Object(Illuminate/Http/Request))
#30 C:/xampp/htdocs/hp/vendor/filament/filament/src/Http/Middleware/DispatchServingFilamentEvent.php(15): Illuminate/Pipeline/Pipeline->Illuminate/Pipeline/{closure}(Object(Illuminate/Http/Request))
#31 C:/xampp/htdocs/hp/vendor/laravel/framework/src/Illuminate/Pipeline/Pipeline.php(209): Filament/Http/Middleware/DispatchServingFilamentEvent->handle(Object(Illuminate/Http/Request), Object(Closure))
#32 C:/xampp/htdocs/hp/vendor/filament/filament/src/Http/Middleware/DisableBladeIconComponents.php(14): Illuminate/Pipeline/Pipeline->Illuminate/Pipeline/{closure}(Object(Illuminate/Http/Request))
#33 C:/xampp/htdocs/hp/vendor/laravel/framework/src/Illuminate/Pipeline/Pipeline.php(209): Filament/Http/Middleware/DisableBladeIconComponents->handle(Object(Illuminate/Http/Request), Object(Closure))
#34 C:/xampp/htdocs/hp/vendor/laravel/framework/src/Illuminate/Routing/Middleware/SubstituteBindings.php(51): Illuminate/Pipeline/Pipeline->Illuminate/Pipeline/{closure}(Object(Illuminate/Http/Request))
#35 C:/xampp/htdocs/hp/vendor/laravel/framework/src/Illuminate/Pipeline/Pipeline.php(209): Illuminate/Routing/Middleware/SubstituteBindings->handle(Object(Illuminate/Http/Request), Object(Closure))
#36 C:/xampp/htdocs/hp/vendor/laravel/framework/src/Illuminate/Foundation/Http/Middleware/VerifyCsrfToken.php(88): Illuminate/Pipeline/Pipeline->Illuminate/Pipeline/{closure}(Object(Illuminate/Http/Request))
#37 C:/xampp/htdocs/hp/vendor/laravel/framework/src/Illuminate/Pipeline/Pipeline.php(209): Illuminate/Foundation/Http/Middleware/VerifyCsrfToken->handle(Object(Illuminate/Http/Request), Object(Closure))
#38 C:/xampp/htdocs/hp/vendor/laravel/framework/src/Illuminate/Session/Middleware/AuthenticateSession.php(67): Illuminate/Pipeline/Pipeline->Illuminate/Pipeline/{closure}(Object(Illuminate/Http/Request))
#39 C:/xampp/htdocs/hp/vendor/laravel/framework/src/Illuminate/Pipeline/Pipeline.php(209): Illuminate/Session/Middleware/AuthenticateSession->handle(Object(Illuminate/Http/Request), Object(Closure))
#40 C:/xampp/htdocs/hp/vendor/laravel/framework/src/Illuminate/Auth/Middleware/Authenticate.php(64): Illuminate/Pipeline/Pipeline->Illuminate/Pipeline/{closure}(Object(Illuminate/Http/Request))
#41 C:/xampp/htdocs/hp/vendor/laravel/framework/src/Illuminate/Pipeline/Pipeline.php(209): Illuminate/Auth/Middleware/Authenticate->handle(Object(Illuminate/Http/Request), Object(Closure))
#42 C:/xampp/htdocs/hp/vendor/laravel/framework/src/Illuminate/View/Middleware/ShareErrorsFromSession.php(49): Illuminate/Pipeline/Pipeline->Illuminate/Pipeline/{closure}(Object(Illuminate/Http/Request))
#43 C:/xampp/htdocs/hp/vendor/laravel/framework/src/Illuminate/Pipeline/Pipeline.php(209): Illuminate/View/Middleware/ShareErrorsFromSession->handle(Object(Illuminate/Http/Request), Object(Closure))
#44 C:/xampp/htdocs/hp/vendor/laravel/framework/src/Illuminate/Session/Middleware/StartSession.php(121): Illuminate/Pipeline/Pipeline->Illuminate/Pipeline/{closure}(Object(Illuminate/Http/Request))
#45 C:/xampp/htdocs/hp/vendor/laravel/framework/src/Illuminate/Session/Middleware/StartSession.php(64): Illuminate/Session/Middleware/StartSession->handleStatefulRequest(Object(Illuminate/Http/Request), Object(Illuminate/Session/Store), Object(Closure))
#46 C:/xampp/htdocs/hp/vendor/laravel/framework/src/Illuminate/Pipeline/Pipeline.php(209): Illuminate/Session/Middleware/StartSession->handle(Object(Illuminate/Http/Request), Object(Closure))
#47 C:/xampp/htdocs/hp/vendor/laravel/framework/src/Illuminate/Cookie/Middleware/AddQueuedCookiesToResponse.php(37): Illuminate/Pipeline/Pipeline->Illuminate/Pipeline/{closure}(Object(Illuminate/Http/Request))
#48 C:/xampp/htdocs/hp/vendor/laravel/framework/src/Illuminate/Pipeline/Pipeline.php(209): Illuminate/Cookie/Middleware/AddQueuedCookiesToResponse->handle(Object(Illuminate/Http/Request), Object(Closure))
#49 C:/xampp/htdocs/hp/vendor/laravel/framework/src/Illuminate/Cookie/Middleware/EncryptCookies.php(75): Illuminate/Pipeline/Pipeline->Illuminate/Pipeline/{closure}(Object(Illuminate/Http/Request))
#50 C:/xampp/htdocs/hp/vendor/laravel/framework/src/Illuminate/Pipeline/Pipeline.php(209): Illuminate/Cookie/Middleware/EncryptCookies->handle(Object(Illuminate/Http/Request), Object(Closure))
#51 C:/xampp/htdocs/hp/vendor/filament/filament/src/Http/Middleware/SetUpPanel.php(19): Illuminate/Pipeline/Pipeline->Illuminate/Pipeline/{closure}(Object(Illuminate/Http/Request))
#52 C:/xampp/htdocs/hp/vendor/laravel/framework/src/Illuminate/Pipeline/Pipeline.php(209): Filament/Http/Middleware/SetUpPanel->handle(Object(Illuminate/Http/Request), Object(Closure), Object(Filament/Panel))
#53 C:/xampp/htdocs/hp/vendor/laravel/framework/src/Illuminate/Pipeline/Pipeline.php(127): Illuminate/Pipeline/Pipeline->Illuminate/Pipeline/{closure}(Object(Illuminate/Http/Request))
#54 C:/xampp/htdocs/hp/vendor/laravel/framework/src/Illuminate/Routing/Router.php(807): Illuminate/Pipeline/Pipeline->then(Object(Closure))
#55 C:/xampp/htdocs/hp/vendor/laravel/framework/src/Illuminate/Routing/Router.php(786): Illuminate/Routing/Router->runRouteWithinStack(Object(Illuminate/Routing/Route), Object(Illuminate/Http/Request))
#56 C:/xampp/htdocs/hp/vendor/laravel/framework/src/Illuminate/Routing/Router.php(750): Illuminate/Routing/Router->runRoute(Object(Illuminate/Http/Request), Object(Illuminate/Routing/Route))
#57 C:/xampp/htdocs/hp/vendor/laravel/framework/src/Illuminate/Routing/Router.php(739): Illuminate/Routing/Router->dispatchToRoute(Object(Illuminate/Http/Request))
#58 C:/xampp/htdocs/hp/vendor/laravel/framework/src/Illuminate/Foundation/Http/Kernel.php(201): Illuminate/Routing/Router->dispatch(Object(Illuminate/Http/Request))
#59 C:/xampp/htdocs/hp/vendor/laravel/framework/src/Illuminate/Pipeline/Pipeline.php(170): Illuminate/Foundation/Http/Kernel->Illuminate/Foundation/Http/{closure}(Object(Illuminate/Http/Request))
#60 C:/xampp/htdocs/hp/vendor/livewire/livewire/src/Features/SupportDisablingBackButtonCache/DisableBackButtonCacheMiddleware.php(19): Illuminate/Pipeline/Pipeline->Illuminate/Pipeline/{closure}(Object(Illuminate/Http/Request))
#61 C:/xampp/htdocs/hp/vendor/laravel/framework/src/Illuminate/Pipeline/Pipeline.php(209): Livewire/Features/SupportDisablingBackButtonCache/DisableBackButtonCacheMiddleware->handle(Object(Illuminate/Http/Request), Object(Closure))
#62 C:/xampp/htdocs/hp/vendor/laravel/framework/src/Illuminate/Foundation/Http/Middleware/TransformsRequest.php(21): Illuminate/Pipeline/Pipeline->Illuminate/Pipeline/{closure}(Object(Illuminate/Http/Request))
#63 C:/xampp/htdocs/hp/vendor/laravel/framework/src/Illuminate/Foundation/Http/Middleware/ConvertEmptyStringsToNull.php(31): Illuminate/Foundation/Http/Middleware/TransformsRequest->handle(Object(Illuminate/Http/Request), Object(Closure))
#64 C:/xampp/htdocs/hp/vendor/laravel/framework/src/Illuminate/Pipeline/Pipeline.php(209): Illuminate/Foundation/Http/Middleware/ConvertEmptyStringsToNull->handle(Object(Illuminate/Http/Request), Object(Closure))
#65 C:/xampp/htdocs/hp/vendor/laravel/framework/src/Illuminate/Foundation/Http/Middleware/TransformsRequest.php(21): Illuminate/Pipeline/Pipeline->Illuminate/Pipeline/{closure}(Object(Illuminate/Http/Request))
#66 C:/xampp/htdocs/hp/vendor/laravel/framework/src/Illuminate/Foundation/Http/Middleware/TrimStrings.php(51): Illuminate/Foundation/Http/Middleware/TransformsRequest->handle(Object(Illuminate/Http/Request), Object(Closure))
#67 C:/xampp/htdocs/hp/vendor/laravel/framework/src/Illuminate/Pipeline/Pipeline.php(209): Illuminate/Foundation/Http/Middleware/TrimStrings->handle(Object(Illuminate/Http/Request), Object(Closure))
#68 C:/xampp/htdocs/hp/vendor/laravel/framework/src/Illuminate/Http/Middleware/ValidatePostSize.php(27): Illuminate/Pipeline/Pipeline->Illuminate/Pipeline/{closure}(Object(Illuminate/Http/Request))
#69 C:/xampp/htdocs/hp/vendor/laravel/framework/src/Illuminate/Pipeline/Pipeline.php(209): Illuminate/Http/Middleware/ValidatePostSize->handle(Object(Illuminate/Http/Request), Object(Closure))
#70 C:/xampp/htdocs/hp/vendor/laravel/framework/src/Illuminate/Foundation/Http/Middleware/PreventRequestsDuringMaintenance.php(110): Illuminate/Pipeline/Pipeline->Illuminate/Pipeline/{closure}(Object(Illuminate/Http/Request))
#71 C:/xampp/htdocs/hp/vendor/laravel/framework/src/Illuminate/Pipeline/Pipeline.php(209): Illuminate/Foundation/Http/Middleware/PreventRequestsDuringMaintenance->handle(Object(Illuminate/Http/Request), Object(Closure))
#72 C:/xampp/htdocs/hp/vendor/laravel/framework/src/Illuminate/Http/Middleware/HandleCors.php(49): Illuminate/Pipeline/Pipeline->Illuminate/Pipeline/{closure}(Object(Illuminate/Http/Request))
#73 C:/xampp/htdocs/hp/vendor/laravel/framework/src/Illuminate/Pipeline/Pipeline.php(209): Illuminate/Http/Middleware/HandleCors->handle(Object(Illuminate/Http/Request), Object(Closure))
#74 C:/xampp/htdocs/hp/vendor/laravel/framework/src/Illuminate/Http/Middleware/TrustProxies.php(58): Illuminate/Pipeline/Pipeline->Illuminate/Pipeline/{closure}(Object(Illuminate/Http/Request))
#75 C:/xampp/htdocs/hp/vendor/laravel/framework/src/Illuminate/Pipeline/Pipeline.php(209): Illuminate/Http/Middleware/TrustProxies->handle(Object(Illuminate/Http/Request), Object(Closure))
#76 C:/xampp/htdocs/hp/vendor/laravel/framework/src/Illuminate/Foundation/Http/Middleware/InvokeDeferredCallbacks.php(22): Illuminate/Pipeline/Pipeline->Illuminate/Pipeline/{closure}(Object(Illuminate/Http/Request))
#77 C:/xampp/htdocs/hp/vendor/laravel/framework/src/Illuminate/Pipeline/Pipeline.php(209): Illuminate/Foundation/Http/Middleware/InvokeDeferredCallbacks->handle(Object(Illuminate/Http/Request), Object(Closure))
#78 C:/xampp/htdocs/hp/vendor/laravel/framework/src/Illuminate/Pipeline/Pipeline.php(127): Illuminate/Pipeline/Pipeline->Illuminate/Pipeline/{closure}(Object(Illuminate/Http/Request))
#79 C:/xampp/htdocs/hp/vendor/laravel/framework/src/Illuminate/Foundation/Http/Kernel.php(176): Illuminate/Pipeline/Pipeline->then(Object(Closure))
#80 C:/xampp/htdocs/hp/vendor/laravel/framework/src/Illuminate/Foundation/Http/Kernel.php(145): Illuminate/Foundation/Http/Kernel->sendRequestThroughRouter(Object(Illuminate/Http/Request))
#81 C:/xampp/htdocs/hp/vendor/laravel/framework/src/Illuminate/Foundation/Application.php(1220): Illuminate/Foundation/Http/Kernel->handle(Object(Illuminate/Http/Request))
#82 C:/xampp/htdocs/hp/public/index.php(17): Illuminate/Foundation/Application->handleRequest(Object(Illuminate/Http/Request))
#83 C:/xampp/htdocs/hp/vendor/laravel/framework/src/Illuminate/Foundation/resources/server.php(23): require_once('C://xampp//htdocs...')
#84 {main}

[previous exception] [object] (Illuminate\\View\\ViewException(code: 0): The \"intl\" PHP extension is required to use the [format] method. (View: C:\\xampp\\htdocs\\hp\\vendor\\filament\\support\\resources\\views\\components\\pagination\\index.blade.php) at C:/xampp/htdocs/hp/vendor/laravel/framework/src/Illuminate/Support/Number.php:385)
[stacktrace]
#0 C:/xampp/htdocs/hp/vendor/livewire/livewire/src/Mechanisms/ExtendBlade/ExtendedCompilerEngine.php(58): Illuminate/View/Engines/CompilerEngine->handleViewException(Object(RuntimeException), 5)
#1 C:/xampp/htdocs/hp/vendor/livewire/livewire/src/Mechanisms/ExtendBlade/ExtendedCompilerEngine.php(40): Livewire/Mechanisms/ExtendBlade/ExtendedCompilerEngine->handleViewException(Object(RuntimeException), 5)
#2 C:/xampp/htdocs/hp/vendor/laravel/framework/src/Illuminate/View/Engines/CompilerEngine.php(75): Livewire/Mechanisms/ExtendBlade/ExtendedCompilerEngine->evaluatePath('C://xampp//htdocs...', Array)
#3 C:/xampp/htdocs/hp/vendor/livewire/livewire/src/Mechanisms/ExtendBlade/ExtendedCompilerEngine.php(16): Illuminate/View/Engines/CompilerEngine->get('C://xampp//htdocs...', Array)
#4 C:/xampp/htdocs/hp/vendor/laravel/framework/src/Illuminate/View/View.php(209): Livewire/Mechanisms/ExtendBlade/ExtendedCompilerEngine->get('C://xampp//htdocs...', Array)
#5 C:/xampp/htdocs/hp/vendor/laravel/framework/src/Illuminate/View/View.php(192): Illuminate/View/View->getContents()
#6 C:/xampp/htdocs/hp/vendor/laravel/framework/src/Illuminate/View/View.php(161): Illuminate/View/View->renderContents()
#7 C:/xampp/htdocs/hp/vendor/laravel/framework/src/Illuminate/View/Concerns/ManagesComponents.php(103): Illuminate/View/View->render()
#8 C:/xampp/htdocs/hp/storage/framework/views/6477c3f58b3f6bca4ff1555fac23c21c.php(2458): Illuminate/View/Factory->renderComponent()
#9 C:/xampp/htdocs/hp/vendor/livewire/livewire/src/Mechanisms/ExtendBlade/ExtendedCompilerEngine.php(37): include('C://xampp//htdocs...')
#10 C:/xampp/htdocs/hp/vendor/livewire/livewire/src/Mechanisms/ExtendBlade/ExtendedCompilerEngine.php(38): App/Filament/Resources/AppointmentResource/Pages/ListAppointments->Livewire/Mechanisms/ExtendBlade/{closure}()
#11 C:/xampp/htdocs/hp/vendor/laravel/framework/src/Illuminate/View/Engines/CompilerEngine.php(75): Livewire/Mechanisms/ExtendBlade/ExtendedCompilerEngine->evaluatePath('C://xampp//htdocs...', Array)
#12 C:/xampp/htdocs/hp/vendor/livewire/livewire/src/Mechanisms/ExtendBlade/ExtendedCompilerEngine.php(16): Illuminate/View/Engines/CompilerEngine->get('C://xampp//htdocs...', Array)
#13 C:/xampp/htdocs/hp/vendor/laravel/framework/src/Illuminate/View/View.php(209): Livewire/Mechanisms/ExtendBlade/ExtendedCompilerEngine->get('C://xampp//htdocs...', Array)
#14 C:/xampp/htdocs/hp/vendor/laravel/framework/src/Illuminate/View/View.php(192): Illuminate/View/View->getContents()
#15 C:/xampp/htdocs/hp/vendor/laravel/framework/src/Illuminate/View/View.php(161): Illuminate/View/View->renderContents()
#16 C:/xampp/htdocs/hp/vendor/filament/support/src/Components/ViewComponent.php(115): Illuminate/View/View->render()
#17 C:/xampp/htdocs/hp/vendor/laravel/framework/src/Illuminate/Support/helpers.php(134): Filament/Support/Components/ViewComponent->toHtml()
#18 C:/xampp/htdocs/hp/storage/framework/views/853058402355b8ac6aa7297050bc2a12.php(42): e(Object(Filament/Tables/Table))
#19 C:/xampp/htdocs/hp/vendor/livewire/livewire/src/Mechanisms/ExtendBlade/ExtendedCompilerEngine.php(37): include('C://xampp//htdocs...')
#20 C:/xampp/htdocs/hp/vendor/livewire/livewire/src/Mechanisms/ExtendBlade/ExtendedCompilerEngine.php(38): App/Filament/Resources/AppointmentResource/Pages/ListAppointments->Livewire/Mechanisms/ExtendBlade/{closure}()
#21 C:/xampp/htdocs/hp/vendor/laravel/framework/src/Illuminate/View/Engines/CompilerEngine.php(75): Livewire/Mechanisms/ExtendBlade/ExtendedCompilerEngine->evaluatePath('C://xampp//htdocs...', Array)
#22 C:/xampp/htdocs/hp/vendor/livewire/livewire/src/Mechanisms/ExtendBlade/ExtendedCompilerEngine.php(16): Illuminate/View/Engines/CompilerEngine->get('C://xampp//htdocs...', Array)
#23 C:/xampp/htdocs/hp/vendor/laravel/framework/src/Illuminate/View/View.php(209): Livewire/Mechanisms/ExtendBlade/ExtendedCompilerEngine->get('C://xampp//htdocs...', Array)
#24 C:/xampp/htdocs/hp/vendor/laravel/framework/src/Illuminate/View/View.php(192): Illuminate/View/View->getContents()
#25 C:/xampp/htdocs/hp/vendor/laravel/framework/src/Illuminate/View/View.php(161): Illuminate/View/View->renderContents()
#26 C:/xampp/htdocs/hp/vendor/livewire/livewire/src/Mechanisms/HandleComponents/HandleComponents.php(288): Illuminate/View/View->render(Object(Closure))
#27 C:/xampp/htdocs/hp/vendor/livewire/livewire/src/Mechanisms/HandleComponents/HandleComponents.php(332): Livewire/Mechanisms/HandleComponents/HandleComponents->Livewire/Mechanisms/HandleComponents/{closure}()
#28 C:/xampp/htdocs/hp/vendor/livewire/livewire/src/Mechanisms/HandleComponents/HandleComponents.php(280): Livewire/Mechanisms/HandleComponents/HandleComponents->trackInRenderStack(Object(App/Filament/Resources/AppointmentResource/Pages/ListAppointments), Object(Closure))
#29 C:/xampp/htdocs/hp/vendor/livewire/livewire/src/Mechanisms/HandleComponents/HandleComponents.php(54): Livewire/Mechanisms/HandleComponents/HandleComponents->render(Object(App/Filament/Resources/AppointmentResource/Pages/ListAppointments), '<div></div>')
#30 C:/xampp/htdocs/hp/vendor/livewire/livewire/src/LivewireManager.php(73): Livewire/Mechanisms/HandleComponents/HandleComponents->mount('App//Filament//Re...', Array, NULL)
#31 C:/xampp/htdocs/hp/vendor/livewire/livewire/src/Features/SupportPageComponents/HandlesPageComponents.php(17): Livewire/LivewireManager->mount('App//Filament//Re...', Array)
#32 C:/xampp/htdocs/hp/vendor/livewire/livewire/src/Features/SupportPageComponents/SupportPageComponents.php(117): Livewire/Component->Livewire/Features/SupportPageComponents/{closure}()
#33 C:/xampp/htdocs/hp/vendor/livewire/livewire/src/Features/SupportPageComponents/HandlesPageComponents.php(14): Livewire/Features/SupportPageComponents/SupportPageComponents::interceptTheRenderOfTheComponentAndRetreiveTheLayoutConfiguration(Object(Closure))
#34 C:/xampp/htdocs/hp/vendor/laravel/framework/src/Illuminate/Routing/ControllerDispatcher.php(47): Livewire/Component->__invoke()
#35 C:/xampp/htdocs/hp/vendor/laravel/framework/src/Illuminate/Routing/Route.php(266): Illuminate/Routing/ControllerDispatcher->dispatch(Object(Illuminate/Routing/Route), Object(App/Filament/Resources/AppointmentResource/Pages/ListAppointments), '__invoke')
#36 C:/xampp/htdocs/hp/vendor/laravel/framework/src/Illuminate/Routing/Route.php(212): Illuminate/Routing/Route->runController()
#37 C:/xampp/htdocs/hp/vendor/laravel/framework/src/Illuminate/Routing/Router.php(808): Illuminate/Routing/Route->run()
#38 C:/xampp/htdocs/hp/vendor/laravel/framework/src/Illuminate/Pipeline/Pipeline.php(170): Illuminate/Routing/Router->Illuminate/Routing/{closure}(Object(Illuminate/Http/Request))
#39 C:/xampp/htdocs/hp/vendor/filament/filament/src/Http/Middleware/DispatchServingFilamentEvent.php(15): Illuminate/Pipeline/Pipeline->Illuminate/Pipeline/{closure}(Object(Illuminate/Http/Request))
#40 C:/xampp/htdocs/hp/vendor/laravel/framework/src/Illuminate/Pipeline/Pipeline.php(209): Filament/Http/Middleware/DispatchServingFilamentEvent->handle(Object(Illuminate/Http/Request), Object(Closure))
#41 C:/xampp/htdocs/hp/vendor/filament/filament/src/Http/Middleware/DisableBladeIconComponents.php(14): Illuminate/Pipeline/Pipeline->Illuminate/Pipeline/{closure}(Object(Illuminate/Http/Request))
#42 C:/xampp/htdocs/hp/vendor/laravel/framework/src/Illuminate/Pipeline/Pipeline.php(209): Filament/Http/Middleware/DisableBladeIconComponents->handle(Object(Illuminate/Http/Request), Object(Closure))
#43 C:/xampp/htdocs/hp/vendor/laravel/framework/src/Illuminate/Routing/Middleware/SubstituteBindings.php(51): Illuminate/Pipeline/Pipeline->Illuminate/Pipeline/{closure}(Object(Illuminate/Http/Request))
#44 C:/xampp/htdocs/hp/vendor/laravel/framework/src/Illuminate/Pipeline/Pipeline.php(209): Illuminate/Routing/Middleware/SubstituteBindings->handle(Object(Illuminate/Http/Request), Object(Closure))
#45 C:/xampp/htdocs/hp/vendor/laravel/framework/src/Illuminate/Foundation/Http/Middleware/VerifyCsrfToken.php(88): Illuminate/Pipeline/Pipeline->Illuminate/Pipeline/{closure}(Object(Illuminate/Http/Request))
#46 C:/xampp/htdocs/hp/vendor/laravel/framework/src/Illuminate/Pipeline/Pipeline.php(209): Illuminate/Foundation/Http/Middleware/VerifyCsrfToken->handle(Object(Illuminate/Http/Request), Object(Closure))
#47 C:/xampp/htdocs/hp/vendor/laravel/framework/src/Illuminate/Session/Middleware/AuthenticateSession.php(67): Illuminate/Pipeline/Pipeline->Illuminate/Pipeline/{closure}(Object(Illuminate/Http/Request))
#48 C:/xampp/htdocs/hp/vendor/laravel/framework/src/Illuminate/Pipeline/Pipeline.php(209): Illuminate/Session/Middleware/AuthenticateSession->handle(Object(Illuminate/Http/Request), Object(Closure))
#49 C:/xampp/htdocs/hp/vendor/laravel/framework/src/Illuminate/Auth/Middleware/Authenticate.php(64): Illuminate/Pipeline/Pipeline->Illuminate/Pipeline/{closure}(Object(Illuminate/Http/Request))
#50 C:/xampp/htdocs/hp/vendor/laravel/framework/src/Illuminate/Pipeline/Pipeline.php(209): Illuminate/Auth/Middleware/Authenticate->handle(Object(Illuminate/Http/Request), Object(Closure))
#51 C:/xampp/htdocs/hp/vendor/laravel/framework/src/Illuminate/View/Middleware/ShareErrorsFromSession.php(49): Illuminate/Pipeline/Pipeline->Illuminate/Pipeline/{closure}(Object(Illuminate/Http/Request))
#52 C:/xampp/htdocs/hp/vendor/laravel/framework/src/Illuminate/Pipeline/Pipeline.php(209): Illuminate/View/Middleware/ShareErrorsFromSession->handle(Object(Illuminate/Http/Request), Object(Closure))
#53 C:/xampp/htdocs/hp/vendor/laravel/framework/src/Illuminate/Session/Middleware/StartSession.php(121): Illuminate/Pipeline/Pipeline->Illuminate/Pipeline/{closure}(Object(Illuminate/Http/Request))
#54 C:/xampp/htdocs/hp/vendor/laravel/framework/src/Illuminate/Session/Middleware/StartSession.php(64): Illuminate/Session/Middleware/StartSession->handleStatefulRequest(Object(Illuminate/Http/Request), Object(Illuminate/Session/Store), Object(Closure))
#55 C:/xampp/htdocs/hp/vendor/laravel/framework/src/Illuminate/Pipeline/Pipeline.php(209): Illuminate/Session/Middleware/StartSession->handle(Object(Illuminate/Http/Request), Object(Closure))
#56 C:/xampp/htdocs/hp/vendor/laravel/framework/src/Illuminate/Cookie/Middleware/AddQueuedCookiesToResponse.php(37): Illuminate/Pipeline/Pipeline->Illuminate/Pipeline/{closure}(Object(Illuminate/Http/Request))
#57 C:/xampp/htdocs/hp/vendor/laravel/framework/src/Illuminate/Pipeline/Pipeline.php(209): Illuminate/Cookie/Middleware/AddQueuedCookiesToResponse->handle(Object(Illuminate/Http/Request), Object(Closure))
#58 C:/xampp/htdocs/hp/vendor/laravel/framework/src/Illuminate/Cookie/Middleware/EncryptCookies.php(75): Illuminate/Pipeline/Pipeline->Illuminate/Pipeline/{closure}(Object(Illuminate/Http/Request))
#59 C:/xampp/htdocs/hp/vendor/laravel/framework/src/Illuminate/Pipeline/Pipeline.php(209): Illuminate/Cookie/Middleware/EncryptCookies->handle(Object(Illuminate/Http/Request), Object(Closure))
#60 C:/xampp/htdocs/hp/vendor/filament/filament/src/Http/Middleware/SetUpPanel.php(19): Illuminate/Pipeline/Pipeline->Illuminate/Pipeline/{closure}(Object(Illuminate/Http/Request))
#61 C:/xampp/htdocs/hp/vendor/laravel/framework/src/Illuminate/Pipeline/Pipeline.php(209): Filament/Http/Middleware/SetUpPanel->handle(Object(Illuminate/Http/Request), Object(Closure), Object(Filament/Panel))
#62 C:/xampp/htdocs/hp/vendor/laravel/framework/src/Illuminate/Pipeline/Pipeline.php(127): Illuminate/Pipeline/Pipeline->Illuminate/Pipeline/{closure}(Object(Illuminate/Http/Request))
#63 C:/xampp/htdocs/hp/vendor/laravel/framework/src/Illuminate/Routing/Router.php(807): Illuminate/Pipeline/Pipeline->then(Object(Closure))
#64 C:/xampp/htdocs/hp/vendor/laravel/framework/src/Illuminate/Routing/Router.php(786): Illuminate/Routing/Router->runRouteWithinStack(Object(Illuminate/Routing/Route), Object(Illuminate/Http/Request))
#65 C:/xampp/htdocs/hp/vendor/laravel/framework/src/Illuminate/Routing/Router.php(750): Illuminate/Routing/Router->runRoute(Object(Illuminate/Http/Request), Object(Illuminate/Routing/Route))
#66 C:/xampp/htdocs/hp/vendor/laravel/framework/src/Illuminate/Routing/Router.php(739): Illuminate/Routing/Router->dispatchToRoute(Object(Illuminate/Http/Request))
#67 C:/xampp/htdocs/hp/vendor/laravel/framework/src/Illuminate/Foundation/Http/Kernel.php(201): Illuminate/Routing/Router->dispatch(Object(Illuminate/Http/Request))
#68 C:/xampp/htdocs/hp/vendor/laravel/framework/src/Illuminate/Pipeline/Pipeline.php(170): Illuminate/Foundation/Http/Kernel->Illuminate/Foundation/Http/{closure}(Object(Illuminate/Http/Request))
#69 C:/xampp/htdocs/hp/vendor/livewire/livewire/src/Features/SupportDisablingBackButtonCache/DisableBackButtonCacheMiddleware.php(19): Illuminate/Pipeline/Pipeline->Illuminate/Pipeline/{closure}(Object(Illuminate/Http/Request))
#70 C:/xampp/htdocs/hp/vendor/laravel/framework/src/Illuminate/Pipeline/Pipeline.php(209): Livewire/Features/SupportDisablingBackButtonCache/DisableBackButtonCacheMiddleware->handle(Object(Illuminate/Http/Request), Object(Closure))
#71 C:/xampp/htdocs/hp/vendor/laravel/framework/src/Illuminate/Foundation/Http/Middleware/TransformsRequest.php(21): Illuminate/Pipeline/Pipeline->Illuminate/Pipeline/{closure}(Object(Illuminate/Http/Request))
#72 C:/xampp/htdocs/hp/vendor/laravel/framework/src/Illuminate/Foundation/Http/Middleware/ConvertEmptyStringsToNull.php(31): Illuminate/Foundation/Http/Middleware/TransformsRequest->handle(Object(Illuminate/Http/Request), Object(Closure))
#73 C:/xampp/htdocs/hp/vendor/laravel/framework/src/Illuminate/Pipeline/Pipeline.php(209): Illuminate/Foundation/Http/Middleware/ConvertEmptyStringsToNull->handle(Object(Illuminate/Http/Request), Object(Closure))
#74 C:/xampp/htdocs/hp/vendor/laravel/framework/src/Illuminate/Foundation/Http/Middleware/TransformsRequest.php(21): Illuminate/Pipeline/Pipeline->Illuminate/Pipeline/{closure}(Object(Illuminate/Http/Request))
#75 C:/xampp/htdocs/hp/vendor/laravel/framework/src/Illuminate/Foundation/Http/Middleware/TrimStrings.php(51): Illuminate/Foundation/Http/Middleware/TransformsRequest->handle(Object(Illuminate/Http/Request), Object(Closure))
#76 C:/xampp/htdocs/hp/vendor/laravel/framework/src/Illuminate/Pipeline/Pipeline.php(209): Illuminate/Foundation/Http/Middleware/TrimStrings->handle(Object(Illuminate/Http/Request), Object(Closure))
#77 C:/xampp/htdocs/hp/vendor/laravel/framework/src/Illuminate/Http/Middleware/ValidatePostSize.php(27): Illuminate/Pipeline/Pipeline->Illuminate/Pipeline/{closure}(Object(Illuminate/Http/Request))
#78 C:/xampp/htdocs/hp/vendor/laravel/framework/src/Illuminate/Pipeline/Pipeline.php(209): Illuminate/Http/Middleware/ValidatePostSize->handle(Object(Illuminate/Http/Request), Object(Closure))
#79 C:/xampp/htdocs/hp/vendor/laravel/framework/src/Illuminate/Foundation/Http/Middleware/PreventRequestsDuringMaintenance.php(110): Illuminate/Pipeline/Pipeline->Illuminate/Pipeline/{closure}(Object(Illuminate/Http/Request))
#80 C:/xampp/htdocs/hp/vendor/laravel/framework/src/Illuminate/Pipeline/Pipeline.php(209): Illuminate/Foundation/Http/Middleware/PreventRequestsDuringMaintenance->handle(Object(Illuminate/Http/Request), Object(Closure))
#81 C:/xampp/htdocs/hp/vendor/laravel/framework/src/Illuminate/Http/Middleware/HandleCors.php(49): Illuminate/Pipeline/Pipeline->Illuminate/Pipeline/{closure}(Object(Illuminate/Http/Request))
#82 C:/xampp/htdocs/hp/vendor/laravel/framework/src/Illuminate/Pipeline/Pipeline.php(209): Illuminate/Http/Middleware/HandleCors->handle(Object(Illuminate/Http/Request), Object(Closure))
#83 C:/xampp/htdocs/hp/vendor/laravel/framework/src/Illuminate/Http/Middleware/TrustProxies.php(58): Illuminate/Pipeline/Pipeline->Illuminate/Pipeline/{closure}(Object(Illuminate/Http/Request))
#84 C:/xampp/htdocs/hp/vendor/laravel/framework/src/Illuminate/Pipeline/Pipeline.php(209): Illuminate/Http/Middleware/TrustProxies->handle(Object(Illuminate/Http/Request), Object(Closure))
#85 C:/xampp/htdocs/hp/vendor/laravel/framework/src/Illuminate/Foundation/Http/Middleware/InvokeDeferredCallbacks.php(22): Illuminate/Pipeline/Pipeline->Illuminate/Pipeline/{closure}(Object(Illuminate/Http/Request))
#86 C:/xampp/htdocs/hp/vendor/laravel/framework/src/Illuminate/Pipeline/Pipeline.php(209): Illuminate/Foundation/Http/Middleware/InvokeDeferredCallbacks->handle(Object(Illuminate/Http/Request), Object(Closure))
#87 C:/xampp/htdocs/hp/vendor/laravel/framework/src/Illuminate/Pipeline/Pipeline.php(127): Illuminate/Pipeline/Pipeline->Illuminate/Pipeline/{closure}(Object(Illuminate/Http/Request))
#88 C:/xampp/htdocs/hp/vendor/laravel/framework/src/Illuminate/Foundation/Http/Kernel.php(176): Illuminate/Pipeline/Pipeline->then(Object(Closure))
#89 C:/xampp/htdocs/hp/vendor/laravel/framework/src/Illuminate/Foundation/Http/Kernel.php(145): Illuminate/Foundation/Http/Kernel->sendRequestThroughRouter(Object(Illuminate/Http/Request))
#90 C:/xampp/htdocs/hp/vendor/laravel/framework/src/Illuminate/Foundation/Application.php(1220): Illuminate/Foundation/Http/Kernel->handle(Object(Illuminate/Http/Request))
#91 C:/xampp/htdocs/hp/public/index.php(17): Illuminate/Foundation/Application->handleRequest(Object(Illuminate/Http/Request))
#92 C:/xampp/htdocs/hp/vendor/laravel/framework/src/Illuminate/Foundation/resources/server.php(23): require_once('C://xampp//htdocs...')
#93 {main}

[previous exception] [object] (RuntimeException(code: 0): The \"intl\" PHP extension is required to use the [format] method. at C:/xampp/htdocs/hp/vendor/laravel/framework/src/Illuminate/Support/Number.php:385)
[stacktrace]
#0 C:/xampp/htdocs/hp/vendor/laravel/framework/src/Illuminate/Support/Number.php(38): Illuminate/Support/Number::ensureIntlExtensionIsInstalled()
#1 C:/xampp/htdocs/hp/storage/framework/views/dc96bd85b482a801c44f1fda8976f247.php(98): Illuminate/Support/Number::format(1)
#2 C:/xampp/htdocs/hp/vendor/livewire/livewire/src/Mechanisms/ExtendBlade/ExtendedCompilerEngine.php(37): include('C://xampp//htdocs...')
#3 C:/xampp/htdocs/hp/vendor/livewire/livewire/src/Mechanisms/ExtendBlade/ExtendedCompilerEngine.php(38): App/Filament/Resources/AppointmentResource/Pages/ListAppointments->Livewire/Mechanisms/ExtendBlade/{closure}()
#4 C:/xampp/htdocs/hp/vendor/laravel/framework/src/Illuminate/View/Engines/CompilerEngine.php(75): Livewire/Mechanisms/ExtendBlade/ExtendedCompilerEngine->evaluatePath('C://xampp//htdocs...', Array)
#5 C:/xampp/htdocs/hp/vendor/livewire/livewire/src/Mechanisms/ExtendBlade/ExtendedCompilerEngine.php(16): Illuminate/View/Engines/CompilerEngine->get('C://xampp//htdocs...', Array)
#6 C:/xampp/htdocs/hp/vendor/laravel/framework/src/Illuminate/View/View.php(209): Livewire/Mechanisms/ExtendBlade/ExtendedCompilerEngine->get('C://xampp//htdocs...', Array)
#7 C:/xampp/htdocs/hp/vendor/laravel/framework/src/Illuminate/View/View.php(192): Illuminate/View/View->getContents()
#8 C:/xampp/htdocs/hp/vendor/laravel/framework/src/Illuminate/View/View.php(161): Illuminate/View/View->renderContents()
#9 C:/xampp/htdocs/hp/vendor/laravel/framework/src/Illuminate/View/Concerns/ManagesComponents.php(103): Illuminate/View/View->render()
#10 C:/xampp/htdocs/hp/storage/framework/views/6477c3f58b3f6bca4ff1555fac23c21c.php(2458): Illuminate/View/Factory->renderComponent()
#11 C:/xampp/htdocs/hp/vendor/livewire/livewire/src/Mechanisms/ExtendBlade/ExtendedCompilerEngine.php(37): include('C://xampp//htdocs...')
#12 C:/xampp/htdocs/hp/vendor/livewire/livewire/src/Mechanisms/ExtendBlade/ExtendedCompilerEngine.php(38): App/Filament/Resources/AppointmentResource/Pages/ListAppointments->Livewire/Mechanisms/ExtendBlade/{closure}()
#13 C:/xampp/htdocs/hp/vendor/laravel/framework/src/Illuminate/View/Engines/CompilerEngine.php(75): Livewire/Mechanisms/ExtendBlade/ExtendedCompilerEngine->evaluatePath('C://xampp//htdocs...', Array)
#14 C:/xampp/htdocs/hp/vendor/livewire/livewire/src/Mechanisms/ExtendBlade/ExtendedCompilerEngine.php(16): Illuminate/View/Engines/CompilerEngine->get('C://xampp//htdocs...', Array)
#15 C:/xampp/htdocs/hp/vendor/laravel/framework/src/Illuminate/View/View.php(209): Livewire/Mechanisms/ExtendBlade/ExtendedCompilerEngine->get('C://xampp//htdocs...', Array)
#16 C:/xampp/htdocs/hp/vendor/laravel/framework/src/Illuminate/View/View.php(192): Illuminate/View/View->getContents()
#17 C:/xampp/htdocs/hp/vendor/laravel/framework/src/Illuminate/View/View.php(161): Illuminate/View/View->renderContents()
#18 C:/xampp/htdocs/hp/vendor/filament/support/src/Components/ViewComponent.php(115): Illuminate/View/View->render()
#19 C:/xampp/htdocs/hp/vendor/laravel/framework/src/Illuminate/Support/helpers.php(134): Filament/Support/Components/ViewComponent->toHtml()
#20 C:/xampp/htdocs/hp/storage/framework/views/853058402355b8ac6aa7297050bc2a12.php(42): e(Object(Filament/Tables/Table))
#21 C:/xampp/htdocs/hp/vendor/livewire/livewire/src/Mechanisms/ExtendBlade/ExtendedCompilerEngine.php(37): include('C://xampp//htdocs...')
#22 C:/xampp/htdocs/hp/vendor/livewire/livewire/src/Mechanisms/ExtendBlade/ExtendedCompilerEngine.php(38): App/Filament/Resources/AppointmentResource/Pages/ListAppointments->Livewire/Mechanisms/ExtendBlade/{closure}()
#23 C:/xampp/htdocs/hp/vendor/laravel/framework/src/Illuminate/View/Engines/CompilerEngine.php(75): Livewire/Mechanisms/ExtendBlade/ExtendedCompilerEngine->evaluatePath('C://xampp//htdocs...', Array)
#24 C:/xampp/htdocs/hp/vendor/livewire/livewire/src/Mechanisms/ExtendBlade/ExtendedCompilerEngine.php(16): Illuminate/View/Engines/CompilerEngine->get('C://xampp//htdocs...', Array)
#25 C:/xampp/htdocs/hp/vendor/laravel/framework/src/Illuminate/View/View.php(209): Livewire/Mechanisms/ExtendBlade/ExtendedCompilerEngine->get('C://xampp//htdocs...', Array)
#26 C:/xampp/htdocs/hp/vendor/laravel/framework/src/Illuminate/View/View.php(192): Illuminate/View/View->getContents()
#27 C:/xampp/htdocs/hp/vendor/laravel/framework/src/Illuminate/View/View.php(161): Illuminate/View/View->renderContents()
#28 C:/xampp/htdocs/hp/vendor/livewire/livewire/src/Mechanisms/HandleComponents/HandleComponents.php(288): Illuminate/View/View->render(Object(Closure))
#29 C:/xampp/htdocs/hp/vendor/livewire/livewire/src/Mechanisms/HandleComponents/HandleComponents.php(332): Livewire/Mechanisms/HandleComponents/HandleComponents->Livewire/Mechanisms/HandleComponents/{closure}()
#30 C:/xampp/htdocs/hp/vendor/livewire/livewire/src/Mechanisms/HandleComponents/HandleComponents.php(280): Livewire/Mechanisms/HandleComponents/HandleComponents->trackInRenderStack(Object(App/Filament/Resources/AppointmentResource/Pages/ListAppointments), Object(Closure))
#31 C:/xampp/htdocs/hp/vendor/livewire/livewire/src/Mechanisms/HandleComponents/HandleComponents.php(54): Livewire/Mechanisms/HandleComponents/HandleComponents->render(Object(App/Filament/Resources/AppointmentResource/Pages/ListAppointments), '<div></div>')
#32 C:/xampp/htdocs/hp/vendor/livewire/livewire/src/LivewireManager.php(73): Livewire/Mechanisms/HandleComponents/HandleComponents->mount('App//Filament//Re...', Array, NULL)
#33 C:/xampp/htdocs/hp/vendor/livewire/livewire/src/Features/SupportPageComponents/HandlesPageComponents.php(17): Livewire/LivewireManager->mount('App//Filament//Re...', Array)
#34 C:/xampp/htdocs/hp/vendor/livewire/livewire/src/Features/SupportPageComponents/SupportPageComponents.php(117): Livewire/Component->Livewire/Features/SupportPageComponents/{closure}()
#35 C:/xampp/htdocs/hp/vendor/livewire/livewire/src/Features/SupportPageComponents/HandlesPageComponents.php(14): Livewire/Features/SupportPageComponents/SupportPageComponents::interceptTheRenderOfTheComponentAndRetreiveTheLayoutConfiguration(Object(Closure))
#36 C:/xampp/htdocs/hp/vendor/laravel/framework/src/Illuminate/Routing/ControllerDispatcher.php(47): Livewire/Component->__invoke()
#37 C:/xampp/htdocs/hp/vendor/laravel/framework/src/Illuminate/Routing/Route.php(266): Illuminate/Routing/ControllerDispatcher->dispatch(Object(Illuminate/Routing/Route), Object(App/Filament/Resources/AppointmentResource/Pages/ListAppointments), '__invoke')
#38 C:/xampp/htdocs/hp/vendor/laravel/framework/src/Illuminate/Routing/Route.php(212): Illuminate/Routing/Route->runController()
#39 C:/xampp/htdocs/hp/vendor/laravel/framework/src/Illuminate/Routing/Router.php(808): Illuminate/Routing/Route->run()
#40 C:/xampp/htdocs/hp/vendor/laravel/framework/src/Illuminate/Pipeline/Pipeline.php(170): Illuminate/Routing/Router->Illuminate/Routing/{closure}(Object(Illuminate/Http/Request))
#41 C:/xampp/htdocs/hp/vendor/filament/filament/src/Http/Middleware/DispatchServingFilamentEvent.php(15): Illuminate/Pipeline/Pipeline->Illuminate/Pipeline/{closure}(Object(Illuminate/Http/Request))
#42 C:/xampp/htdocs/hp/vendor/laravel/framework/src/Illuminate/Pipeline/Pipeline.php(209): Filament/Http/Middleware/DispatchServingFilamentEvent->handle(Object(Illuminate/Http/Request), Object(Closure))
#43 C:/xampp/htdocs/hp/vendor/filament/filament/src/Http/Middleware/DisableBladeIconComponents.php(14): Illuminate/Pipeline/Pipeline->Illuminate/Pipeline/{closure}(Object(Illuminate/Http/Request))
#44 C:/xampp/htdocs/hp/vendor/laravel/framework/src/Illuminate/Pipeline/Pipeline.php(209): Filament/Http/Middleware/DisableBladeIconComponents->handle(Object(Illuminate/Http/Request), Object(Closure))
#45 C:/xampp/htdocs/hp/vendor/laravel/framework/src/Illuminate/Routing/Middleware/SubstituteBindings.php(51): Illuminate/Pipeline/Pipeline->Illuminate/Pipeline/{closure}(Object(Illuminate/Http/Request))
#46 C:/xampp/htdocs/hp/vendor/laravel/framework/src/Illuminate/Pipeline/Pipeline.php(209): Illuminate/Routing/Middleware/SubstituteBindings->handle(Object(Illuminate/Http/Request), Object(Closure))
#47 C:/xampp/htdocs/hp/vendor/laravel/framework/src/Illuminate/Foundation/Http/Middleware/VerifyCsrfToken.php(88): Illuminate/Pipeline/Pipeline->Illuminate/Pipeline/{closure}(Object(Illuminate/Http/Request))
#48 C:/xampp/htdocs/hp/vendor/laravel/framework/src/Illuminate/Pipeline/Pipeline.php(209): Illuminate/Foundation/Http/Middleware/VerifyCsrfToken->handle(Object(Illuminate/Http/Request), Object(Closure))
#49 C:/xampp/htdocs/hp/vendor/laravel/framework/src/Illuminate/Session/Middleware/AuthenticateSession.php(67): Illuminate/Pipeline/Pipeline->Illuminate/Pipeline/{closure}(Object(Illuminate/Http/Request))
#50 C:/xampp/htdocs/hp/vendor/laravel/framework/src/Illuminate/Pipeline/Pipeline.php(209): Illuminate/Session/Middleware/AuthenticateSession->handle(Object(Illuminate/Http/Request), Object(Closure))
#51 C:/xampp/htdocs/hp/vendor/laravel/framework/src/Illuminate/Auth/Middleware/Authenticate.php(64): Illuminate/Pipeline/Pipeline->Illuminate/Pipeline/{closure}(Object(Illuminate/Http/Request))
#52 C:/xampp/htdocs/hp/vendor/laravel/framework/src/Illuminate/Pipeline/Pipeline.php(209): Illuminate/Auth/Middleware/Authenticate->handle(Object(Illuminate/Http/Request), Object(Closure))
#53 C:/xampp/htdocs/hp/vendor/laravel/framework/src/Illuminate/View/Middleware/ShareErrorsFromSession.php(49): Illuminate/Pipeline/Pipeline->Illuminate/Pipeline/{closure}(Object(Illuminate/Http/Request))
#54 C:/xampp/htdocs/hp/vendor/laravel/framework/src/Illuminate/Pipeline/Pipeline.php(209): Illuminate/View/Middleware/ShareErrorsFromSession->handle(Object(Illuminate/Http/Request), Object(Closure))
#55 C:/xampp/htdocs/hp/vendor/laravel/framework/src/Illuminate/Session/Middleware/StartSession.php(121): Illuminate/Pipeline/Pipeline->Illuminate/Pipeline/{closure}(Object(Illuminate/Http/Request))
#56 C:/xampp/htdocs/hp/vendor/laravel/framework/src/Illuminate/Session/Middleware/StartSession.php(64): Illuminate/Session/Middleware/StartSession->handleStatefulRequest(Object(Illuminate/Http/Request), Object(Illuminate/Session/Store), Object(Closure))
#57 C:/xampp/htdocs/hp/vendor/laravel/framework/src/Illuminate/Pipeline/Pipeline.php(209): Illuminate/Session/Middleware/StartSession->handle(Object(Illuminate/Http/Request), Object(Closure))
#58 C:/xampp/htdocs/hp/vendor/laravel/framework/src/Illuminate/Cookie/Middleware/AddQueuedCookiesToResponse.php(37): Illuminate/Pipeline/Pipeline->Illuminate/Pipeline/{closure}(Object(Illuminate/Http/Request))
#59 C:/xampp/htdocs/hp/vendor/laravel/framework/src/Illuminate/Pipeline/Pipeline.php(209): Illuminate/Cookie/Middleware/AddQueuedCookiesToResponse->handle(Object(Illuminate/Http/Request), Object(Closure))
#60 C:/xampp/htdocs/hp/vendor/laravel/framework/src/Illuminate/Cookie/Middleware/EncryptCookies.php(75): Illuminate/Pipeline/Pipeline->Illuminate/Pipeline/{closure}(Object(Illuminate/Http/Request))
#61 C:/xampp/htdocs/hp/vendor/laravel/framework/src/Illuminate/Pipeline/Pipeline.php(209): Illuminate/Cookie/Middleware/EncryptCookies->handle(Object(Illuminate/Http/Request), Object(Closure))
#62 C:/xampp/htdocs/hp/vendor/filament/filament/src/Http/Middleware/SetUpPanel.php(19): Illuminate/Pipeline/Pipeline->Illuminate/Pipeline/{closure}(Object(Illuminate/Http/Request))
#63 C:/xampp/htdocs/hp/vendor/laravel/framework/src/Illuminate/Pipeline/Pipeline.php(209): Filament/Http/Middleware/SetUpPanel->handle(Object(Illuminate/Http/Request), Object(Closure), Object(Filament/Panel))
#64 C:/xampp/htdocs/hp/vendor/laravel/framework/src/Illuminate/Pipeline/Pipeline.php(127): Illuminate/Pipeline/Pipeline->Illuminate/Pipeline/{closure}(Object(Illuminate/Http/Request))
#65 C:/xampp/htdocs/hp/vendor/laravel/framework/src/Illuminate/Routing/Router.php(807): Illuminate/Pipeline/Pipeline->then(Object(Closure))
#66 C:/xampp/htdocs/hp/vendor/laravel/framework/src/Illuminate/Routing/Router.php(786): Illuminate/Routing/Router->runRouteWithinStack(Object(Illuminate/Routing/Route), Object(Illuminate/Http/Request))
#67 C:/xampp/htdocs/hp/vendor/laravel/framework/src/Illuminate/Routing/Router.php(750): Illuminate/Routing/Router->runRoute(Object(Illuminate/Http/Request), Object(Illuminate/Routing/Route))
#68 C:/xampp/htdocs/hp/vendor/laravel/framework/src/Illuminate/Routing/Router.php(739): Illuminate/Routing/Router->dispatchToRoute(Object(Illuminate/Http/Request))
#69 C:/xampp/htdocs/hp/vendor/laravel/framework/src/Illuminate/Foundation/Http/Kernel.php(201): Illuminate/Routing/Router->dispatch(Object(Illuminate/Http/Request))
#70 C:/xampp/htdocs/hp/vendor/laravel/framework/src/Illuminate/Pipeline/Pipeline.php(170): Illuminate/Foundation/Http/Kernel->Illuminate/Foundation/Http/{closure}(Object(Illuminate/Http/Request))
#71 C:/xampp/htdocs/hp/vendor/livewire/livewire/src/Features/SupportDisablingBackButtonCache/DisableBackButtonCacheMiddleware.php(19): Illuminate/Pipeline/Pipeline->Illuminate/Pipeline/{closure}(Object(Illuminate/Http/Request))
#72 C:/xampp/htdocs/hp/vendor/laravel/framework/src/Illuminate/Pipeline/Pipeline.php(209): Livewire/Features/SupportDisablingBackButtonCache/DisableBackButtonCacheMiddleware->handle(Object(Illuminate/Http/Request), Object(Closure))
#73 C:/xampp/htdocs/hp/vendor/laravel/framework/src/Illuminate/Foundation/Http/Middleware/TransformsRequest.php(21): Illuminate/Pipeline/Pipeline->Illuminate/Pipeline/{closure}(Object(Illuminate/Http/Request))
#74 C:/xampp/htdocs/hp/vendor/laravel/framework/src/Illuminate/Foundation/Http/Middleware/ConvertEmptyStringsToNull.php(31): Illuminate/Foundation/Http/Middleware/TransformsRequest->handle(Object(Illuminate/Http/Request), Object(Closure))
#75 C:/xampp/htdocs/hp/vendor/laravel/framework/src/Illuminate/Pipeline/Pipeline.php(209): Illuminate/Foundation/Http/Middleware/ConvertEmptyStringsToNull->handle(Object(Illuminate/Http/Request), Object(Closure))
#76 C:/xampp/htdocs/hp/vendor/laravel/framework/src/Illuminate/Foundation/Http/Middleware/TransformsRequest.php(21): Illuminate/Pipeline/Pipeline->Illuminate/Pipeline/{closure}(Object(Illuminate/Http/Request))
#77 C:/xampp/htdocs/hp/vendor/laravel/framework/src/Illuminate/Foundation/Http/Middleware/TrimStrings.php(51): Illuminate/Foundation/Http/Middleware/TransformsRequest->handle(Object(Illuminate/Http/Request), Object(Closure))
#78 C:/xampp/htdocs/hp/vendor/laravel/framework/src/Illuminate/Pipeline/Pipeline.php(209): Illuminate/Foundation/Http/Middleware/TrimStrings->handle(Object(Illuminate/Http/Request), Object(Closure))
#79 C:/xampp/htdocs/hp/vendor/laravel/framework/src/Illuminate/Http/Middleware/ValidatePostSize.php(27): Illuminate/Pipeline/Pipeline->Illuminate/Pipeline/{closure}(Object(Illuminate/Http/Request))
#80 C:/xampp/htdocs/hp/vendor/laravel/framework/src/Illuminate/Pipeline/Pipeline.php(209): Illuminate/Http/Middleware/ValidatePostSize->handle(Object(Illuminate/Http/Request), Object(Closure))
#81 C:/xampp/htdocs/hp/vendor/laravel/framework/src/Illuminate/Foundation/Http/Middleware/PreventRequestsDuringMaintenance.php(110): Illuminate/Pipeline/Pipeline->Illuminate/Pipeline/{closure}(Object(Illuminate/Http/Request))
#82 C:/xampp/htdocs/hp/vendor/laravel/framework/src/Illuminate/Pipeline/Pipeline.php(209): Illuminate/Foundation/Http/Middleware/PreventRequestsDuringMaintenance->handle(Object(Illuminate/Http/Request), Object(Closure))
#83 C:/xampp/htdocs/hp/vendor/laravel/framework/src/Illuminate/Http/Middleware/HandleCors.php(49): Illuminate/Pipeline/Pipeline->Illuminate/Pipeline/{closure}(Object(Illuminate/Http/Request))
#84 C:/xampp/htdocs/hp/vendor/laravel/framework/src/Illuminate/Pipeline/Pipeline.php(209): Illuminate/Http/Middleware/HandleCors->handle(Object(Illuminate/Http/Request), Object(Closure))
#85 C:/xampp/htdocs/hp/vendor/laravel/framework/src/Illuminate/Http/Middleware/TrustProxies.php(58): Illuminate/Pipeline/Pipeline->Illuminate/Pipeline/{closure}(Object(Illuminate/Http/Request))
#86 C:/xampp/htdocs/hp/vendor/laravel/framework/src/Illuminate/Pipeline/Pipeline.php(209): Illuminate/Http/Middleware/TrustProxies->handle(Object(Illuminate/Http/Request), Object(Closure))
#87 C:/xampp/htdocs/hp/vendor/laravel/framework/src/Illuminate/Foundation/Http/Middleware/InvokeDeferredCallbacks.php(22): Illuminate/Pipeline/Pipeline->Illuminate/Pipeline/{closure}(Object(Illuminate/Http/Request))
#88 C:/xampp/htdocs/hp/vendor/laravel/framework/src/Illuminate/Pipeline/Pipeline.php(209): Illuminate/Foundation/Http/Middleware/InvokeDeferredCallbacks->handle(Object(Illuminate/Http/Request), Object(Closure))
#89 C:/xampp/htdocs/hp/vendor/laravel/framework/src/Illuminate/Pipeline/Pipeline.php(127): Illuminate/Pipeline/Pipeline->Illuminate/Pipeline/{closure}(Object(Illuminate/Http/Request))
#90 C:/xampp/htdocs/hp/vendor/laravel/framework/src/Illuminate/Foundation/Http/Kernel.php(176): Illuminate/Pipeline/Pipeline->then(Object(Closure))
#91 C:/xampp/htdocs/hp/vendor/laravel/framework/src/Illuminate/Foundation/Http/Kernel.php(145): Illuminate/Foundation/Http/Kernel->sendRequestThroughRouter(Object(Illuminate/Http/Request))
#92 C:/xampp/htdocs/hp/vendor/laravel/framework/src/Illuminate/Foundation/Application.php(1220): Illuminate/Foundation/Http/Kernel->handle(Object(Illuminate/Http/Request))
#93 C:/xampp/htdocs/hp/public/index.php(17): Illuminate/Foundation/Application->handleRequest(Object(Illuminate/Http/Request))
#94 C:/xampp/htdocs/hp/vendor/laravel/framework/src/Illuminate/Foundation/resources/server.php(23): require_once('C://xampp//htdocs...')
#95 {main}
"} 
[2026-09-30 11:57:13] local.ERROR: The "intl" PHP extension is required to use the [format] method. (View: C:\xampp\htdocs\hp\vendor\filament\support\resources\views\components\pagination\index.blade.php) (View: C:\xampp\htdocs\hp\vendor\filament\support\resources\views\components\pagination\index.blade.php) (View: C:\xampp\htdocs\hp\vendor\filament\support\resources\views\components\pagination\index.blade.php) {"userId":1,"exception":"[object] (Illuminate\\View\\ViewException(code: 0): The \"intl\" PHP extension is required to use the [format] method. (View: C:\\xampp\\htdocs\\hp\\vendor\\filament\\support\\resources\\views\\components\\pagination\\index.blade.php) (View: C:\\xampp\\htdocs\\hp\\vendor\\filament\\support\\resources\\views\\components\\pagination\\index.blade.php) (View: C:\\xampp\\htdocs\\hp\\vendor\\filament\\support\\resources\\views\\components\\pagination\\index.blade.php) at C:/xampp/htdocs/hp/vendor/laravel/framework/src/Illuminate/Support/Number.php:385)
[stacktrace]
#0 C:/xampp/htdocs/hp/vendor/livewire/livewire/src/Mechanisms/ExtendBlade/ExtendedCompilerEngine.php(58): Illuminate/View/Engines/CompilerEngine->handleViewException(Object(Illuminate/View/ViewException), 1)
#1 C:/xampp/htdocs/hp/vendor/livewire/livewire/src/Mechanisms/ExtendBlade/ExtendedCompilerEngine.php(40): Livewire/Mechanisms/ExtendBlade/ExtendedCompilerEngine->handleViewException(Object(Illuminate/View/ViewException), 1)
#2 C:/xampp/htdocs/hp/vendor/laravel/framework/src/Illuminate/View/Engines/CompilerEngine.php(75): Livewire/Mechanisms/ExtendBlade/ExtendedCompilerEngine->evaluatePath('C://xampp//htdocs...', Array)
#3 C:/xampp/htdocs/hp/vendor/livewire/livewire/src/Mechanisms/ExtendBlade/ExtendedCompilerEngine.php(16): Illuminate/View/Engines/CompilerEngine->get('C://xampp//htdocs...', Array)
#4 C:/xampp/htdocs/hp/vendor/laravel/framework/src/Illuminate/View/View.php(209): Livewire/Mechanisms/ExtendBlade/ExtendedCompilerEngine->get('C://xampp//htdocs...', Array)
#5 C:/xampp/htdocs/hp/vendor/laravel/framework/src/Illuminate/View/View.php(192): Illuminate/View/View->getContents()
#6 C:/xampp/htdocs/hp/vendor/laravel/framework/src/Illuminate/View/View.php(161): Illuminate/View/View->renderContents()
#7 C:/xampp/htdocs/hp/vendor/livewire/livewire/src/Mechanisms/HandleComponents/HandleComponents.php(288): Illuminate/View/View->render(Object(Closure))
#8 C:/xampp/htdocs/hp/vendor/livewire/livewire/src/Mechanisms/HandleComponents/HandleComponents.php(332): Livewire/Mechanisms/HandleComponents/HandleComponents->Livewire/Mechanisms/HandleComponents/{closure}()
#9 C:/xampp/htdocs/hp/vendor/livewire/livewire/src/Mechanisms/HandleComponents/HandleComponents.php(280): Livewire/Mechanisms/HandleComponents/HandleComponents->trackInRenderStack(Object(App/Filament/Resources/DepartmentResource/Pages/ListDepartments), Object(Closure))
#10 C:/xampp/htdocs/hp/vendor/livewire/livewire/src/Mechanisms/HandleComponents/HandleComponents.php(54): Livewire/Mechanisms/HandleComponents/HandleComponents->render(Object(App/Filament/Resources/DepartmentResource/Pages/ListDepartments), '<div></div>')
#11 C:/xampp/htdocs/hp/vendor/livewire/livewire/src/LivewireManager.php(73): Livewire/Mechanisms/HandleComponents/HandleComponents->mount('App//Filament//Re...', Array, NULL)
#12 C:/xampp/htdocs/hp/vendor/livewire/livewire/src/Features/SupportPageComponents/HandlesPageComponents.php(17): Livewire/LivewireManager->mount('App//Filament//Re...', Array)
#13 C:/xampp/htdocs/hp/vendor/livewire/livewire/src/Features/SupportPageComponents/SupportPageComponents.php(117): Livewire/Component->Livewire/Features/SupportPageComponents/{closure}()
#14 C:/xampp/htdocs/hp/vendor/livewire/livewire/src/Features/SupportPageComponents/HandlesPageComponents.php(14): Livewire/Features/SupportPageComponents/SupportPageComponents::interceptTheRenderOfTheComponentAndRetreiveTheLayoutConfiguration(Object(Closure))
#15 C:/xampp/htdocs/hp/vendor/laravel/framework/src/Illuminate/Routing/ControllerDispatcher.php(47): Livewire/Component->__invoke()
#16 C:/xampp/htdocs/hp/vendor/laravel/framework/src/Illuminate/Routing/Route.php(266): Illuminate/Routing/ControllerDispatcher->dispatch(Object(Illuminate/Routing/Route), Object(App/Filament/Resources/DepartmentResource/Pages/ListDepartments), '__invoke')
#17 C:/xampp/htdocs/hp/vendor/laravel/framework/src/Illuminate/Routing/Route.php(212): Illuminate/Routing/Route->runController()
#18 C:/xampp/htdocs/hp/vendor/laravel/framework/src/Illuminate/Routing/Router.php(808): Illuminate/Routing/Route->run()
#19 C:/xampp/htdocs/hp/vendor/laravel/framework/src/Illuminate/Pipeline/Pipeline.php(170): Illuminate/Routing/Router->Illuminate/Routing/{closure}(Object(Illuminate/Http/Request))
#20 C:/xampp/htdocs/hp/vendor/filament/filament/src/Http/Middleware/DispatchServingFilamentEvent.php(15): Illuminate/Pipeline/Pipeline->Illuminate/Pipeline/{closure}(Object(Illuminate/Http/Request))
#21 C:/xampp/htdocs/hp/vendor/laravel/framework/src/Illuminate/Pipeline/Pipeline.php(209): Filament/Http/Middleware/DispatchServingFilamentEvent->handle(Object(Illuminate/Http/Request), Object(Closure))
#22 C:/xampp/htdocs/hp/vendor/filament/filament/src/Http/Middleware/DisableBladeIconComponents.php(14): Illuminate/Pipeline/Pipeline->Illuminate/Pipeline/{closure}(Object(Illuminate/Http/Request))
#23 C:/xampp/htdocs/hp/vendor/laravel/framework/src/Illuminate/Pipeline/Pipeline.php(209): Filament/Http/Middleware/DisableBladeIconComponents->handle(Object(Illuminate/Http/Request), Object(Closure))
#24 C:/xampp/htdocs/hp/vendor/laravel/framework/src/Illuminate/Routing/Middleware/SubstituteBindings.php(51): Illuminate/Pipeline/Pipeline->Illuminate/Pipeline/{closure}(Object(Illuminate/Http/Request))
#25 C:/xampp/htdocs/hp/vendor/laravel/framework/src/Illuminate/Pipeline/Pipeline.php(209): Illuminate/Routing/Middleware/SubstituteBindings->handle(Object(Illuminate/Http/Request), Object(Closure))
#26 C:/xampp/htdocs/hp/vendor/laravel/framework/src/Illuminate/Foundation/Http/Middleware/VerifyCsrfToken.php(88): Illuminate/Pipeline/Pipeline->Illuminate/Pipeline/{closure}(Object(Illuminate/Http/Request))
#27 C:/xampp/htdocs/hp/vendor/laravel/framework/src/Illuminate/Pipeline/Pipeline.php(209): Illuminate/Foundation/Http/Middleware/VerifyCsrfToken->handle(Object(Illuminate/Http/Request), Object(Closure))
#28 C:/xampp/htdocs/hp/vendor/laravel/framework/src/Illuminate/Session/Middleware/AuthenticateSession.php(67): Illuminate/Pipeline/Pipeline->Illuminate/Pipeline/{closure}(Object(Illuminate/Http/Request))
#29 C:/xampp/htdocs/hp/vendor/laravel/framework/src/Illuminate/Pipeline/Pipeline.php(209): Illuminate/Session/Middleware/AuthenticateSession->handle(Object(Illuminate/Http/Request), Object(Closure))
#30 C:/xampp/htdocs/hp/vendor/laravel/framework/src/Illuminate/Auth/Middleware/Authenticate.php(64): Illuminate/Pipeline/Pipeline->Illuminate/Pipeline/{closure}(Object(Illuminate/Http/Request))
#31 C:/xampp/htdocs/hp/vendor/laravel/framework/src/Illuminate/Pipeline/Pipeline.php(209): Illuminate/Auth/Middleware/Authenticate->handle(Object(Illuminate/Http/Request), Object(Closure))
#32 C:/xampp/htdocs/hp/vendor/laravel/framework/src/Illuminate/View/Middleware/ShareErrorsFromSession.php(49): Illuminate/Pipeline/Pipeline->Illuminate/Pipeline/{closure}(Object(Illuminate/Http/Request))
#33 C:/xampp/htdocs/hp/vendor/laravel/framework/src/Illuminate/Pipeline/Pipeline.php(209): Illuminate/View/Middleware/ShareErrorsFromSession->handle(Object(Illuminate/Http/Request), Object(Closure))
#34 C:/xampp/htdocs/hp/vendor/laravel/framework/src/Illuminate/Session/Middleware/StartSession.php(121): Illuminate/Pipeline/Pipeline->Illuminate/Pipeline/{closure}(Object(Illuminate/Http/Request))
#35 C:/xampp/htdocs/hp/vendor/laravel/framework/src/Illuminate/Session/Middleware/StartSession.php(64): Illuminate/Session/Middleware/StartSession->handleStatefulRequest(Object(Illuminate/Http/Request), Object(Illuminate/Session/Store), Object(Closure))
#36 C:/xampp/htdocs/hp/vendor/laravel/framework/src/Illuminate/Pipeline/Pipeline.php(209): Illuminate/Session/Middleware/StartSession->handle(Object(Illuminate/Http/Request), Object(Closure))
#37 C:/xampp/htdocs/hp/vendor/laravel/framework/src/Illuminate/Cookie/Middleware/AddQueuedCookiesToResponse.php(37): Illuminate/Pipeline/Pipeline->Illuminate/Pipeline/{closure}(Object(Illuminate/Http/Request))
#38 C:/xampp/htdocs/hp/vendor/laravel/framework/src/Illuminate/Pipeline/Pipeline.php(209): Illuminate/Cookie/Middleware/AddQueuedCookiesToResponse->handle(Object(Illuminate/Http/Request), Object(Closure))
#39 C:/xampp/htdocs/hp/vendor/laravel/framework/src/Illuminate/Cookie/Middleware/EncryptCookies.php(75): Illuminate/Pipeline/Pipeline->Illuminate/Pipeline/{closure}(Object(Illuminate/Http/Request))
#40 C:/xampp/htdocs/hp/vendor/laravel/framework/src/Illuminate/Pipeline/Pipeline.php(209): Illuminate/Cookie/Middleware/EncryptCookies->handle(Object(Illuminate/Http/Request), Object(Closure))
#41 C:/xampp/htdocs/hp/vendor/filament/filament/src/Http/Middleware/SetUpPanel.php(19): Illuminate/Pipeline/Pipeline->Illuminate/Pipeline/{closure}(Object(Illuminate/Http/Request))
#42 C:/xampp/htdocs/hp/vendor/laravel/framework/src/Illuminate/Pipeline/Pipeline.php(209): Filament/Http/Middleware/SetUpPanel->handle(Object(Illuminate/Http/Request), Object(Closure), Object(Filament/Panel))
#43 C:/xampp/htdocs/hp/vendor/laravel/framework/src/Illuminate/Pipeline/Pipeline.php(127): Illuminate/Pipeline/Pipeline->Illuminate/Pipeline/{closure}(Object(Illuminate/Http/Request))
#44 C:/xampp/htdocs/hp/vendor/laravel/framework/src/Illuminate/Routing/Router.php(807): Illuminate/Pipeline/Pipeline->then(Object(Closure))
#45 C:/xampp/htdocs/hp/vendor/laravel/framework/src/Illuminate/Routing/Router.php(786): Illuminate/Routing/Router->runRouteWithinStack(Object(Illuminate/Routing/Route), Object(Illuminate/Http/Request))
#46 C:/xampp/htdocs/hp/vendor/laravel/framework/src/Illuminate/Routing/Router.php(750): Illuminate/Routing/Router->runRoute(Object(Illuminate/Http/Request), Object(Illuminate/Routing/Route))
#47 C:/xampp/htdocs/hp/vendor/laravel/framework/src/Illuminate/Routing/Router.php(739): Illuminate/Routing/Router->dispatchToRoute(Object(Illuminate/Http/Request))
#48 C:/xampp/htdocs/hp/vendor/laravel/framework/src/Illuminate/Foundation/Http/Kernel.php(201): Illuminate/Routing/Router->dispatch(Object(Illuminate/Http/Request))
#49 C:/xampp/htdocs/hp/vendor/laravel/framework/src/Illuminate/Pipeline/Pipeline.php(170): Illuminate/Foundation/Http/Kernel->Illuminate/Foundation/Http/{closure}(Object(Illuminate/Http/Request))
#50 C:/xampp/htdocs/hp/vendor/livewire/livewire/src/Features/SupportDisablingBackButtonCache/DisableBackButtonCacheMiddleware.php(19): Illuminate/Pipeline/Pipeline->Illuminate/Pipeline/{closure}(Object(Illuminate/Http/Request))
#51 C:/xampp/htdocs/hp/vendor/laravel/framework/src/Illuminate/Pipeline/Pipeline.php(209): Livewire/Features/SupportDisablingBackButtonCache/DisableBackButtonCacheMiddleware->handle(Object(Illuminate/Http/Request), Object(Closure))
#52 C:/xampp/htdocs/hp/vendor/laravel/framework/src/Illuminate/Foundation/Http/Middleware/TransformsRequest.php(21): Illuminate/Pipeline/Pipeline->Illuminate/Pipeline/{closure}(Object(Illuminate/Http/Request))
#53 C:/xampp/htdocs/hp/vendor/laravel/framework/src/Illuminate/Foundation/Http/Middleware/ConvertEmptyStringsToNull.php(31): Illuminate/Foundation/Http/Middleware/TransformsRequest->handle(Object(Illuminate/Http/Request), Object(Closure))
#54 C:/xampp/htdocs/hp/vendor/laravel/framework/src/Illuminate/Pipeline/Pipeline.php(209): Illuminate/Foundation/Http/Middleware/ConvertEmptyStringsToNull->handle(Object(Illuminate/Http/Request), Object(Closure))
#55 C:/xampp/htdocs/hp/vendor/laravel/framework/src/Illuminate/Foundation/Http/Middleware/TransformsRequest.php(21): Illuminate/Pipeline/Pipeline->Illuminate/Pipeline/{closure}(Object(Illuminate/Http/Request))
#56 C:/xampp/htdocs/hp/vendor/laravel/framework/src/Illuminate/Foundation/Http/Middleware/TrimStrings.php(51): Illuminate/Foundation/Http/Middleware/TransformsRequest->handle(Object(Illuminate/Http/Request), Object(Closure))
#57 C:/xampp/htdocs/hp/vendor/laravel/framework/src/Illuminate/Pipeline/Pipeline.php(209): Illuminate/Foundation/Http/Middleware/TrimStrings->handle(Object(Illuminate/Http/Request), Object(Closure))
#58 C:/xampp/htdocs/hp/vendor/laravel/framework/src/Illuminate/Http/Middleware/ValidatePostSize.php(27): Illuminate/Pipeline/Pipeline->Illuminate/Pipeline/{closure}(Object(Illuminate/Http/Request))
#59 C:/xampp/htdocs/hp/vendor/laravel/framework/src/Illuminate/Pipeline/Pipeline.php(209): Illuminate/Http/Middleware/ValidatePostSize->handle(Object(Illuminate/Http/Request), Object(Closure))
#60 C:/xampp/htdocs/hp/vendor/laravel/framework/src/Illuminate/Foundation/Http/Middleware/PreventRequestsDuringMaintenance.php(110): Illuminate/Pipeline/Pipeline->Illuminate/Pipeline/{closure}(Object(Illuminate/Http/Request))
#61 C:/xampp/htdocs/hp/vendor/laravel/framework/src/Illuminate/Pipeline/Pipeline.php(209): Illuminate/Foundation/Http/Middleware/PreventRequestsDuringMaintenance->handle(Object(Illuminate/Http/Request), Object(Closure))
#62 C:/xampp/htdocs/hp/vendor/laravel/framework/src/Illuminate/Http/Middleware/HandleCors.php(49): Illuminate/Pipeline/Pipeline->Illuminate/Pipeline/{closure}(Object(Illuminate/Http/Request))
#63 C:/xampp/htdocs/hp/vendor/laravel/framework/src/Illuminate/Pipeline/Pipeline.php(209): Illuminate/Http/Middleware/HandleCors->handle(Object(Illuminate/Http/Request), Object(Closure))
#64 C:/xampp/htdocs/hp/vendor/laravel/framework/src/Illuminate/Http/Middleware/TrustProxies.php(58): Illuminate/Pipeline/Pipeline->Illuminate/Pipeline/{closure}(Object(Illuminate/Http/Request))
#65 C:/xampp/htdocs/hp/vendor/laravel/framework/src/Illuminate/Pipeline/Pipeline.php(209): Illuminate/Http/Middleware/TrustProxies->handle(Object(Illuminate/Http/Request), Object(Closure))
#66 C:/xampp/htdocs/hp/vendor/laravel/framework/src/Illuminate/Foundation/Http/Middleware/InvokeDeferredCallbacks.php(22): Illuminate/Pipeline/Pipeline->Illuminate/Pipeline/{closure}(Object(Illuminate/Http/Request))
#67 C:/xampp/htdocs/hp/vendor/laravel/framework/src/Illuminate/Pipeline/Pipeline.php(209): Illuminate/Foundation/Http/Middleware/InvokeDeferredCallbacks->handle(Object(Illuminate/Http/Request), Object(Closure))
#68 C:/xampp/htdocs/hp/vendor/laravel/framework/src/Illuminate/Pipeline/Pipeline.php(127): Illuminate/Pipeline/Pipeline->Illuminate/Pipeline/{closure}(Object(Illuminate/Http/Request))
#69 C:/xampp/htdocs/hp/vendor/laravel/framework/src/Illuminate/Foundation/Http/Kernel.php(176): Illuminate/Pipeline/Pipeline->then(Object(Closure))
#70 C:/xampp/htdocs/hp/vendor/laravel/framework/src/Illuminate/Foundation/Http/Kernel.php(145): Illuminate/Foundation/Http/Kernel->sendRequestThroughRouter(Object(Illuminate/Http/Request))
#71 C:/xampp/htdocs/hp/vendor/laravel/framework/src/Illuminate/Foundation/Application.php(1220): Illuminate/Foundation/Http/Kernel->handle(Object(Illuminate/Http/Request))
#72 C:/xampp/htdocs/hp/public/index.php(17): Illuminate/Foundation/Application->handleRequest(Object(Illuminate/Http/Request))
#73 C:/xampp/htdocs/hp/vendor/laravel/framework/src/Illuminate/Foundation/resources/server.php(23): require_once('C://xampp//htdocs...')
#74 {main}

[previous exception] [object] (Illuminate\\View\\ViewException(code: 0): The \"intl\" PHP extension is required to use the [format] method. (View: C:\\xampp\\htdocs\\hp\\vendor\\filament\\support\\resources\\views\\components\\pagination\\index.blade.php) (View: C:\\xampp\\htdocs\\hp\\vendor\\filament\\support\\resources\\views\\components\\pagination\\index.blade.php) at C:/xampp/htdocs/hp/vendor/laravel/framework/src/Illuminate/Support/Number.php:385)
[stacktrace]
#0 C:/xampp/htdocs/hp/vendor/livewire/livewire/src/Mechanisms/ExtendBlade/ExtendedCompilerEngine.php(58): Illuminate/View/Engines/CompilerEngine->handleViewException(Object(Illuminate/View/ViewException), 3)
#1 C:/xampp/htdocs/hp/vendor/livewire/livewire/src/Mechanisms/ExtendBlade/ExtendedCompilerEngine.php(40): Livewire/Mechanisms/ExtendBlade/ExtendedCompilerEngine->handleViewException(Object(Illuminate/View/ViewException), 3)
#2 C:/xampp/htdocs/hp/vendor/laravel/framework/src/Illuminate/View/Engines/CompilerEngine.php(75): Livewire/Mechanisms/ExtendBlade/ExtendedCompilerEngine->evaluatePath('C://xampp//htdocs...', Array)
#3 C:/xampp/htdocs/hp/vendor/livewire/livewire/src/Mechanisms/ExtendBlade/ExtendedCompilerEngine.php(16): Illuminate/View/Engines/CompilerEngine->get('C://xampp//htdocs...', Array)
#4 C:/xampp/htdocs/hp/vendor/laravel/framework/src/Illuminate/View/View.php(209): Livewire/Mechanisms/ExtendBlade/ExtendedCompilerEngine->get('C://xampp//htdocs...', Array)
#5 C:/xampp/htdocs/hp/vendor/laravel/framework/src/Illuminate/View/View.php(192): Illuminate/View/View->getContents()
#6 C:/xampp/htdocs/hp/vendor/laravel/framework/src/Illuminate/View/View.php(161): Illuminate/View/View->renderContents()
#7 C:/xampp/htdocs/hp/vendor/filament/support/src/Components/ViewComponent.php(115): Illuminate/View/View->render()
#8 C:/xampp/htdocs/hp/vendor/laravel/framework/src/Illuminate/Support/helpers.php(134): Filament/Support/Components/ViewComponent->toHtml()
#9 C:/xampp/htdocs/hp/storage/framework/views/853058402355b8ac6aa7297050bc2a12.php(42): e(Object(Filament/Tables/Table))
#10 C:/xampp/htdocs/hp/vendor/livewire/livewire/src/Mechanisms/ExtendBlade/ExtendedCompilerEngine.php(37): include('C://xampp//htdocs...')
#11 C:/xampp/htdocs/hp/vendor/livewire/livewire/src/Mechanisms/ExtendBlade/ExtendedCompilerEngine.php(38): App/Filament/Resources/DepartmentResource/Pages/ListDepartments->Livewire/Mechanisms/ExtendBlade/{closure}()
#12 C:/xampp/htdocs/hp/vendor/laravel/framework/src/Illuminate/View/Engines/CompilerEngine.php(75): Livewire/Mechanisms/ExtendBlade/ExtendedCompilerEngine->evaluatePath('C://xampp//htdocs...', Array)
#13 C:/xampp/htdocs/hp/vendor/livewire/livewire/src/Mechanisms/ExtendBlade/ExtendedCompilerEngine.php(16): Illuminate/View/Engines/CompilerEngine->get('C://xampp//htdocs...', Array)
#14 C:/xampp/htdocs/hp/vendor/laravel/framework/src/Illuminate/View/View.php(209): Livewire/Mechanisms/ExtendBlade/ExtendedCompilerEngine->get('C://xampp//htdocs...', Array)
#15 C:/xampp/htdocs/hp/vendor/laravel/framework/src/Illuminate/View/View.php(192): Illuminate/View/View->getContents()
#16 C:/xampp/htdocs/hp/vendor/laravel/framework/src/Illuminate/View/View.php(161): Illuminate/View/View->renderContents()
#17 C:/xampp/htdocs/hp/vendor/livewire/livewire/src/Mechanisms/HandleComponents/HandleComponents.php(288): Illuminate/View/View->render(Object(Closure))
#18 C:/xampp/htdocs/hp/vendor/livewire/livewire/src/Mechanisms/HandleComponents/HandleComponents.php(332): Livewire/Mechanisms/HandleComponents/HandleComponents->Livewire/Mechanisms/HandleComponents/{closure}()
#19 C:/xampp/htdocs/hp/vendor/livewire/livewire/src/Mechanisms/HandleComponents/HandleComponents.php(280): Livewire/Mechanisms/HandleComponents/HandleComponents->trackInRenderStack(Object(App/Filament/Resources/DepartmentResource/Pages/ListDepartments), Object(Closure))
#20 C:/xampp/htdocs/hp/vendor/livewire/livewire/src/Mechanisms/HandleComponents/HandleComponents.php(54): Livewire/Mechanisms/HandleComponents/HandleComponents->render(Object(App/Filament/Resources/DepartmentResource/Pages/ListDepartments), '<div></div>')
#21 C:/xampp/htdocs/hp/vendor/livewire/livewire/src/LivewireManager.php(73): Livewire/Mechanisms/HandleComponents/HandleComponents->mount('App//Filament//Re...', Array, NULL)
#22 C:/xampp/htdocs/hp/vendor/livewire/livewire/src/Features/SupportPageComponents/HandlesPageComponents.php(17): Livewire/LivewireManager->mount('App//Filament//Re...', Array)
#23 C:/xampp/htdocs/hp/vendor/livewire/livewire/src/Features/SupportPageComponents/SupportPageComponents.php(117): Livewire/Component->Livewire/Features/SupportPageComponents/{closure}()
#24 C:/xampp/htdocs/hp/vendor/livewire/livewire/src/Features/SupportPageComponents/HandlesPageComponents.php(14): Livewire/Features/SupportPageComponents/SupportPageComponents::interceptTheRenderOfTheComponentAndRetreiveTheLayoutConfiguration(Object(Closure))
#25 C:/xampp/htdocs/hp/vendor/laravel/framework/src/Illuminate/Routing/ControllerDispatcher.php(47): Livewire/Component->__invoke()
#26 C:/xampp/htdocs/hp/vendor/laravel/framework/src/Illuminate/Routing/Route.php(266): Illuminate/Routing/ControllerDispatcher->dispatch(Object(Illuminate/Routing/Route), Object(App/Filament/Resources/DepartmentResource/Pages/ListDepartments), '__invoke')
#27 C:/xampp/htdocs/hp/vendor/laravel/framework/src/Illuminate/Routing/Route.php(212): Illuminate/Routing/Route->runController()
#28 C:/xampp/htdocs/hp/vendor/laravel/framework/src/Illuminate/Routing/Router.php(808): Illuminate/Routing/Route->run()
#29 C:/xampp/htdocs/hp/vendor/laravel/framework/src/Illuminate/Pipeline/Pipeline.php(170): Illuminate/Routing/Router->Illuminate/Routing/{closure}(Object(Illuminate/Http/Request))
#30 C:/xampp/htdocs/hp/vendor/filament/filament/src/Http/Middleware/DispatchServingFilamentEvent.php(15): Illuminate/Pipeline/Pipeline->Illuminate/Pipeline/{closure}(Object(Illuminate/Http/Request))
#31 C:/xampp/htdocs/hp/vendor/laravel/framework/src/Illuminate/Pipeline/Pipeline.php(209): Filament/Http/Middleware/DispatchServingFilamentEvent->handle(Object(Illuminate/Http/Request), Object(Closure))
#32 C:/xampp/htdocs/hp/vendor/filament/filament/src/Http/Middleware/DisableBladeIconComponents.php(14): Illuminate/Pipeline/Pipeline->Illuminate/Pipeline/{closure}(Object(Illuminate/Http/Request))
#33 C:/xampp/htdocs/hp/vendor/laravel/framework/src/Illuminate/Pipeline/Pipeline.php(209): Filament/Http/Middleware/DisableBladeIconComponents->handle(Object(Illuminate/Http/Request), Object(Closure))
#34 C:/xampp/htdocs/hp/vendor/laravel/framework/src/Illuminate/Routing/Middleware/SubstituteBindings.php(51): Illuminate/Pipeline/Pipeline->Illuminate/Pipeline/{closure}(Object(Illuminate/Http/Request))
#35 C:/xampp/htdocs/hp/vendor/laravel/framework/src/Illuminate/Pipeline/Pipeline.php(209): Illuminate/Routing/Middleware/SubstituteBindings->handle(Object(Illuminate/Http/Request), Object(Closure))
#36 C:/xampp/htdocs/hp/vendor/laravel/framework/src/Illuminate/Foundation/Http/Middleware/VerifyCsrfToken.php(88): Illuminate/Pipeline/Pipeline->Illuminate/Pipeline/{closure}(Object(Illuminate/Http/Request))
#37 C:/xampp/htdocs/hp/vendor/laravel/framework/src/Illuminate/Pipeline/Pipeline.php(209): Illuminate/Foundation/Http/Middleware/VerifyCsrfToken->handle(Object(Illuminate/Http/Request), Object(Closure))
#38 C:/xampp/htdocs/hp/vendor/laravel/framework/src/Illuminate/Session/Middleware/AuthenticateSession.php(67): Illuminate/Pipeline/Pipeline->Illuminate/Pipeline/{closure}(Object(Illuminate/Http/Request))
#39 C:/xampp/htdocs/hp/vendor/laravel/framework/src/Illuminate/Pipeline/Pipeline.php(209): Illuminate/Session/Middleware/AuthenticateSession->handle(Object(Illuminate/Http/Request), Object(Closure))
#40 C:/xampp/htdocs/hp/vendor/laravel/framework/src/Illuminate/Auth/Middleware/Authenticate.php(64): Illuminate/Pipeline/Pipeline->Illuminate/Pipeline/{closure}(Object(Illuminate/Http/Request))
#41 C:/xampp/htdocs/hp/vendor/laravel/framework/src/Illuminate/Pipeline/Pipeline.php(209): Illuminate/Auth/Middleware/Authenticate->handle(Object(Illuminate/Http/Request), Object(Closure))
#42 C:/xampp/htdocs/hp/vendor/laravel/framework/src/Illuminate/View/Middleware/ShareErrorsFromSession.php(49): Illuminate/Pipeline/Pipeline->Illuminate/Pipeline/{closure}(Object(Illuminate/Http/Request))
#43 C:/xampp/htdocs/hp/vendor/laravel/framework/src/Illuminate/Pipeline/Pipeline.php(209): Illuminate/View/Middleware/ShareErrorsFromSession->handle(Object(Illuminate/Http/Request), Object(Closure))
#44 C:/xampp/htdocs/hp/vendor/laravel/framework/src/Illuminate/Session/Middleware/StartSession.php(121): Illuminate/Pipeline/Pipeline->Illuminate/Pipeline/{closure}(Object(Illuminate/Http/Request))
#45 C:/xampp/htdocs/hp/vendor/laravel/framework/src/Illuminate/Session/Middleware/StartSession.php(64): Illuminate/Session/Middleware/StartSession->handleStatefulRequest(Object(Illuminate/Http/Request), Object(Illuminate/Session/Store), Object(Closure))
#46 C:/xampp/htdocs/hp/vendor/laravel/framework/src/Illuminate/Pipeline/Pipeline.php(209): Illuminate/Session/Middleware/StartSession->handle(Object(Illuminate/Http/Request), Object(Closure))
#47 C:/xampp/htdocs/hp/vendor/laravel/framework/src/Illuminate/Cookie/Middleware/AddQueuedCookiesToResponse.php(37): Illuminate/Pipeline/Pipeline->Illuminate/Pipeline/{closure}(Object(Illuminate/Http/Request))
#48 C:/xampp/htdocs/hp/vendor/laravel/framework/src/Illuminate/Pipeline/Pipeline.php(209): Illuminate/Cookie/Middleware/AddQueuedCookiesToResponse->handle(Object(Illuminate/Http/Request), Object(Closure))
#49 C:/xampp/htdocs/hp/vendor/laravel/framework/src/Illuminate/Cookie/Middleware/EncryptCookies.php(75): Illuminate/Pipeline/Pipeline->Illuminate/Pipeline/{closure}(Object(Illuminate/Http/Request))
#50 C:/xampp/htdocs/hp/vendor/laravel/framework/src/Illuminate/Pipeline/Pipeline.php(209): Illuminate/Cookie/Middleware/EncryptCookies->handle(Object(Illuminate/Http/Request), Object(Closure))
#51 C:/xampp/htdocs/hp/vendor/filament/filament/src/Http/Middleware/SetUpPanel.php(19): Illuminate/Pipeline/Pipeline->Illuminate/Pipeline/{closure}(Object(Illuminate/Http/Request))
#52 C:/xampp/htdocs/hp/vendor/laravel/framework/src/Illuminate/Pipeline/Pipeline.php(209): Filament/Http/Middleware/SetUpPanel->handle(Object(Illuminate/Http/Request), Object(Closure), Object(Filament/Panel))
#53 C:/xampp/htdocs/hp/vendor/laravel/framework/src/Illuminate/Pipeline/Pipeline.php(127): Illuminate/Pipeline/Pipeline->Illuminate/Pipeline/{closure}(Object(Illuminate/Http/Request))
#54 C:/xampp/htdocs/hp/vendor/laravel/framework/src/Illuminate/Routing/Router.php(807): Illuminate/Pipeline/Pipeline->then(Object(Closure))
#55 C:/xampp/htdocs/hp/vendor/laravel/framework/src/Illuminate/Routing/Router.php(786): Illuminate/Routing/Router->runRouteWithinStack(Object(Illuminate/Routing/Route), Object(Illuminate/Http/Request))
#56 C:/xampp/htdocs/hp/vendor/laravel/framework/src/Illuminate/Routing/Router.php(750): Illuminate/Routing/Router->runRoute(Object(Illuminate/Http/Request), Object(Illuminate/Routing/Route))
#57 C:/xampp/htdocs/hp/vendor/laravel/framework/src/Illuminate/Routing/Router.php(739): Illuminate/Routing/Router->dispatchToRoute(Object(Illuminate/Http/Request))
#58 C:/xampp/htdocs/hp/vendor/laravel/framework/src/Illuminate/Foundation/Http/Kernel.php(201): Illuminate/Routing/Router->dispatch(Object(Illuminate/Http/Request))
#59 C:/xampp/htdocs/hp/vendor/laravel/framework/src/Illuminate/Pipeline/Pipeline.php(170): Illuminate/Foundation/Http/Kernel->Illuminate/Foundation/Http/{closure}(Object(Illuminate/Http/Request))
#60 C:/xampp/htdocs/hp/vendor/livewire/livewire/src/Features/SupportDisablingBackButtonCache/DisableBackButtonCacheMiddleware.php(19): Illuminate/Pipeline/Pipeline->Illuminate/Pipeline/{closure}(Object(Illuminate/Http/Request))
#61 C:/xampp/htdocs/hp/vendor/laravel/framework/src/Illuminate/Pipeline/Pipeline.php(209): Livewire/Features/SupportDisablingBackButtonCache/DisableBackButtonCacheMiddleware->handle(Object(Illuminate/Http/Request), Object(Closure))
#62 C:/xampp/htdocs/hp/vendor/laravel/framework/src/Illuminate/Foundation/Http/Middleware/TransformsRequest.php(21): Illuminate/Pipeline/Pipeline->Illuminate/Pipeline/{closure}(Object(Illuminate/Http/Request))
#63 C:/xampp/htdocs/hp/vendor/laravel/framework/src/Illuminate/Foundation/Http/Middleware/ConvertEmptyStringsToNull.php(31): Illuminate/Foundation/Http/Middleware/TransformsRequest->handle(Object(Illuminate/Http/Request), Object(Closure))
#64 C:/xampp/htdocs/hp/vendor/laravel/framework/src/Illuminate/Pipeline/Pipeline.php(209): Illuminate/Foundation/Http/Middleware/ConvertEmptyStringsToNull->handle(Object(Illuminate/Http/Request), Object(Closure))
#65 C:/xampp/htdocs/hp/vendor/laravel/framework/src/Illuminate/Foundation/Http/Middleware/TransformsRequest.php(21): Illuminate/Pipeline/Pipeline->Illuminate/Pipeline/{closure}(Object(Illuminate/Http/Request))
#66 C:/xampp/htdocs/hp/vendor/laravel/framework/src/Illuminate/Foundation/Http/Middleware/TrimStrings.php(51): Illuminate/Foundation/Http/Middleware/TransformsRequest->handle(Object(Illuminate/Http/Request), Object(Closure))
#67 C:/xampp/htdocs/hp/vendor/laravel/framework/src/Illuminate/Pipeline/Pipeline.php(209): Illuminate/Foundation/Http/Middleware/TrimStrings->handle(Object(Illuminate/Http/Request), Object(Closure))
#68 C:/xampp/htdocs/hp/vendor/laravel/framework/src/Illuminate/Http/Middleware/ValidatePostSize.php(27): Illuminate/Pipeline/Pipeline->Illuminate/Pipeline/{closure}(Object(Illuminate/Http/Request))
#69 C:/xampp/htdocs/hp/vendor/laravel/framework/src/Illuminate/Pipeline/Pipeline.php(209): Illuminate/Http/Middleware/ValidatePostSize->handle(Object(Illuminate/Http/Request), Object(Closure))
#70 C:/xampp/htdocs/hp/vendor/laravel/framework/src/Illuminate/Foundation/Http/Middleware/PreventRequestsDuringMaintenance.php(110): Illuminate/Pipeline/Pipeline->Illuminate/Pipeline/{closure}(Object(Illuminate/Http/Request))
#71 C:/xampp/htdocs/hp/vendor/laravel/framework/src/Illuminate/Pipeline/Pipeline.php(209): Illuminate/Foundation/Http/Middleware/PreventRequestsDuringMaintenance->handle(Object(Illuminate/Http/Request), Object(Closure))
#72 C:/xampp/htdocs/hp/vendor/laravel/framework/src/Illuminate/Http/Middleware/HandleCors.php(49): Illuminate/Pipeline/Pipeline->Illuminate/Pipeline/{closure}(Object(Illuminate/Http/Request))
#73 C:/xampp/htdocs/hp/vendor/laravel/framework/src/Illuminate/Pipeline/Pipeline.php(209): Illuminate/Http/Middleware/HandleCors->handle(Object(Illuminate/Http/Request), Object(Closure))
#74 C:/xampp/htdocs/hp/vendor/laravel/framework/src/Illuminate/Http/Middleware/TrustProxies.php(58): Illuminate/Pipeline/Pipeline->Illuminate/Pipeline/{closure}(Object(Illuminate/Http/Request))
#75 C:/xampp/htdocs/hp/vendor/laravel/framework/src/Illuminate/Pipeline/Pipeline.php(209): Illuminate/Http/Middleware/TrustProxies->handle(Object(Illuminate/Http/Request), Object(Closure))
#76 C:/xampp/htdocs/hp/vendor/laravel/framework/src/Illuminate/Foundation/Http/Middleware/InvokeDeferredCallbacks.php(22): Illuminate/Pipeline/Pipeline->Illuminate/Pipeline/{closure}(Object(Illuminate/Http/Request))
#77 C:/xampp/htdocs/hp/vendor/laravel/framework/src/Illuminate/Pipeline/Pipeline.php(209): Illuminate/Foundation/Http/Middleware/InvokeDeferredCallbacks->handle(Object(Illuminate/Http/Request), Object(Closure))
#78 C:/xampp/htdocs/hp/vendor/laravel/framework/src/Illuminate/Pipeline/Pipeline.php(127): Illuminate/Pipeline/Pipeline->Illuminate/Pipeline/{closure}(Object(Illuminate/Http/Request))
#79 C:/xampp/htdocs/hp/vendor/laravel/framework/src/Illuminate/Foundation/Http/Kernel.php(176): Illuminate/Pipeline/Pipeline->then(Object(Closure))
#80 C:/xampp/htdocs/hp/vendor/laravel/framework/src/Illuminate/Foundation/Http/Kernel.php(145): Illuminate/Foundation/Http/Kernel->sendRequestThroughRouter(Object(Illuminate/Http/Request))
#81 C:/xampp/htdocs/hp/vendor/laravel/framework/src/Illuminate/Foundation/Application.php(1220): Illuminate/Foundation/Http/Kernel->handle(Object(Illuminate/Http/Request))
#82 C:/xampp/htdocs/hp/public/index.php(17): Illuminate/Foundation/Application->handleRequest(Object(Illuminate/Http/Request))
#83 C:/xampp/htdocs/hp/vendor/laravel/framework/src/Illuminate/Foundation/resources/server.php(23): require_once('C://xampp//htdocs...')
#84 {main}

[previous exception] [object] (Illuminate\\View\\ViewException(code: 0): The \"intl\" PHP extension is required to use the [format] method. (View: C:\\xampp\\htdocs\\hp\\vendor\\filament\\support\\resources\\views\\components\\pagination\\index.blade.php) at C:/xampp/htdocs/hp/vendor/laravel/framework/src/Illuminate/Support/Number.php:385)
[stacktrace]
#0 C:/xampp/htdocs/hp/vendor/livewire/livewire/src/Mechanisms/ExtendBlade/ExtendedCompilerEngine.php(58): Illuminate/View/Engines/CompilerEngine->handleViewException(Object(RuntimeException), 5)
#1 C:/xampp/htdocs/hp/vendor/livewire/livewire/src/Mechanisms/ExtendBlade/ExtendedCompilerEngine.php(40): Livewire/Mechanisms/ExtendBlade/ExtendedCompilerEngine->handleViewException(Object(RuntimeException), 5)
#2 C:/xampp/htdocs/hp/vendor/laravel/framework/src/Illuminate/View/Engines/CompilerEngine.php(75): Livewire/Mechanisms/ExtendBlade/ExtendedCompilerEngine->evaluatePath('C://xampp//htdocs...', Array)
#3 C:/xampp/htdocs/hp/vendor/livewire/livewire/src/Mechanisms/ExtendBlade/ExtendedCompilerEngine.php(16): Illuminate/View/Engines/CompilerEngine->get('C://xampp//htdocs...', Array)
#4 C:/xampp/htdocs/hp/vendor/laravel/framework/src/Illuminate/View/View.php(209): Livewire/Mechanisms/ExtendBlade/ExtendedCompilerEngine->get('C://xampp//htdocs...', Array)
#5 C:/xampp/htdocs/hp/vendor/laravel/framework/src/Illuminate/View/View.php(192): Illuminate/View/View->getContents()
#6 C:/xampp/htdocs/hp/vendor/laravel/framework/src/Illuminate/View/View.php(161): Illuminate/View/View->renderContents()
#7 C:/xampp/htdocs/hp/vendor/laravel/framework/src/Illuminate/View/Concerns/ManagesComponents.php(103): Illuminate/View/View->render()
#8 C:/xampp/htdocs/hp/storage/framework/views/6477c3f58b3f6bca4ff1555fac23c21c.php(2458): Illuminate/View/Factory->renderComponent()
#9 C:/xampp/htdocs/hp/vendor/livewire/livewire/src/Mechanisms/ExtendBlade/ExtendedCompilerEngine.php(37): include('C://xampp//htdocs...')
#10 C:/xampp/htdocs/hp/vendor/livewire/livewire/src/Mechanisms/ExtendBlade/ExtendedCompilerEngine.php(38): App/Filament/Resources/DepartmentResource/Pages/ListDepartments->Livewire/Mechanisms/ExtendBlade/{closure}()
#11 C:/xampp/htdocs/hp/vendor/laravel/framework/src/Illuminate/View/Engines/CompilerEngine.php(75): Livewire/Mechanisms/ExtendBlade/ExtendedCompilerEngine->evaluatePath('C://xampp//htdocs...', Array)
#12 C:/xampp/htdocs/hp/vendor/livewire/livewire/src/Mechanisms/ExtendBlade/ExtendedCompilerEngine.php(16): Illuminate/View/Engines/CompilerEngine->get('C://xampp//htdocs...', Array)
#13 C:/xampp/htdocs/hp/vendor/laravel/framework/src/Illuminate/View/View.php(209): Livewire/Mechanisms/ExtendBlade/ExtendedCompilerEngine->get('C://xampp//htdocs...', Array)
#14 C:/xampp/htdocs/hp/vendor/laravel/framework/src/Illuminate/View/View.php(192): Illuminate/View/View->getContents()
#15 C:/xampp/htdocs/hp/vendor/laravel/framework/src/Illuminate/View/View.php(161): Illuminate/View/View->renderContents()
#16 C:/xampp/htdocs/hp/vendor/filament/support/src/Components/ViewComponent.php(115): Illuminate/View/View->render()
#17 C:/xampp/htdocs/hp/vendor/laravel/framework/src/Illuminate/Support/helpers.php(134): Filament/Support/Components/ViewComponent->toHtml()
#18 C:/xampp/htdocs/hp/storage/framework/views/853058402355b8ac6aa7297050bc2a12.php(42): e(Object(Filament/Tables/Table))
#19 C:/xampp/htdocs/hp/vendor/livewire/livewire/src/Mechanisms/ExtendBlade/ExtendedCompilerEngine.php(37): include('C://xampp//htdocs...')
#20 C:/xampp/htdocs/hp/vendor/livewire/livewire/src/Mechanisms/ExtendBlade/ExtendedCompilerEngine.php(38): App/Filament/Resources/DepartmentResource/Pages/ListDepartments->Livewire/Mechanisms/ExtendBlade/{closure}()
#21 C:/xampp/htdocs/hp/vendor/laravel/framework/src/Illuminate/View/Engines/CompilerEngine.php(75): Livewire/Mechanisms/ExtendBlade/ExtendedCompilerEngine->evaluatePath('C://xampp//htdocs...', Array)
#22 C:/xampp/htdocs/hp/vendor/livewire/livewire/src/Mechanisms/ExtendBlade/ExtendedCompilerEngine.php(16): Illuminate/View/Engines/CompilerEngine->get('C://xampp//htdocs...', Array)
#23 C:/xampp/htdocs/hp/vendor/laravel/framework/src/Illuminate/View/View.php(209): Livewire/Mechanisms/ExtendBlade/ExtendedCompilerEngine->get('C://xampp//htdocs...', Array)
#24 C:/xampp/htdocs/hp/vendor/laravel/framework/src/Illuminate/View/View.php(192): Illuminate/View/View->getContents()
#25 C:/xampp/htdocs/hp/vendor/laravel/framework/src/Illuminate/View/View.php(161): Illuminate/View/View->renderContents()
#26 C:/xampp/htdocs/hp/vendor/livewire/livewire/src/Mechanisms/HandleComponents/HandleComponents.php(288): Illuminate/View/View->render(Object(Closure))
#27 C:/xampp/htdocs/hp/vendor/livewire/livewire/src/Mechanisms/HandleComponents/HandleComponents.php(332): Livewire/Mechanisms/HandleComponents/HandleComponents->Livewire/Mechanisms/HandleComponents/{closure}()
#28 C:/xampp/htdocs/hp/vendor/livewire/livewire/src/Mechanisms/HandleComponents/HandleComponents.php(280): Livewire/Mechanisms/HandleComponents/HandleComponents->trackInRenderStack(Object(App/Filament/Resources/DepartmentResource/Pages/ListDepartments), Object(Closure))
#29 C:/xampp/htdocs/hp/vendor/livewire/livewire/src/Mechanisms/HandleComponents/HandleComponents.php(54): Livewire/Mechanisms/HandleComponents/HandleComponents->render(Object(App/Filament/Resources/DepartmentResource/Pages/ListDepartments), '<div></div>')
#30 C:/xampp/htdocs/hp/vendor/livewire/livewire/src/LivewireManager.php(73): Livewire/Mechanisms/HandleComponents/HandleComponents->mount('App//Filament//Re...', Array, NULL)
#31 C:/xampp/htdocs/hp/vendor/livewire/livewire/src/Features/SupportPageComponents/HandlesPageComponents.php(17): Livewire/LivewireManager->mount('App//Filament//Re...', Array)
#32 C:/xampp/htdocs/hp/vendor/livewire/livewire/src/Features/SupportPageComponents/SupportPageComponents.php(117): Livewire/Component->Livewire/Features/SupportPageComponents/{closure}()
#33 C:/xampp/htdocs/hp/vendor/livewire/livewire/src/Features/SupportPageComponents/HandlesPageComponents.php(14): Livewire/Features/SupportPageComponents/SupportPageComponents::interceptTheRenderOfTheComponentAndRetreiveTheLayoutConfiguration(Object(Closure))
#34 C:/xampp/htdocs/hp/vendor/laravel/framework/src/Illuminate/Routing/ControllerDispatcher.php(47): Livewire/Component->__invoke()
#35 C:/xampp/htdocs/hp/vendor/laravel/framework/src/Illuminate/Routing/Route.php(266): Illuminate/Routing/ControllerDispatcher->dispatch(Object(Illuminate/Routing/Route), Object(App/Filament/Resources/DepartmentResource/Pages/ListDepartments), '__invoke')
#36 C:/xampp/htdocs/hp/vendor/laravel/framework/src/Illuminate/Routing/Route.php(212): Illuminate/Routing/Route->runController()
#37 C:/xampp/htdocs/hp/vendor/laravel/framework/src/Illuminate/Routing/Router.php(808): Illuminate/Routing/Route->run()
#38 C:/xampp/htdocs/hp/vendor/laravel/framework/src/Illuminate/Pipeline/Pipeline.php(170): Illuminate/Routing/Router->Illuminate/Routing/{closure}(Object(Illuminate/Http/Request))
#39 C:/xampp/htdocs/hp/vendor/filament/filament/src/Http/Middleware/DispatchServingFilamentEvent.php(15): Illuminate/Pipeline/Pipeline->Illuminate/Pipeline/{closure}(Object(Illuminate/Http/Request))
#40 C:/xampp/htdocs/hp/vendor/laravel/framework/src/Illuminate/Pipeline/Pipeline.php(209): Filament/Http/Middleware/DispatchServingFilamentEvent->handle(Object(Illuminate/Http/Request), Object(Closure))
#41 C:/xampp/htdocs/hp/vendor/filament/filament/src/Http/Middleware/DisableBladeIconComponents.php(14): Illuminate/Pipeline/Pipeline->Illuminate/Pipeline/{closure}(Object(Illuminate/Http/Request))
#42 C:/xampp/htdocs/hp/vendor/laravel/framework/src/Illuminate/Pipeline/Pipeline.php(209): Filament/Http/Middleware/DisableBladeIconComponents->handle(Object(Illuminate/Http/Request), Object(Closure))
#43 C:/xampp/htdocs/hp/vendor/laravel/framework/src/Illuminate/Routing/Middleware/SubstituteBindings.php(51): Illuminate/Pipeline/Pipeline->Illuminate/Pipeline/{closure}(Object(Illuminate/Http/Request))
#44 C:/xampp/htdocs/hp/vendor/laravel/framework/src/Illuminate/Pipeline/Pipeline.php(209): Illuminate/Routing/Middleware/SubstituteBindings->handle(Object(Illuminate/Http/Request), Object(Closure))
#45 C:/xampp/htdocs/hp/vendor/laravel/framework/src/Illuminate/Foundation/Http/Middleware/VerifyCsrfToken.php(88): Illuminate/Pipeline/Pipeline->Illuminate/Pipeline/{closure}(Object(Illuminate/Http/Request))
#46 C:/xampp/htdocs/hp/vendor/laravel/framework/src/Illuminate/Pipeline/Pipeline.php(209): Illuminate/Foundation/Http/Middleware/VerifyCsrfToken->handle(Object(Illuminate/Http/Request), Object(Closure))
#47 C:/xampp/htdocs/hp/vendor/laravel/framework/src/Illuminate/Session/Middleware/AuthenticateSession.php(67): Illuminate/Pipeline/Pipeline->Illuminate/Pipeline/{closure}(Object(Illuminate/Http/Request))
#48 C:/xampp/htdocs/hp/vendor/laravel/framework/src/Illuminate/Pipeline/Pipeline.php(209): Illuminate/Session/Middleware/AuthenticateSession->handle(Object(Illuminate/Http/Request), Object(Closure))
#49 C:/xampp/htdocs/hp/vendor/laravel/framework/src/Illuminate/Auth/Middleware/Authenticate.php(64): Illuminate/Pipeline/Pipeline->Illuminate/Pipeline/{closure}(Object(Illuminate/Http/Request))
#50 C:/xampp/htdocs/hp/vendor/laravel/framework/src/Illuminate/Pipeline/Pipeline.php(209): Illuminate/Auth/Middleware/Authenticate->handle(Object(Illuminate/Http/Request), Object(Closure))
#51 C:/xampp/htdocs/hp/vendor/laravel/framework/src/Illuminate/View/Middleware/ShareErrorsFromSession.php(49): Illuminate/Pipeline/Pipeline->Illuminate/Pipeline/{closure}(Object(Illuminate/Http/Request))
#52 C:/xampp/htdocs/hp/vendor/laravel/framework/src/Illuminate/Pipeline/Pipeline.php(209): Illuminate/View/Middleware/ShareErrorsFromSession->handle(Object(Illuminate/Http/Request), Object(Closure))
#53 C:/xampp/htdocs/hp/vendor/laravel/framework/src/Illuminate/Session/Middleware/StartSession.php(121): Illuminate/Pipeline/Pipeline->Illuminate/Pipeline/{closure}(Object(Illuminate/Http/Request))
#54 C:/xampp/htdocs/hp/vendor/laravel/framework/src/Illuminate/Session/Middleware/StartSession.php(64): Illuminate/Session/Middleware/StartSession->handleStatefulRequest(Object(Illuminate/Http/Request), Object(Illuminate/Session/Store), Object(Closure))
#55 C:/xampp/htdocs/hp/vendor/laravel/framework/src/Illuminate/Pipeline/Pipeline.php(209): Illuminate/Session/Middleware/StartSession->handle(Object(Illuminate/Http/Request), Object(Closure))
#56 C:/xampp/htdocs/hp/vendor/laravel/framework/src/Illuminate/Cookie/Middleware/AddQueuedCookiesToResponse.php(37): Illuminate/Pipeline/Pipeline->Illuminate/Pipeline/{closure}(Object(Illuminate/Http/Request))
#57 C:/xampp/htdocs/hp/vendor/laravel/framework/src/Illuminate/Pipeline/Pipeline.php(209): Illuminate/Cookie/Middleware/AddQueuedCookiesToResponse->handle(Object(Illuminate/Http/Request), Object(Closure))
#58 C:/xampp/htdocs/hp/vendor/laravel/framework/src/Illuminate/Cookie/Middleware/EncryptCookies.php(75): Illuminate/Pipeline/Pipeline->Illuminate/Pipeline/{closure}(Object(Illuminate/Http/Request))
#59 C:/xampp/htdocs/hp/vendor/laravel/framework/src/Illuminate/Pipeline/Pipeline.php(209): Illuminate/Cookie/Middleware/EncryptCookies->handle(Object(Illuminate/Http/Request), Object(Closure))
#60 C:/xampp/htdocs/hp/vendor/filament/filament/src/Http/Middleware/SetUpPanel.php(19): Illuminate/Pipeline/Pipeline->Illuminate/Pipeline/{closure}(Object(Illuminate/Http/Request))
#61 C:/xampp/htdocs/hp/vendor/laravel/framework/src/Illuminate/Pipeline/Pipeline.php(209): Filament/Http/Middleware/SetUpPanel->handle(Object(Illuminate/Http/Request), Object(Closure), Object(Filament/Panel))
#62 C:/xampp/htdocs/hp/vendor/laravel/framework/src/Illuminate/Pipeline/Pipeline.php(127): Illuminate/Pipeline/Pipeline->Illuminate/Pipeline/{closure}(Object(Illuminate/Http/Request))
#63 C:/xampp/htdocs/hp/vendor/laravel/framework/src/Illuminate/Routing/Router.php(807): Illuminate/Pipeline/Pipeline->then(Object(Closure))
#64 C:/xampp/htdocs/hp/vendor/laravel/framework/src/Illuminate/Routing/Router.php(786): Illuminate/Routing/Router->runRouteWithinStack(Object(Illuminate/Routing/Route), Object(Illuminate/Http/Request))
#65 C:/xampp/htdocs/hp/vendor/laravel/framework/src/Illuminate/Routing/Router.php(750): Illuminate/Routing/Router->runRoute(Object(Illuminate/Http/Request), Object(Illuminate/Routing/Route))
#66 C:/xampp/htdocs/hp/vendor/laravel/framework/src/Illuminate/Routing/Router.php(739): Illuminate/Routing/Router->dispatchToRoute(Object(Illuminate/Http/Request))
#67 C:/xampp/htdocs/hp/vendor/laravel/framework/src/Illuminate/Foundation/Http/Kernel.php(201): Illuminate/Routing/Router->dispatch(Object(Illuminate/Http/Request))
#68 C:/xampp/htdocs/hp/vendor/laravel/framework/src/Illuminate/Pipeline/Pipeline.php(170): Illuminate/Foundation/Http/Kernel->Illuminate/Foundation/Http/{closure}(Object(Illuminate/Http/Request))
#69 C:/xampp/htdocs/hp/vendor/livewire/livewire/src/Features/SupportDisablingBackButtonCache/DisableBackButtonCacheMiddleware.php(19): Illuminate/Pipeline/Pipeline->Illuminate/Pipeline/{closure}(Object(Illuminate/Http/Request))
#70 C:/xampp/htdocs/hp/vendor/laravel/framework/src/Illuminate/Pipeline/Pipeline.php(209): Livewire/Features/SupportDisablingBackButtonCache/DisableBackButtonCacheMiddleware->handle(Object(Illuminate/Http/Request), Object(Closure))
#71 C:/xampp/htdocs/hp/vendor/laravel/framework/src/Illuminate/Foundation/Http/Middleware/TransformsRequest.php(21): Illuminate/Pipeline/Pipeline->Illuminate/Pipeline/{closure}(Object(Illuminate/Http/Request))
#72 C:/xampp/htdocs/hp/vendor/laravel/framework/src/Illuminate/Foundation/Http/Middleware/ConvertEmptyStringsToNull.php(31): Illuminate/Foundation/Http/Middleware/TransformsRequest->handle(Object(Illuminate/Http/Request), Object(Closure))
#73 C:/xampp/htdocs/hp/vendor/laravel/framework/src/Illuminate/Pipeline/Pipeline.php(209): Illuminate/Foundation/Http/Middleware/ConvertEmptyStringsToNull->handle(Object(Illuminate/Http/Request), Object(Closure))
#74 C:/xampp/htdocs/hp/vendor/laravel/framework/src/Illuminate/Foundation/Http/Middleware/TransformsRequest.php(21): Illuminate/Pipeline/Pipeline->Illuminate/Pipeline/{closure}(Object(Illuminate/Http/Request))
#75 C:/xampp/htdocs/hp/vendor/laravel/framework/src/Illuminate/Foundation/Http/Middleware/TrimStrings.php(51): Illuminate/Foundation/Http/Middleware/TransformsRequest->handle(Object(Illuminate/Http/Request), Object(Closure))
#76 C:/xampp/htdocs/hp/vendor/laravel/framework/src/Illuminate/Pipeline/Pipeline.php(209): Illuminate/Foundation/Http/Middleware/TrimStrings->handle(Object(Illuminate/Http/Request), Object(Closure))
#77 C:/xampp/htdocs/hp/vendor/laravel/framework/src/Illuminate/Http/Middleware/ValidatePostSize.php(27): Illuminate/Pipeline/Pipeline->Illuminate/Pipeline/{closure}(Object(Illuminate/Http/Request))
#78 C:/xampp/htdocs/hp/vendor/laravel/framework/src/Illuminate/Pipeline/Pipeline.php(209): Illuminate/Http/Middleware/ValidatePostSize->handle(Object(Illuminate/Http/Request), Object(Closure))
#79 C:/xampp/htdocs/hp/vendor/laravel/framework/src/Illuminate/Foundation/Http/Middleware/PreventRequestsDuringMaintenance.php(110): Illuminate/Pipeline/Pipeline->Illuminate/Pipeline/{closure}(Object(Illuminate/Http/Request))
#80 C:/xampp/htdocs/hp/vendor/laravel/framework/src/Illuminate/Pipeline/Pipeline.php(209): Illuminate/Foundation/Http/Middleware/PreventRequestsDuringMaintenance->handle(Object(Illuminate/Http/Request), Object(Closure))
#81 C:/xampp/htdocs/hp/vendor/laravel/framework/src/Illuminate/Http/Middleware/HandleCors.php(49): Illuminate/Pipeline/Pipeline->Illuminate/Pipeline/{closure}(Object(Illuminate/Http/Request))
#82 C:/xampp/htdocs/hp/vendor/laravel/framework/src/Illuminate/Pipeline/Pipeline.php(209): Illuminate/Http/Middleware/HandleCors->handle(Object(Illuminate/Http/Request), Object(Closure))
#83 C:/xampp/htdocs/hp/vendor/laravel/framework/src/Illuminate/Http/Middleware/TrustProxies.php(58): Illuminate/Pipeline/Pipeline->Illuminate/Pipeline/{closure}(Object(Illuminate/Http/Request))
#84 C:/xampp/htdocs/hp/vendor/laravel/framework/src/Illuminate/Pipeline/Pipeline.php(209): Illuminate/Http/Middleware/TrustProxies->handle(Object(Illuminate/Http/Request), Object(Closure))
#85 C:/xampp/htdocs/hp/vendor/laravel/framework/src/Illuminate/Foundation/Http/Middleware/InvokeDeferredCallbacks.php(22): Illuminate/Pipeline/Pipeline->Illuminate/Pipeline/{closure}(Object(Illuminate/Http/Request))
#86 C:/xampp/htdocs/hp/vendor/laravel/framework/src/Illuminate/Pipeline/Pipeline.php(209): Illuminate/Foundation/Http/Middleware/InvokeDeferredCallbacks->handle(Object(Illuminate/Http/Request), Object(Closure))
#87 C:/xampp/htdocs/hp/vendor/laravel/framework/src/Illuminate/Pipeline/Pipeline.php(127): Illuminate/Pipeline/Pipeline->Illuminate/Pipeline/{closure}(Object(Illuminate/Http/Request))
#88 C:/xampp/htdocs/hp/vendor/laravel/framework/src/Illuminate/Foundation/Http/Kernel.php(176): Illuminate/Pipeline/Pipeline->then(Object(Closure))
#89 C:/xampp/htdocs/hp/vendor/laravel/framework/src/Illuminate/Foundation/Http/Kernel.php(145): Illuminate/Foundation/Http/Kernel->sendRequestThroughRouter(Object(Illuminate/Http/Request))
#90 C:/xampp/htdocs/hp/vendor/laravel/framework/src/Illuminate/Foundation/Application.php(1220): Illuminate/Foundation/Http/Kernel->handle(Object(Illuminate/Http/Request))
#91 C:/xampp/htdocs/hp/public/index.php(17): Illuminate/Foundation/Application->handleRequest(Object(Illuminate/Http/Request))
#92 C:/xampp/htdocs/hp/vendor/laravel/framework/src/Illuminate/Foundation/resources/server.php(23): require_once('C://xampp//htdocs...')
#93 {main}

[previous exception] [object] (RuntimeException(code: 0): The \"intl\" PHP extension is required to use the [format] method. at C:/xampp/htdocs/hp/vendor/laravel/framework/src/Illuminate/Support/Number.php:385)
[stacktrace]
#0 C:/xampp/htdocs/hp/vendor/laravel/framework/src/Illuminate/Support/Number.php(38): Illuminate/Support/Number::ensureIntlExtensionIsInstalled()
#1 C:/xampp/htdocs/hp/storage/framework/views/dc96bd85b482a801c44f1fda8976f247.php(98): Illuminate/Support/Number::format(1)
#2 C:/xampp/htdocs/hp/vendor/livewire/livewire/src/Mechanisms/ExtendBlade/ExtendedCompilerEngine.php(37): include('C://xampp//htdocs...')
#3 C:/xampp/htdocs/hp/vendor/livewire/livewire/src/Mechanisms/ExtendBlade/ExtendedCompilerEngine.php(38): App/Filament/Resources/DepartmentResource/Pages/ListDepartments->Livewire/Mechanisms/ExtendBlade/{closure}()
#4 C:/xampp/htdocs/hp/vendor/laravel/framework/src/Illuminate/View/Engines/CompilerEngine.php(75): Livewire/Mechanisms/ExtendBlade/ExtendedCompilerEngine->evaluatePath('C://xampp//htdocs...', Array)
#5 C:/xampp/htdocs/hp/vendor/livewire/livewire/src/Mechanisms/ExtendBlade/ExtendedCompilerEngine.php(16): Illuminate/View/Engines/CompilerEngine->get('C://xampp//htdocs...', Array)
#6 C:/xampp/htdocs/hp/vendor/laravel/framework/src/Illuminate/View/View.php(209): Livewire/Mechanisms/ExtendBlade/ExtendedCompilerEngine->get('C://xampp//htdocs...', Array)
#7 C:/xampp/htdocs/hp/vendor/laravel/framework/src/Illuminate/View/View.php(192): Illuminate/View/View->getContents()
#8 C:/xampp/htdocs/hp/vendor/laravel/framework/src/Illuminate/View/View.php(161): Illuminate/View/View->renderContents()
#9 C:/xampp/htdocs/hp/vendor/laravel/framework/src/Illuminate/View/Concerns/ManagesComponents.php(103): Illuminate/View/View->render()
#10 C:/xampp/htdocs/hp/storage/framework/views/6477c3f58b3f6bca4ff1555fac23c21c.php(2458): Illuminate/View/Factory->renderComponent()
#11 C:/xampp/htdocs/hp/vendor/livewire/livewire/src/Mechanisms/ExtendBlade/ExtendedCompilerEngine.php(37): include('C://xampp//htdocs...')
#12 C:/xampp/htdocs/hp/vendor/livewire/livewire/src/Mechanisms/ExtendBlade/ExtendedCompilerEngine.php(38): App/Filament/Resources/DepartmentResource/Pages/ListDepartments->Livewire/Mechanisms/ExtendBlade/{closure}()
#13 C:/xampp/htdocs/hp/vendor/laravel/framework/src/Illuminate/View/Engines/CompilerEngine.php(75): Livewire/Mechanisms/ExtendBlade/ExtendedCompilerEngine->evaluatePath('C://xampp//htdocs...', Array)
#14 C:/xampp/htdocs/hp/vendor/livewire/livewire/src/Mechanisms/ExtendBlade/ExtendedCompilerEngine.php(16): Illuminate/View/Engines/CompilerEngine->get('C://xampp//htdocs...', Array)
#15 C:/xampp/htdocs/hp/vendor/laravel/framework/src/Illuminate/View/View.php(209): Livewire/Mechanisms/ExtendBlade/ExtendedCompilerEngine->get('C://xampp//htdocs...', Array)
#16 C:/xampp/htdocs/hp/vendor/laravel/framework/src/Illuminate/View/View.php(192): Illuminate/View/View->getContents()
#17 C:/xampp/htdocs/hp/vendor/laravel/framework/src/Illuminate/View/View.php(161): Illuminate/View/View->renderContents()
#18 C:/xampp/htdocs/hp/vendor/filament/support/src/Components/ViewComponent.php(115): Illuminate/View/View->render()
#19 C:/xampp/htdocs/hp/vendor/laravel/framework/src/Illuminate/Support/helpers.php(134): Filament/Support/Components/ViewComponent->toHtml()
#20 C:/xampp/htdocs/hp/storage/framework/views/853058402355b8ac6aa7297050bc2a12.php(42): e(Object(Filament/Tables/Table))
#21 C:/xampp/htdocs/hp/vendor/livewire/livewire/src/Mechanisms/ExtendBlade/ExtendedCompilerEngine.php(37): include('C://xampp//htdocs...')
#22 C:/xampp/htdocs/hp/vendor/livewire/livewire/src/Mechanisms/ExtendBlade/ExtendedCompilerEngine.php(38): App/Filament/Resources/DepartmentResource/Pages/ListDepartments->Livewire/Mechanisms/ExtendBlade/{closure}()
#23 C:/xampp/htdocs/hp/vendor/laravel/framework/src/Illuminate/View/Engines/CompilerEngine.php(75): Livewire/Mechanisms/ExtendBlade/ExtendedCompilerEngine->evaluatePath('C://xampp//htdocs...', Array)
#24 C:/xampp/htdocs/hp/vendor/livewire/livewire/src/Mechanisms/ExtendBlade/ExtendedCompilerEngine.php(16): Illuminate/View/Engines/CompilerEngine->get('C://xampp//htdocs...', Array)
#25 C:/xampp/htdocs/hp/vendor/laravel/framework/src/Illuminate/View/View.php(209): Livewire/Mechanisms/ExtendBlade/ExtendedCompilerEngine->get('C://xampp//htdocs...', Array)
#26 C:/xampp/htdocs/hp/vendor/laravel/framework/src/Illuminate/View/View.php(192): Illuminate/View/View->getContents()
#27 C:/xampp/htdocs/hp/vendor/laravel/framework/src/Illuminate/View/View.php(161): Illuminate/View/View->renderContents()
#28 C:/xampp/htdocs/hp/vendor/livewire/livewire/src/Mechanisms/HandleComponents/HandleComponents.php(288): Illuminate/View/View->render(Object(Closure))
#29 C:/xampp/htdocs/hp/vendor/livewire/livewire/src/Mechanisms/HandleComponents/HandleComponents.php(332): Livewire/Mechanisms/HandleComponents/HandleComponents->Livewire/Mechanisms/HandleComponents/{closure}()
#30 C:/xampp/htdocs/hp/vendor/livewire/livewire/src/Mechanisms/HandleComponents/HandleComponents.php(280): Livewire/Mechanisms/HandleComponents/HandleComponents->trackInRenderStack(Object(App/Filament/Resources/DepartmentResource/Pages/ListDepartments), Object(Closure))
#31 C:/xampp/htdocs/hp/vendor/livewire/livewire/src/Mechanisms/HandleComponents/HandleComponents.php(54): Livewire/Mechanisms/HandleComponents/HandleComponents->render(Object(App/Filament/Resources/DepartmentResource/Pages/ListDepartments), '<div></div>')
#32 C:/xampp/htdocs/hp/vendor/livewire/livewire/src/LivewireManager.php(73): Livewire/Mechanisms/HandleComponents/HandleComponents->mount('App//Filament//Re...', Array, NULL)
#33 C:/xampp/htdocs/hp/vendor/livewire/livewire/src/Features/SupportPageComponents/HandlesPageComponents.php(17): Livewire/LivewireManager->mount('App//Filament//Re...', Array)
#34 C:/xampp/htdocs/hp/vendor/livewire/livewire/src/Features/SupportPageComponents/SupportPageComponents.php(117): Livewire/Component->Livewire/Features/SupportPageComponents/{closure}()
#35 C:/xampp/htdocs/hp/vendor/livewire/livewire/src/Features/SupportPageComponents/HandlesPageComponents.php(14): Livewire/Features/SupportPageComponents/SupportPageComponents::interceptTheRenderOfTheComponentAndRetreiveTheLayoutConfiguration(Object(Closure))
#36 C:/xampp/htdocs/hp/vendor/laravel/framework/src/Illuminate/Routing/ControllerDispatcher.php(47): Livewire/Component->__invoke()
#37 C:/xampp/htdocs/hp/vendor/laravel/framework/src/Illuminate/Routing/Route.php(266): Illuminate/Routing/ControllerDispatcher->dispatch(Object(Illuminate/Routing/Route), Object(App/Filament/Resources/DepartmentResource/Pages/ListDepartments), '__invoke')
#38 C:/xampp/htdocs/hp/vendor/laravel/framework/src/Illuminate/Routing/Route.php(212): Illuminate/Routing/Route->runController()
#39 C:/xampp/htdocs/hp/vendor/laravel/framework/src/Illuminate/Routing/Router.php(808): Illuminate/Routing/Route->run()
#40 C:/xampp/htdocs/hp/vendor/laravel/framework/src/Illuminate/Pipeline/Pipeline.php(170): Illuminate/Routing/Router->Illuminate/Routing/{closure}(Object(Illuminate/Http/Request))
#41 C:/xampp/htdocs/hp/vendor/filament/filament/src/Http/Middleware/DispatchServingFilamentEvent.php(15): Illuminate/Pipeline/Pipeline->Illuminate/Pipeline/{closure}(Object(Illuminate/Http/Request))
#42 C:/xampp/htdocs/hp/vendor/laravel/framework/src/Illuminate/Pipeline/Pipeline.php(209): Filament/Http/Middleware/DispatchServingFilamentEvent->handle(Object(Illuminate/Http/Request), Object(Closure))
#43 C:/xampp/htdocs/hp/vendor/filament/filament/src/Http/Middleware/DisableBladeIconComponents.php(14): Illuminate/Pipeline/Pipeline->Illuminate/Pipeline/{closure}(Object(Illuminate/Http/Request))
#44 C:/xampp/htdocs/hp/vendor/laravel/framework/src/Illuminate/Pipeline/Pipeline.php(209): Filament/Http/Middleware/DisableBladeIconComponents->handle(Object(Illuminate/Http/Request), Object(Closure))
#45 C:/xampp/htdocs/hp/vendor/laravel/framework/src/Illuminate/Routing/Middleware/SubstituteBindings.php(51): Illuminate/Pipeline/Pipeline->Illuminate/Pipeline/{closure}(Object(Illuminate/Http/Request))
#46 C:/xampp/htdocs/hp/vendor/laravel/framework/src/Illuminate/Pipeline/Pipeline.php(209): Illuminate/Routing/Middleware/SubstituteBindings->handle(Object(Illuminate/Http/Request), Object(Closure))
#47 C:/xampp/htdocs/hp/vendor/laravel/framework/src/Illuminate/Foundation/Http/Middleware/VerifyCsrfToken.php(88): Illuminate/Pipeline/Pipeline->Illuminate/Pipeline/{closure}(Object(Illuminate/Http/Request))
#48 C:/xampp/htdocs/hp/vendor/laravel/framework/src/Illuminate/Pipeline/Pipeline.php(209): Illuminate/Foundation/Http/Middleware/VerifyCsrfToken->handle(Object(Illuminate/Http/Request), Object(Closure))
#49 C:/xampp/htdocs/hp/vendor/laravel/framework/src/Illuminate/Session/Middleware/AuthenticateSession.php(67): Illuminate/Pipeline/Pipeline->Illuminate/Pipeline/{closure}(Object(Illuminate/Http/Request))
#50 C:/xampp/htdocs/hp/vendor/laravel/framework/src/Illuminate/Pipeline/Pipeline.php(209): Illuminate/Session/Middleware/AuthenticateSession->handle(Object(Illuminate/Http/Request), Object(Closure))
#51 C:/xampp/htdocs/hp/vendor/laravel/framework/src/Illuminate/Auth/Middleware/Authenticate.php(64): Illuminate/Pipeline/Pipeline->Illuminate/Pipeline/{closure}(Object(Illuminate/Http/Request))
#52 C:/xampp/htdocs/hp/vendor/laravel/framework/src/Illuminate/Pipeline/Pipeline.php(209): Illuminate/Auth/Middleware/Authenticate->handle(Object(Illuminate/Http/Request), Object(Closure))
#53 C:/xampp/htdocs/hp/vendor/laravel/framework/src/Illuminate/View/Middleware/ShareErrorsFromSession.php(49): Illuminate/Pipeline/Pipeline->Illuminate/Pipeline/{closure}(Object(Illuminate/Http/Request))
#54 C:/xampp/htdocs/hp/vendor/laravel/framework/src/Illuminate/Pipeline/Pipeline.php(209): Illuminate/View/Middleware/ShareErrorsFromSession->handle(Object(Illuminate/Http/Request), Object(Closure))
#55 C:/xampp/htdocs/hp/vendor/laravel/framework/src/Illuminate/Session/Middleware/StartSession.php(121): Illuminate/Pipeline/Pipeline->Illuminate/Pipeline/{closure}(Object(Illuminate/Http/Request))
#56 C:/xampp/htdocs/hp/vendor/laravel/framework/src/Illuminate/Session/Middleware/StartSession.php(64): Illuminate/Session/Middleware/StartSession->handleStatefulRequest(Object(Illuminate/Http/Request), Object(Illuminate/Session/Store), Object(Closure))
#57 C:/xampp/htdocs/hp/vendor/laravel/framework/src/Illuminate/Pipeline/Pipeline.php(209): Illuminate/Session/Middleware/StartSession->handle(Object(Illuminate/Http/Request), Object(Closure))
#58 C:/xampp/htdocs/hp/vendor/laravel/framework/src/Illuminate/Cookie/Middleware/AddQueuedCookiesToResponse.php(37): Illuminate/Pipeline/Pipeline->Illuminate/Pipeline/{closure}(Object(Illuminate/Http/Request))
#59 C:/xampp/htdocs/hp/vendor/laravel/framework/src/Illuminate/Pipeline/Pipeline.php(209): Illuminate/Cookie/Middleware/AddQueuedCookiesToResponse->handle(Object(Illuminate/Http/Request), Object(Closure))
#60 C:/xampp/htdocs/hp/vendor/laravel/framework/src/Illuminate/Cookie/Middleware/EncryptCookies.php(75): Illuminate/Pipeline/Pipeline->Illuminate/Pipeline/{closure}(Object(Illuminate/Http/Request))
#61 C:/xampp/htdocs/hp/vendor/laravel/framework/src/Illuminate/Pipeline/Pipeline.php(209): Illuminate/Cookie/Middleware/EncryptCookies->handle(Object(Illuminate/Http/Request), Object(Closure))
#62 C:/xampp/htdocs/hp/vendor/filament/filament/src/Http/Middleware/SetUpPanel.php(19): Illuminate/Pipeline/Pipeline->Illuminate/Pipeline/{closure}(Object(Illuminate/Http/Request))
#63 C:/xampp/htdocs/hp/vendor/laravel/framework/src/Illuminate/Pipeline/Pipeline.php(209): Filament/Http/Middleware/SetUpPanel->handle(Object(Illuminate/Http/Request), Object(Closure), Object(Filament/Panel))
#64 C:/xampp/htdocs/hp/vendor/laravel/framework/src/Illuminate/Pipeline/Pipeline.php(127): Illuminate/Pipeline/Pipeline->Illuminate/Pipeline/{closure}(Object(Illuminate/Http/Request))
#65 C:/xampp/htdocs/hp/vendor/laravel/framework/src/Illuminate/Routing/Router.php(807): Illuminate/Pipeline/Pipeline->then(Object(Closure))
#66 C:/xampp/htdocs/hp/vendor/laravel/framework/src/Illuminate/Routing/Router.php(786): Illuminate/Routing/Router->runRouteWithinStack(Object(Illuminate/Routing/Route), Object(Illuminate/Http/Request))
#67 C:/xampp/htdocs/hp/vendor/laravel/framework/src/Illuminate/Routing/Router.php(750): Illuminate/Routing/Router->runRoute(Object(Illuminate/Http/Request), Object(Illuminate/Routing/Route))
#68 C:/xampp/htdocs/hp/vendor/laravel/framework/src/Illuminate/Routing/Router.php(739): Illuminate/Routing/Router->dispatchToRoute(Object(Illuminate/Http/Request))
#69 C:/xampp/htdocs/hp/vendor/laravel/framework/src/Illuminate/Foundation/Http/Kernel.php(201): Illuminate/Routing/Router->dispatch(Object(Illuminate/Http/Request))
#70 C:/xampp/htdocs/hp/vendor/laravel/framework/src/Illuminate/Pipeline/Pipeline.php(170): Illuminate/Foundation/Http/Kernel->Illuminate/Foundation/Http/{closure}(Object(Illuminate/Http/Request))
#71 C:/xampp/htdocs/hp/vendor/livewire/livewire/src/Features/SupportDisablingBackButtonCache/DisableBackButtonCacheMiddleware.php(19): Illuminate/Pipeline/Pipeline->Illuminate/Pipeline/{closure}(Object(Illuminate/Http/Request))
#72 C:/xampp/htdocs/hp/vendor/laravel/framework/src/Illuminate/Pipeline/Pipeline.php(209): Livewire/Features/SupportDisablingBackButtonCache/DisableBackButtonCacheMiddleware->handle(Object(Illuminate/Http/Request), Object(Closure))
#73 C:/xampp/htdocs/hp/vendor/laravel/framework/src/Illuminate/Foundation/Http/Middleware/TransformsRequest.php(21): Illuminate/Pipeline/Pipeline->Illuminate/Pipeline/{closure}(Object(Illuminate/Http/Request))
#74 C:/xampp/htdocs/hp/vendor/laravel/framework/src/Illuminate/Foundation/Http/Middleware/ConvertEmptyStringsToNull.php(31): Illuminate/Foundation/Http/Middleware/TransformsRequest->handle(Object(Illuminate/Http/Request), Object(Closure))
#75 C:/xampp/htdocs/hp/vendor/laravel/framework/src/Illuminate/Pipeline/Pipeline.php(209): Illuminate/Foundation/Http/Middleware/ConvertEmptyStringsToNull->handle(Object(Illuminate/Http/Request), Object(Closure))
#76 C:/xampp/htdocs/hp/vendor/laravel/framework/src/Illuminate/Foundation/Http/Middleware/TransformsRequest.php(21): Illuminate/Pipeline/Pipeline->Illuminate/Pipeline/{closure}(Object(Illuminate/Http/Request))
#77 C:/xampp/htdocs/hp/vendor/laravel/framework/src/Illuminate/Foundation/Http/Middleware/TrimStrings.php(51): Illuminate/Foundation/Http/Middleware/TransformsRequest->handle(Object(Illuminate/Http/Request), Object(Closure))
#78 C:/xampp/htdocs/hp/vendor/laravel/framework/src/Illuminate/Pipeline/Pipeline.php(209): Illuminate/Foundation/Http/Middleware/TrimStrings->handle(Object(Illuminate/Http/Request), Object(Closure))
#79 C:/xampp/htdocs/hp/vendor/laravel/framework/src/Illuminate/Http/Middleware/ValidatePostSize.php(27): Illuminate/Pipeline/Pipeline->Illuminate/Pipeline/{closure}(Object(Illuminate/Http/Request))
#80 C:/xampp/htdocs/hp/vendor/laravel/framework/src/Illuminate/Pipeline/Pipeline.php(209): Illuminate/Http/Middleware/ValidatePostSize->handle(Object(Illuminate/Http/Request), Object(Closure))
#81 C:/xampp/htdocs/hp/vendor/laravel/framework/src/Illuminate/Foundation/Http/Middleware/PreventRequestsDuringMaintenance.php(110): Illuminate/Pipeline/Pipeline->Illuminate/Pipeline/{closure}(Object(Illuminate/Http/Request))
#82 C:/xampp/htdocs/hp/vendor/laravel/framework/src/Illuminate/Pipeline/Pipeline.php(209): Illuminate/Foundation/Http/Middleware/PreventRequestsDuringMaintenance->handle(Object(Illuminate/Http/Request), Object(Closure))
#83 C:/xampp/htdocs/hp/vendor/laravel/framework/src/Illuminate/Http/Middleware/HandleCors.php(49): Illuminate/Pipeline/Pipeline->Illuminate/Pipeline/{closure}(Object(Illuminate/Http/Request))
#84 C:/xampp/htdocs/hp/vendor/laravel/framework/src/Illuminate/Pipeline/Pipeline.php(209): Illuminate/Http/Middleware/HandleCors->handle(Object(Illuminate/Http/Request), Object(Closure))
#85 C:/xampp/htdocs/hp/vendor/laravel/framework/src/Illuminate/Http/Middleware/TrustProxies.php(58): Illuminate/Pipeline/Pipeline->Illuminate/Pipeline/{closure}(Object(Illuminate/Http/Request))
#86 C:/xampp/htdocs/hp/vendor/laravel/framework/src/Illuminate/Pipeline/Pipeline.php(209): Illuminate/Http/Middleware/TrustProxies->handle(Object(Illuminate/Http/Request), Object(Closure))
#87 C:/xampp/htdocs/hp/vendor/laravel/framework/src/Illuminate/Foundation/Http/Middleware/InvokeDeferredCallbacks.php(22): Illuminate/Pipeline/Pipeline->Illuminate/Pipeline/{closure}(Object(Illuminate/Http/Request))
#88 C:/xampp/htdocs/hp/vendor/laravel/framework/src/Illuminate/Pipeline/Pipeline.php(209): Illuminate/Foundation/Http/Middleware/InvokeDeferredCallbacks->handle(Object(Illuminate/Http/Request), Object(Closure))
#89 C:/xampp/htdocs/hp/vendor/laravel/framework/src/Illuminate/Pipeline/Pipeline.php(127): Illuminate/Pipeline/Pipeline->Illuminate/Pipeline/{closure}(Object(Illuminate/Http/Request))
#90 C:/xampp/htdocs/hp/vendor/laravel/framework/src/Illuminate/Foundation/Http/Kernel.php(176): Illuminate/Pipeline/Pipeline->then(Object(Closure))
#91 C:/xampp/htdocs/hp/vendor/laravel/framework/src/Illuminate/Foundation/Http/Kernel.php(145): Illuminate/Foundation/Http/Kernel->sendRequestThroughRouter(Object(Illuminate/Http/Request))
#92 C:/xampp/htdocs/hp/vendor/laravel/framework/src/Illuminate/Foundation/Application.php(1220): Illuminate/Foundation/Http/Kernel->handle(Object(Illuminate/Http/Request))
#93 C:/xampp/htdocs/hp/public/index.php(17): Illuminate/Foundation/Application->handleRequest(Object(Illuminate/Http/Request))
#94 C:/xampp/htdocs/hp/vendor/laravel/framework/src/Illuminate/Foundation/resources/server.php(23): require_once('C://xampp//htdocs...')
#95 {main}
"} 
[2026-09-30 11:58:34] local.ERROR: The "intl" PHP extension is required to use the [format] method. (View: C:\xampp\htdocs\hp\vendor\filament\support\resources\views\components\pagination\index.blade.php) (View: C:\xampp\htdocs\hp\vendor\filament\support\resources\views\components\pagination\index.blade.php) (View: C:\xampp\htdocs\hp\vendor\filament\support\resources\views\components\pagination\index.blade.php) {"userId":1,"exception":"[object] (Illuminate\\View\\ViewException(code: 0): The \"intl\" PHP extension is required to use the [format] method. (View: C:\\xampp\\htdocs\\hp\\vendor\\filament\\support\\resources\\views\\components\\pagination\\index.blade.php) (View: C:\\xampp\\htdocs\\hp\\vendor\\filament\\support\\resources\\views\\components\\pagination\\index.blade.php) (View: C:\\xampp\\htdocs\\hp\\vendor\\filament\\support\\resources\\views\\components\\pagination\\index.blade.php) at C:/xampp/htdocs/hp/vendor/laravel/framework/src/Illuminate/Support/Number.php:385)
[stacktrace]
#0 C:/xampp/htdocs/hp/vendor/livewire/livewire/src/Mechanisms/ExtendBlade/ExtendedCompilerEngine.php(58): Illuminate/View/Engines/CompilerEngine->handleViewException(Object(Illuminate/View/ViewException), 1)
#1 C:/xampp/htdocs/hp/vendor/livewire/livewire/src/Mechanisms/ExtendBlade/ExtendedCompilerEngine.php(40): Livewire/Mechanisms/ExtendBlade/ExtendedCompilerEngine->handleViewException(Object(Illuminate/View/ViewException), 1)
#2 C:/xampp/htdocs/hp/vendor/laravel/framework/src/Illuminate/View/Engines/CompilerEngine.php(75): Livewire/Mechanisms/ExtendBlade/ExtendedCompilerEngine->evaluatePath('C://xampp//htdocs...', Array)
#3 C:/xampp/htdocs/hp/vendor/livewire/livewire/src/Mechanisms/ExtendBlade/ExtendedCompilerEngine.php(16): Illuminate/View/Engines/CompilerEngine->get('C://xampp//htdocs...', Array)
#4 C:/xampp/htdocs/hp/vendor/laravel/framework/src/Illuminate/View/View.php(209): Livewire/Mechanisms/ExtendBlade/ExtendedCompilerEngine->get('C://xampp//htdocs...', Array)
#5 C:/xampp/htdocs/hp/vendor/laravel/framework/src/Illuminate/View/View.php(192): Illuminate/View/View->getContents()
#6 C:/xampp/htdocs/hp/vendor/laravel/framework/src/Illuminate/View/View.php(161): Illuminate/View/View->renderContents()
#7 C:/xampp/htdocs/hp/vendor/livewire/livewire/src/Mechanisms/HandleComponents/HandleComponents.php(288): Illuminate/View/View->render(Object(Closure))
#8 C:/xampp/htdocs/hp/vendor/livewire/livewire/src/Mechanisms/HandleComponents/HandleComponents.php(332): Livewire/Mechanisms/HandleComponents/HandleComponents->Livewire/Mechanisms/HandleComponents/{closure}()
#9 C:/xampp/htdocs/hp/vendor/livewire/livewire/src/Mechanisms/HandleComponents/HandleComponents.php(280): Livewire/Mechanisms/HandleComponents/HandleComponents->trackInRenderStack(Object(App/Filament/Resources/DepartmentResource/Pages/ListDepartments), Object(Closure))
#10 C:/xampp/htdocs/hp/vendor/livewire/livewire/src/Mechanisms/HandleComponents/HandleComponents.php(54): Livewire/Mechanisms/HandleComponents/HandleComponents->render(Object(App/Filament/Resources/DepartmentResource/Pages/ListDepartments), '<div></div>')
#11 C:/xampp/htdocs/hp/vendor/livewire/livewire/src/LivewireManager.php(73): Livewire/Mechanisms/HandleComponents/HandleComponents->mount('App//Filament//Re...', Array, NULL)
#12 C:/xampp/htdocs/hp/vendor/livewire/livewire/src/Features/SupportPageComponents/HandlesPageComponents.php(17): Livewire/LivewireManager->mount('App//Filament//Re...', Array)
#13 C:/xampp/htdocs/hp/vendor/livewire/livewire/src/Features/SupportPageComponents/SupportPageComponents.php(117): Livewire/Component->Livewire/Features/SupportPageComponents/{closure}()
#14 C:/xampp/htdocs/hp/vendor/livewire/livewire/src/Features/SupportPageComponents/HandlesPageComponents.php(14): Livewire/Features/SupportPageComponents/SupportPageComponents::interceptTheRenderOfTheComponentAndRetreiveTheLayoutConfiguration(Object(Closure))
#15 C:/xampp/htdocs/hp/vendor/laravel/framework/src/Illuminate/Routing/ControllerDispatcher.php(47): Livewire/Component->__invoke()
#16 C:/xampp/htdocs/hp/vendor/laravel/framework/src/Illuminate/Routing/Route.php(266): Illuminate/Routing/ControllerDispatcher->dispatch(Object(Illuminate/Routing/Route), Object(App/Filament/Resources/DepartmentResource/Pages/ListDepartments), '__invoke')
#17 C:/xampp/htdocs/hp/vendor/laravel/framework/src/Illuminate/Routing/Route.php(212): Illuminate/Routing/Route->runController()
#18 C:/xampp/htdocs/hp/vendor/laravel/framework/src/Illuminate/Routing/Router.php(808): Illuminate/Routing/Route->run()
#19 C:/xampp/htdocs/hp/vendor/laravel/framework/src/Illuminate/Pipeline/Pipeline.php(170): Illuminate/Routing/Router->Illuminate/Routing/{closure}(Object(Illuminate/Http/Request))
#20 C:/xampp/htdocs/hp/vendor/filament/filament/src/Http/Middleware/DispatchServingFilamentEvent.php(15): Illuminate/Pipeline/Pipeline->Illuminate/Pipeline/{closure}(Object(Illuminate/Http/Request))
#21 C:/xampp/htdocs/hp/vendor/laravel/framework/src/Illuminate/Pipeline/Pipeline.php(209): Filament/Http/Middleware/DispatchServingFilamentEvent->handle(Object(Illuminate/Http/Request), Object(Closure))
#22 C:/xampp/htdocs/hp/vendor/filament/filament/src/Http/Middleware/DisableBladeIconComponents.php(14): Illuminate/Pipeline/Pipeline->Illuminate/Pipeline/{closure}(Object(Illuminate/Http/Request))
#23 C:/xampp/htdocs/hp/vendor/laravel/framework/src/Illuminate/Pipeline/Pipeline.php(209): Filament/Http/Middleware/DisableBladeIconComponents->handle(Object(Illuminate/Http/Request), Object(Closure))
#24 C:/xampp/htdocs/hp/vendor/laravel/framework/src/Illuminate/Routing/Middleware/SubstituteBindings.php(51): Illuminate/Pipeline/Pipeline->Illuminate/Pipeline/{closure}(Object(Illuminate/Http/Request))
#25 C:/xampp/htdocs/hp/vendor/laravel/framework/src/Illuminate/Pipeline/Pipeline.php(209): Illuminate/Routing/Middleware/SubstituteBindings->handle(Object(Illuminate/Http/Request), Object(Closure))
#26 C:/xampp/htdocs/hp/vendor/laravel/framework/src/Illuminate/Foundation/Http/Middleware/VerifyCsrfToken.php(88): Illuminate/Pipeline/Pipeline->Illuminate/Pipeline/{closure}(Object(Illuminate/Http/Request))
#27 C:/xampp/htdocs/hp/vendor/laravel/framework/src/Illuminate/Pipeline/Pipeline.php(209): Illuminate/Foundation/Http/Middleware/VerifyCsrfToken->handle(Object(Illuminate/Http/Request), Object(Closure))
#28 C:/xampp/htdocs/hp/vendor/laravel/framework/src/Illuminate/Session/Middleware/AuthenticateSession.php(67): Illuminate/Pipeline/Pipeline->Illuminate/Pipeline/{closure}(Object(Illuminate/Http/Request))
#29 C:/xampp/htdocs/hp/vendor/laravel/framework/src/Illuminate/Pipeline/Pipeline.php(209): Illuminate/Session/Middleware/AuthenticateSession->handle(Object(Illuminate/Http/Request), Object(Closure))
#30 C:/xampp/htdocs/hp/vendor/laravel/framework/src/Illuminate/Auth/Middleware/Authenticate.php(64): Illuminate/Pipeline/Pipeline->Illuminate/Pipeline/{closure}(Object(Illuminate/Http/Request))
#31 C:/xampp/htdocs/hp/vendor/laravel/framework/src/Illuminate/Pipeline/Pipeline.php(209): Illuminate/Auth/Middleware/Authenticate->handle(Object(Illuminate/Http/Request), Object(Closure))
#32 C:/xampp/htdocs/hp/vendor/laravel/framework/src/Illuminate/View/Middleware/ShareErrorsFromSession.php(49): Illuminate/Pipeline/Pipeline->Illuminate/Pipeline/{closure}(Object(Illuminate/Http/Request))
#33 C:/xampp/htdocs/hp/vendor/laravel/framework/src/Illuminate/Pipeline/Pipeline.php(209): Illuminate/View/Middleware/ShareErrorsFromSession->handle(Object(Illuminate/Http/Request), Object(Closure))
#34 C:/xampp/htdocs/hp/vendor/laravel/framework/src/Illuminate/Session/Middleware/StartSession.php(121): Illuminate/Pipeline/Pipeline->Illuminate/Pipeline/{closure}(Object(Illuminate/Http/Request))
#35 C:/xampp/htdocs/hp/vendor/laravel/framework/src/Illuminate/Session/Middleware/StartSession.php(64): Illuminate/Session/Middleware/StartSession->handleStatefulRequest(Object(Illuminate/Http/Request), Object(Illuminate/Session/Store), Object(Closure))
#36 C:/xampp/htdocs/hp/vendor/laravel/framework/src/Illuminate/Pipeline/Pipeline.php(209): Illuminate/Session/Middleware/StartSession->handle(Object(Illuminate/Http/Request), Object(Closure))
#37 C:/xampp/htdocs/hp/vendor/laravel/framework/src/Illuminate/Cookie/Middleware/AddQueuedCookiesToResponse.php(37): Illuminate/Pipeline/Pipeline->Illuminate/Pipeline/{closure}(Object(Illuminate/Http/Request))
#38 C:/xampp/htdocs/hp/vendor/laravel/framework/src/Illuminate/Pipeline/Pipeline.php(209): Illuminate/Cookie/Middleware/AddQueuedCookiesToResponse->handle(Object(Illuminate/Http/Request), Object(Closure))
#39 C:/xampp/htdocs/hp/vendor/laravel/framework/src/Illuminate/Cookie/Middleware/EncryptCookies.php(75): Illuminate/Pipeline/Pipeline->Illuminate/Pipeline/{closure}(Object(Illuminate/Http/Request))
#40 C:/xampp/htdocs/hp/vendor/laravel/framework/src/Illuminate/Pipeline/Pipeline.php(209): Illuminate/Cookie/Middleware/EncryptCookies->handle(Object(Illuminate/Http/Request), Object(Closure))
#41 C:/xampp/htdocs/hp/vendor/filament/filament/src/Http/Middleware/SetUpPanel.php(19): Illuminate/Pipeline/Pipeline->Illuminate/Pipeline/{closure}(Object(Illuminate/Http/Request))
#42 C:/xampp/htdocs/hp/vendor/laravel/framework/src/Illuminate/Pipeline/Pipeline.php(209): Filament/Http/Middleware/SetUpPanel->handle(Object(Illuminate/Http/Request), Object(Closure), Object(Filament/Panel))
#43 C:/xampp/htdocs/hp/vendor/laravel/framework/src/Illuminate/Pipeline/Pipeline.php(127): Illuminate/Pipeline/Pipeline->Illuminate/Pipeline/{closure}(Object(Illuminate/Http/Request))
#44 C:/xampp/htdocs/hp/vendor/laravel/framework/src/Illuminate/Routing/Router.php(807): Illuminate/Pipeline/Pipeline->then(Object(Closure))
#45 C:/xampp/htdocs/hp/vendor/laravel/framework/src/Illuminate/Routing/Router.php(786): Illuminate/Routing/Router->runRouteWithinStack(Object(Illuminate/Routing/Route), Object(Illuminate/Http/Request))
#46 C:/xampp/htdocs/hp/vendor/laravel/framework/src/Illuminate/Routing/Router.php(750): Illuminate/Routing/Router->runRoute(Object(Illuminate/Http/Request), Object(Illuminate/Routing/Route))
#47 C:/xampp/htdocs/hp/vendor/laravel/framework/src/Illuminate/Routing/Router.php(739): Illuminate/Routing/Router->dispatchToRoute(Object(Illuminate/Http/Request))
#48 C:/xampp/htdocs/hp/vendor/laravel/framework/src/Illuminate/Foundation/Http/Kernel.php(201): Illuminate/Routing/Router->dispatch(Object(Illuminate/Http/Request))
#49 C:/xampp/htdocs/hp/vendor/laravel/framework/src/Illuminate/Pipeline/Pipeline.php(170): Illuminate/Foundation/Http/Kernel->Illuminate/Foundation/Http/{closure}(Object(Illuminate/Http/Request))
#50 C:/xampp/htdocs/hp/vendor/livewire/livewire/src/Features/SupportDisablingBackButtonCache/DisableBackButtonCacheMiddleware.php(19): Illuminate/Pipeline/Pipeline->Illuminate/Pipeline/{closure}(Object(Illuminate/Http/Request))
#51 C:/xampp/htdocs/hp/vendor/laravel/framework/src/Illuminate/Pipeline/Pipeline.php(209): Livewire/Features/SupportDisablingBackButtonCache/DisableBackButtonCacheMiddleware->handle(Object(Illuminate/Http/Request), Object(Closure))
#52 C:/xampp/htdocs/hp/vendor/laravel/framework/src/Illuminate/Foundation/Http/Middleware/TransformsRequest.php(21): Illuminate/Pipeline/Pipeline->Illuminate/Pipeline/{closure}(Object(Illuminate/Http/Request))
#53 C:/xampp/htdocs/hp/vendor/laravel/framework/src/Illuminate/Foundation/Http/Middleware/ConvertEmptyStringsToNull.php(31): Illuminate/Foundation/Http/Middleware/TransformsRequest->handle(Object(Illuminate/Http/Request), Object(Closure))
#54 C:/xampp/htdocs/hp/vendor/laravel/framework/src/Illuminate/Pipeline/Pipeline.php(209): Illuminate/Foundation/Http/Middleware/ConvertEmptyStringsToNull->handle(Object(Illuminate/Http/Request), Object(Closure))
#55 C:/xampp/htdocs/hp/vendor/laravel/framework/src/Illuminate/Foundation/Http/Middleware/TransformsRequest.php(21): Illuminate/Pipeline/Pipeline->Illuminate/Pipeline/{closure}(Object(Illuminate/Http/Request))
#56 C:/xampp/htdocs/hp/vendor/laravel/framework/src/Illuminate/Foundation/Http/Middleware/TrimStrings.php(51): Illuminate/Foundation/Http/Middleware/TransformsRequest->handle(Object(Illuminate/Http/Request), Object(Closure))
#57 C:/xampp/htdocs/hp/vendor/laravel/framework/src/Illuminate/Pipeline/Pipeline.php(209): Illuminate/Foundation/Http/Middleware/TrimStrings->handle(Object(Illuminate/Http/Request), Object(Closure))
#58 C:/xampp/htdocs/hp/vendor/laravel/framework/src/Illuminate/Http/Middleware/ValidatePostSize.php(27): Illuminate/Pipeline/Pipeline->Illuminate/Pipeline/{closure}(Object(Illuminate/Http/Request))
#59 C:/xampp/htdocs/hp/vendor/laravel/framework/src/Illuminate/Pipeline/Pipeline.php(209): Illuminate/Http/Middleware/ValidatePostSize->handle(Object(Illuminate/Http/Request), Object(Closure))
#60 C:/xampp/htdocs/hp/vendor/laravel/framework/src/Illuminate/Foundation/Http/Middleware/PreventRequestsDuringMaintenance.php(110): Illuminate/Pipeline/Pipeline->Illuminate/Pipeline/{closure}(Object(Illuminate/Http/Request))
#61 C:/xampp/htdocs/hp/vendor/laravel/framework/src/Illuminate/Pipeline/Pipeline.php(209): Illuminate/Foundation/Http/Middleware/PreventRequestsDuringMaintenance->handle(Object(Illuminate/Http/Request), Object(Closure))
#62 C:/xampp/htdocs/hp/vendor/laravel/framework/src/Illuminate/Http/Middleware/HandleCors.php(49): Illuminate/Pipeline/Pipeline->Illuminate/Pipeline/{closure}(Object(Illuminate/Http/Request))
#63 C:/xampp/htdocs/hp/vendor/laravel/framework/src/Illuminate/Pipeline/Pipeline.php(209): Illuminate/Http/Middleware/HandleCors->handle(Object(Illuminate/Http/Request), Object(Closure))
#64 C:/xampp/htdocs/hp/vendor/laravel/framework/src/Illuminate/Http/Middleware/TrustProxies.php(58): Illuminate/Pipeline/Pipeline->Illuminate/Pipeline/{closure}(Object(Illuminate/Http/Request))
#65 C:/xampp/htdocs/hp/vendor/laravel/framework/src/Illuminate/Pipeline/Pipeline.php(209): Illuminate/Http/Middleware/TrustProxies->handle(Object(Illuminate/Http/Request), Object(Closure))
#66 C:/xampp/htdocs/hp/vendor/laravel/framework/src/Illuminate/Foundation/Http/Middleware/InvokeDeferredCallbacks.php(22): Illuminate/Pipeline/Pipeline->Illuminate/Pipeline/{closure}(Object(Illuminate/Http/Request))
#67 C:/xampp/htdocs/hp/vendor/laravel/framework/src/Illuminate/Pipeline/Pipeline.php(209): Illuminate/Foundation/Http/Middleware/InvokeDeferredCallbacks->handle(Object(Illuminate/Http/Request), Object(Closure))
#68 C:/xampp/htdocs/hp/vendor/laravel/framework/src/Illuminate/Pipeline/Pipeline.php(127): Illuminate/Pipeline/Pipeline->Illuminate/Pipeline/{closure}(Object(Illuminate/Http/Request))
#69 C:/xampp/htdocs/hp/vendor/laravel/framework/src/Illuminate/Foundation/Http/Kernel.php(176): Illuminate/Pipeline/Pipeline->then(Object(Closure))
#70 C:/xampp/htdocs/hp/vendor/laravel/framework/src/Illuminate/Foundation/Http/Kernel.php(145): Illuminate/Foundation/Http/Kernel->sendRequestThroughRouter(Object(Illuminate/Http/Request))
#71 C:/xampp/htdocs/hp/vendor/laravel/framework/src/Illuminate/Foundation/Application.php(1220): Illuminate/Foundation/Http/Kernel->handle(Object(Illuminate/Http/Request))
#72 C:/xampp/htdocs/hp/public/index.php(17): Illuminate/Foundation/Application->handleRequest(Object(Illuminate/Http/Request))
#73 C:/xampp/htdocs/hp/vendor/laravel/framework/src/Illuminate/Foundation/resources/server.php(23): require_once('C://xampp//htdocs...')
#74 {main}

[previous exception] [object] (Illuminate\\View\\ViewException(code: 0): The \"intl\" PHP extension is required to use the [format] method. (View: C:\\xampp\\htdocs\\hp\\vendor\\filament\\support\\resources\\views\\components\\pagination\\index.blade.php) (View: C:\\xampp\\htdocs\\hp\\vendor\\filament\\support\\resources\\views\\components\\pagination\\index.blade.php) at C:/xampp/htdocs/hp/vendor/laravel/framework/src/Illuminate/Support/Number.php:385)
[stacktrace]
#0 C:/xampp/htdocs/hp/vendor/livewire/livewire/src/Mechanisms/ExtendBlade/ExtendedCompilerEngine.php(58): Illuminate/View/Engines/CompilerEngine->handleViewException(Object(Illuminate/View/ViewException), 3)
#1 C:/xampp/htdocs/hp/vendor/livewire/livewire/src/Mechanisms/ExtendBlade/ExtendedCompilerEngine.php(40): Livewire/Mechanisms/ExtendBlade/ExtendedCompilerEngine->handleViewException(Object(Illuminate/View/ViewException), 3)
#2 C:/xampp/htdocs/hp/vendor/laravel/framework/src/Illuminate/View/Engines/CompilerEngine.php(75): Livewire/Mechanisms/ExtendBlade/ExtendedCompilerEngine->evaluatePath('C://xampp//htdocs...', Array)
#3 C:/xampp/htdocs/hp/vendor/livewire/livewire/src/Mechanisms/ExtendBlade/ExtendedCompilerEngine.php(16): Illuminate/View/Engines/CompilerEngine->get('C://xampp//htdocs...', Array)
#4 C:/xampp/htdocs/hp/vendor/laravel/framework/src/Illuminate/View/View.php(209): Livewire/Mechanisms/ExtendBlade/ExtendedCompilerEngine->get('C://xampp//htdocs...', Array)
#5 C:/xampp/htdocs/hp/vendor/laravel/framework/src/Illuminate/View/View.php(192): Illuminate/View/View->getContents()
#6 C:/xampp/htdocs/hp/vendor/laravel/framework/src/Illuminate/View/View.php(161): Illuminate/View/View->renderContents()
#7 C:/xampp/htdocs/hp/vendor/filament/support/src/Components/ViewComponent.php(115): Illuminate/View/View->render()
#8 C:/xampp/htdocs/hp/vendor/laravel/framework/src/Illuminate/Support/helpers.php(134): Filament/Support/Components/ViewComponent->toHtml()
#9 C:/xampp/htdocs/hp/storage/framework/views/853058402355b8ac6aa7297050bc2a12.php(42): e(Object(Filament/Tables/Table))
#10 C:/xampp/htdocs/hp/vendor/livewire/livewire/src/Mechanisms/ExtendBlade/ExtendedCompilerEngine.php(37): include('C://xampp//htdocs...')
#11 C:/xampp/htdocs/hp/vendor/livewire/livewire/src/Mechanisms/ExtendBlade/ExtendedCompilerEngine.php(38): App/Filament/Resources/DepartmentResource/Pages/ListDepartments->Livewire/Mechanisms/ExtendBlade/{closure}()
#12 C:/xampp/htdocs/hp/vendor/laravel/framework/src/Illuminate/View/Engines/CompilerEngine.php(75): Livewire/Mechanisms/ExtendBlade/ExtendedCompilerEngine->evaluatePath('C://xampp//htdocs...', Array)
#13 C:/xampp/htdocs/hp/vendor/livewire/livewire/src/Mechanisms/ExtendBlade/ExtendedCompilerEngine.php(16): Illuminate/View/Engines/CompilerEngine->get('C://xampp//htdocs...', Array)
#14 C:/xampp/htdocs/hp/vendor/laravel/framework/src/Illuminate/View/View.php(209): Livewire/Mechanisms/ExtendBlade/ExtendedCompilerEngine->get('C://xampp//htdocs...', Array)
#15 C:/xampp/htdocs/hp/vendor/laravel/framework/src/Illuminate/View/View.php(192): Illuminate/View/View->getContents()
#16 C:/xampp/htdocs/hp/vendor/laravel/framework/src/Illuminate/View/View.php(161): Illuminate/View/View->renderContents()
#17 C:/xampp/htdocs/hp/vendor/livewire/livewire/src/Mechanisms/HandleComponents/HandleComponents.php(288): Illuminate/View/View->render(Object(Closure))
#18 C:/xampp/htdocs/hp/vendor/livewire/livewire/src/Mechanisms/HandleComponents/HandleComponents.php(332): Livewire/Mechanisms/HandleComponents/HandleComponents->Livewire/Mechanisms/HandleComponents/{closure}()
#19 C:/xampp/htdocs/hp/vendor/livewire/livewire/src/Mechanisms/HandleComponents/HandleComponents.php(280): Livewire/Mechanisms/HandleComponents/HandleComponents->trackInRenderStack(Object(App/Filament/Resources/DepartmentResource/Pages/ListDepartments), Object(Closure))
#20 C:/xampp/htdocs/hp/vendor/livewire/livewire/src/Mechanisms/HandleComponents/HandleComponents.php(54): Livewire/Mechanisms/HandleComponents/HandleComponents->render(Object(App/Filament/Resources/DepartmentResource/Pages/ListDepartments), '<div></div>')
#21 C:/xampp/htdocs/hp/vendor/livewire/livewire/src/LivewireManager.php(73): Livewire/Mechanisms/HandleComponents/HandleComponents->mount('App//Filament//Re...', Array, NULL)
#22 C:/xampp/htdocs/hp/vendor/livewire/livewire/src/Features/SupportPageComponents/HandlesPageComponents.php(17): Livewire/LivewireManager->mount('App//Filament//Re...', Array)
#23 C:/xampp/htdocs/hp/vendor/livewire/livewire/src/Features/SupportPageComponents/SupportPageComponents.php(117): Livewire/Component->Livewire/Features/SupportPageComponents/{closure}()
#24 C:/xampp/htdocs/hp/vendor/livewire/livewire/src/Features/SupportPageComponents/HandlesPageComponents.php(14): Livewire/Features/SupportPageComponents/SupportPageComponents::interceptTheRenderOfTheComponentAndRetreiveTheLayoutConfiguration(Object(Closure))
#25 C:/xampp/htdocs/hp/vendor/laravel/framework/src/Illuminate/Routing/ControllerDispatcher.php(47): Livewire/Component->__invoke()
#26 C:/xampp/htdocs/hp/vendor/laravel/framework/src/Illuminate/Routing/Route.php(266): Illuminate/Routing/ControllerDispatcher->dispatch(Object(Illuminate/Routing/Route), Object(App/Filament/Resources/DepartmentResource/Pages/ListDepartments), '__invoke')
#27 C:/xampp/htdocs/hp/vendor/laravel/framework/src/Illuminate/Routing/Route.php(212): Illuminate/Routing/Route->runController()
#28 C:/xampp/htdocs/hp/vendor/laravel/framework/src/Illuminate/Routing/Router.php(808): Illuminate/Routing/Route->run()
#29 C:/xampp/htdocs/hp/vendor/laravel/framework/src/Illuminate/Pipeline/Pipeline.php(170): Illuminate/Routing/Router->Illuminate/Routing/{closure}(Object(Illuminate/Http/Request))
#30 C:/xampp/htdocs/hp/vendor/filament/filament/src/Http/Middleware/DispatchServingFilamentEvent.php(15): Illuminate/Pipeline/Pipeline->Illuminate/Pipeline/{closure}(Object(Illuminate/Http/Request))
#31 C:/xampp/htdocs/hp/vendor/laravel/framework/src/Illuminate/Pipeline/Pipeline.php(209): Filament/Http/Middleware/DispatchServingFilamentEvent->handle(Object(Illuminate/Http/Request), Object(Closure))
#32 C:/xampp/htdocs/hp/vendor/filament/filament/src/Http/Middleware/DisableBladeIconComponents.php(14): Illuminate/Pipeline/Pipeline->Illuminate/Pipeline/{closure}(Object(Illuminate/Http/Request))
#33 C:/xampp/htdocs/hp/vendor/laravel/framework/src/Illuminate/Pipeline/Pipeline.php(209): Filament/Http/Middleware/DisableBladeIconComponents->handle(Object(Illuminate/Http/Request), Object(Closure))
#34 C:/xampp/htdocs/hp/vendor/laravel/framework/src/Illuminate/Routing/Middleware/SubstituteBindings.php(51): Illuminate/Pipeline/Pipeline->Illuminate/Pipeline/{closure}(Object(Illuminate/Http/Request))
#35 C:/xampp/htdocs/hp/vendor/laravel/framework/src/Illuminate/Pipeline/Pipeline.php(209): Illuminate/Routing/Middleware/SubstituteBindings->handle(Object(Illuminate/Http/Request), Object(Closure))
#36 C:/xampp/htdocs/hp/vendor/laravel/framework/src/Illuminate/Foundation/Http/Middleware/VerifyCsrfToken.php(88): Illuminate/Pipeline/Pipeline->Illuminate/Pipeline/{closure}(Object(Illuminate/Http/Request))
#37 C:/xampp/htdocs/hp/vendor/laravel/framework/src/Illuminate/Pipeline/Pipeline.php(209): Illuminate/Foundation/Http/Middleware/VerifyCsrfToken->handle(Object(Illuminate/Http/Request), Object(Closure))
#38 C:/xampp/htdocs/hp/vendor/laravel/framework/src/Illuminate/Session/Middleware/AuthenticateSession.php(67): Illuminate/Pipeline/Pipeline->Illuminate/Pipeline/{closure}(Object(Illuminate/Http/Request))
#39 C:/xampp/htdocs/hp/vendor/laravel/framework/src/Illuminate/Pipeline/Pipeline.php(209): Illuminate/Session/Middleware/AuthenticateSession->handle(Object(Illuminate/Http/Request), Object(Closure))
#40 C:/xampp/htdocs/hp/vendor/laravel/framework/src/Illuminate/Auth/Middleware/Authenticate.php(64): Illuminate/Pipeline/Pipeline->Illuminate/Pipeline/{closure}(Object(Illuminate/Http/Request))
#41 C:/xampp/htdocs/hp/vendor/laravel/framework/src/Illuminate/Pipeline/Pipeline.php(209): Illuminate/Auth/Middleware/Authenticate->handle(Object(Illuminate/Http/Request), Object(Closure))
#42 C:/xampp/htdocs/hp/vendor/laravel/framework/src/Illuminate/View/Middleware/ShareErrorsFromSession.php(49): Illuminate/Pipeline/Pipeline->Illuminate/Pipeline/{closure}(Object(Illuminate/Http/Request))
#43 C:/xampp/htdocs/hp/vendor/laravel/framework/src/Illuminate/Pipeline/Pipeline.php(209): Illuminate/View/Middleware/ShareErrorsFromSession->handle(Object(Illuminate/Http/Request), Object(Closure))
#44 C:/xampp/htdocs/hp/vendor/laravel/framework/src/Illuminate/Session/Middleware/StartSession.php(121): Illuminate/Pipeline/Pipeline->Illuminate/Pipeline/{closure}(Object(Illuminate/Http/Request))
#45 C:/xampp/htdocs/hp/vendor/laravel/framework/src/Illuminate/Session/Middleware/StartSession.php(64): Illuminate/Session/Middleware/StartSession->handleStatefulRequest(Object(Illuminate/Http/Request), Object(Illuminate/Session/Store), Object(Closure))
#46 C:/xampp/htdocs/hp/vendor/laravel/framework/src/Illuminate/Pipeline/Pipeline.php(209): Illuminate/Session/Middleware/StartSession->handle(Object(Illuminate/Http/Request), Object(Closure))
#47 C:/xampp/htdocs/hp/vendor/laravel/framework/src/Illuminate/Cookie/Middleware/AddQueuedCookiesToResponse.php(37): Illuminate/Pipeline/Pipeline->Illuminate/Pipeline/{closure}(Object(Illuminate/Http/Request))
#48 C:/xampp/htdocs/hp/vendor/laravel/framework/src/Illuminate/Pipeline/Pipeline.php(209): Illuminate/Cookie/Middleware/AddQueuedCookiesToResponse->handle(Object(Illuminate/Http/Request), Object(Closure))
#49 C:/xampp/htdocs/hp/vendor/laravel/framework/src/Illuminate/Cookie/Middleware/EncryptCookies.php(75): Illuminate/Pipeline/Pipeline->Illuminate/Pipeline/{closure}(Object(Illuminate/Http/Request))
#50 C:/xampp/htdocs/hp/vendor/laravel/framework/src/Illuminate/Pipeline/Pipeline.php(209): Illuminate/Cookie/Middleware/EncryptCookies->handle(Object(Illuminate/Http/Request), Object(Closure))
#51 C:/xampp/htdocs/hp/vendor/filament/filament/src/Http/Middleware/SetUpPanel.php(19): Illuminate/Pipeline/Pipeline->Illuminate/Pipeline/{closure}(Object(Illuminate/Http/Request))
#52 C:/xampp/htdocs/hp/vendor/laravel/framework/src/Illuminate/Pipeline/Pipeline.php(209): Filament/Http/Middleware/SetUpPanel->handle(Object(Illuminate/Http/Request), Object(Closure), Object(Filament/Panel))
#53 C:/xampp/htdocs/hp/vendor/laravel/framework/src/Illuminate/Pipeline/Pipeline.php(127): Illuminate/Pipeline/Pipeline->Illuminate/Pipeline/{closure}(Object(Illuminate/Http/Request))
#54 C:/xampp/htdocs/hp/vendor/laravel/framework/src/Illuminate/Routing/Router.php(807): Illuminate/Pipeline/Pipeline->then(Object(Closure))
#55 C:/xampp/htdocs/hp/vendor/laravel/framework/src/Illuminate/Routing/Router.php(786): Illuminate/Routing/Router->runRouteWithinStack(Object(Illuminate/Routing/Route), Object(Illuminate/Http/Request))
#56 C:/xampp/htdocs/hp/vendor/laravel/framework/src/Illuminate/Routing/Router.php(750): Illuminate/Routing/Router->runRoute(Object(Illuminate/Http/Request), Object(Illuminate/Routing/Route))
#57 C:/xampp/htdocs/hp/vendor/laravel/framework/src/Illuminate/Routing/Router.php(739): Illuminate/Routing/Router->dispatchToRoute(Object(Illuminate/Http/Request))
#58 C:/xampp/htdocs/hp/vendor/laravel/framework/src/Illuminate/Foundation/Http/Kernel.php(201): Illuminate/Routing/Router->dispatch(Object(Illuminate/Http/Request))
#59 C:/xampp/htdocs/hp/vendor/laravel/framework/src/Illuminate/Pipeline/Pipeline.php(170): Illuminate/Foundation/Http/Kernel->Illuminate/Foundation/Http/{closure}(Object(Illuminate/Http/Request))
#60 C:/xampp/htdocs/hp/vendor/livewire/livewire/src/Features/SupportDisablingBackButtonCache/DisableBackButtonCacheMiddleware.php(19): Illuminate/Pipeline/Pipeline->Illuminate/Pipeline/{closure}(Object(Illuminate/Http/Request))
#61 C:/xampp/htdocs/hp/vendor/laravel/framework/src/Illuminate/Pipeline/Pipeline.php(209): Livewire/Features/SupportDisablingBackButtonCache/DisableBackButtonCacheMiddleware->handle(Object(Illuminate/Http/Request), Object(Closure))
#62 C:/xampp/htdocs/hp/vendor/laravel/framework/src/Illuminate/Foundation/Http/Middleware/TransformsRequest.php(21): Illuminate/Pipeline/Pipeline->Illuminate/Pipeline/{closure}(Object(Illuminate/Http/Request))
#63 C:/xampp/htdocs/hp/vendor/laravel/framework/src/Illuminate/Foundation/Http/Middleware/ConvertEmptyStringsToNull.php(31): Illuminate/Foundation/Http/Middleware/TransformsRequest->handle(Object(Illuminate/Http/Request), Object(Closure))
#64 C:/xampp/htdocs/hp/vendor/laravel/framework/src/Illuminate/Pipeline/Pipeline.php(209): Illuminate/Foundation/Http/Middleware/ConvertEmptyStringsToNull->handle(Object(Illuminate/Http/Request), Object(Closure))
#65 C:/xampp/htdocs/hp/vendor/laravel/framework/src/Illuminate/Foundation/Http/Middleware/TransformsRequest.php(21): Illuminate/Pipeline/Pipeline->Illuminate/Pipeline/{closure}(Object(Illuminate/Http/Request))
#66 C:/xampp/htdocs/hp/vendor/laravel/framework/src/Illuminate/Foundation/Http/Middleware/TrimStrings.php(51): Illuminate/Foundation/Http/Middleware/TransformsRequest->handle(Object(Illuminate/Http/Request), Object(Closure))
#67 C:/xampp/htdocs/hp/vendor/laravel/framework/src/Illuminate/Pipeline/Pipeline.php(209): Illuminate/Foundation/Http/Middleware/TrimStrings->handle(Object(Illuminate/Http/Request), Object(Closure))
#68 C:/xampp/htdocs/hp/vendor/laravel/framework/src/Illuminate/Http/Middleware/ValidatePostSize.php(27): Illuminate/Pipeline/Pipeline->Illuminate/Pipeline/{closure}(Object(Illuminate/Http/Request))
#69 C:/xampp/htdocs/hp/vendor/laravel/framework/src/Illuminate/Pipeline/Pipeline.php(209): Illuminate/Http/Middleware/ValidatePostSize->handle(Object(Illuminate/Http/Request), Object(Closure))
#70 C:/xampp/htdocs/hp/vendor/laravel/framework/src/Illuminate/Foundation/Http/Middleware/PreventRequestsDuringMaintenance.php(110): Illuminate/Pipeline/Pipeline->Illuminate/Pipeline/{closure}(Object(Illuminate/Http/Request))
#71 C:/xampp/htdocs/hp/vendor/laravel/framework/src/Illuminate/Pipeline/Pipeline.php(209): Illuminate/Foundation/Http/Middleware/PreventRequestsDuringMaintenance->handle(Object(Illuminate/Http/Request), Object(Closure))
#72 C:/xampp/htdocs/hp/vendor/laravel/framework/src/Illuminate/Http/Middleware/HandleCors.php(49): Illuminate/Pipeline/Pipeline->Illuminate/Pipeline/{closure}(Object(Illuminate/Http/Request))
#73 C:/xampp/htdocs/hp/vendor/laravel/framework/src/Illuminate/Pipeline/Pipeline.php(209): Illuminate/Http/Middleware/HandleCors->handle(Object(Illuminate/Http/Request), Object(Closure))
#74 C:/xampp/htdocs/hp/vendor/laravel/framework/src/Illuminate/Http/Middleware/TrustProxies.php(58): Illuminate/Pipeline/Pipeline->Illuminate/Pipeline/{closure}(Object(Illuminate/Http/Request))
#75 C:/xampp/htdocs/hp/vendor/laravel/framework/src/Illuminate/Pipeline/Pipeline.php(209): Illuminate/Http/Middleware/TrustProxies->handle(Object(Illuminate/Http/Request), Object(Closure))
#76 C:/xampp/htdocs/hp/vendor/laravel/framework/src/Illuminate/Foundation/Http/Middleware/InvokeDeferredCallbacks.php(22): Illuminate/Pipeline/Pipeline->Illuminate/Pipeline/{closure}(Object(Illuminate/Http/Request))
#77 C:/xampp/htdocs/hp/vendor/laravel/framework/src/Illuminate/Pipeline/Pipeline.php(209): Illuminate/Foundation/Http/Middleware/InvokeDeferredCallbacks->handle(Object(Illuminate/Http/Request), Object(Closure))
#78 C:/xampp/htdocs/hp/vendor/laravel/framework/src/Illuminate/Pipeline/Pipeline.php(127): Illuminate/Pipeline/Pipeline->Illuminate/Pipeline/{closure}(Object(Illuminate/Http/Request))
#79 C:/xampp/htdocs/hp/vendor/laravel/framework/src/Illuminate/Foundation/Http/Kernel.php(176): Illuminate/Pipeline/Pipeline->then(Object(Closure))
#80 C:/xampp/htdocs/hp/vendor/laravel/framework/src/Illuminate/Foundation/Http/Kernel.php(145): Illuminate/Foundation/Http/Kernel->sendRequestThroughRouter(Object(Illuminate/Http/Request))
#81 C:/xampp/htdocs/hp/vendor/laravel/framework/src/Illuminate/Foundation/Application.php(1220): Illuminate/Foundation/Http/Kernel->handle(Object(Illuminate/Http/Request))
#82 C:/xampp/htdocs/hp/public/index.php(17): Illuminate/Foundation/Application->handleRequest(Object(Illuminate/Http/Request))
#83 C:/xampp/htdocs/hp/vendor/laravel/framework/src/Illuminate/Foundation/resources/server.php(23): require_once('C://xampp//htdocs...')
#84 {main}

[previous exception] [object] (Illuminate\\View\\ViewException(code: 0): The \"intl\" PHP extension is required to use the [format] method. (View: C:\\xampp\\htdocs\\hp\\vendor\\filament\\support\\resources\\views\\components\\pagination\\index.blade.php) at C:/xampp/htdocs/hp/vendor/laravel/framework/src/Illuminate/Support/Number.php:385)
[stacktrace]
#0 C:/xampp/htdocs/hp/vendor/livewire/livewire/src/Mechanisms/ExtendBlade/ExtendedCompilerEngine.php(58): Illuminate/View/Engines/CompilerEngine->handleViewException(Object(RuntimeException), 5)
#1 C:/xampp/htdocs/hp/vendor/livewire/livewire/src/Mechanisms/ExtendBlade/ExtendedCompilerEngine.php(40): Livewire/Mechanisms/ExtendBlade/ExtendedCompilerEngine->handleViewException(Object(RuntimeException), 5)
#2 C:/xampp/htdocs/hp/vendor/laravel/framework/src/Illuminate/View/Engines/CompilerEngine.php(75): Livewire/Mechanisms/ExtendBlade/ExtendedCompilerEngine->evaluatePath('C://xampp//htdocs...', Array)
#3 C:/xampp/htdocs/hp/vendor/livewire/livewire/src/Mechanisms/ExtendBlade/ExtendedCompilerEngine.php(16): Illuminate/View/Engines/CompilerEngine->get('C://xampp//htdocs...', Array)
#4 C:/xampp/htdocs/hp/vendor/laravel/framework/src/Illuminate/View/View.php(209): Livewire/Mechanisms/ExtendBlade/ExtendedCompilerEngine->get('C://xampp//htdocs...', Array)
#5 C:/xampp/htdocs/hp/vendor/laravel/framework/src/Illuminate/View/View.php(192): Illuminate/View/View->getContents()
#6 C:/xampp/htdocs/hp/vendor/laravel/framework/src/Illuminate/View/View.php(161): Illuminate/View/View->renderContents()
#7 C:/xampp/htdocs/hp/vendor/laravel/framework/src/Illuminate/View/Concerns/ManagesComponents.php(103): Illuminate/View/View->render()
#8 C:/xampp/htdocs/hp/storage/framework/views/6477c3f58b3f6bca4ff1555fac23c21c.php(2458): Illuminate/View/Factory->renderComponent()
#9 C:/xampp/htdocs/hp/vendor/livewire/livewire/src/Mechanisms/ExtendBlade/ExtendedCompilerEngine.php(37): include('C://xampp//htdocs...')
#10 C:/xampp/htdocs/hp/vendor/livewire/livewire/src/Mechanisms/ExtendBlade/ExtendedCompilerEngine.php(38): App/Filament/Resources/DepartmentResource/Pages/ListDepartments->Livewire/Mechanisms/ExtendBlade/{closure}()
#11 C:/xampp/htdocs/hp/vendor/laravel/framework/src/Illuminate/View/Engines/CompilerEngine.php(75): Livewire/Mechanisms/ExtendBlade/ExtendedCompilerEngine->evaluatePath('C://xampp//htdocs...', Array)
#12 C:/xampp/htdocs/hp/vendor/livewire/livewire/src/Mechanisms/ExtendBlade/ExtendedCompilerEngine.php(16): Illuminate/View/Engines/CompilerEngine->get('C://xampp//htdocs...', Array)
#13 C:/xampp/htdocs/hp/vendor/laravel/framework/src/Illuminate/View/View.php(209): Livewire/Mechanisms/ExtendBlade/ExtendedCompilerEngine->get('C://xampp//htdocs...', Array)
#14 C:/xampp/htdocs/hp/vendor/laravel/framework/src/Illuminate/View/View.php(192): Illuminate/View/View->getContents()
#15 C:/xampp/htdocs/hp/vendor/laravel/framework/src/Illuminate/View/View.php(161): Illuminate/View/View->renderContents()
#16 C:/xampp/htdocs/hp/vendor/filament/support/src/Components/ViewComponent.php(115): Illuminate/View/View->render()
#17 C:/xampp/htdocs/hp/vendor/laravel/framework/src/Illuminate/Support/helpers.php(134): Filament/Support/Components/ViewComponent->toHtml()
#18 C:/xampp/htdocs/hp/storage/framework/views/853058402355b8ac6aa7297050bc2a12.php(42): e(Object(Filament/Tables/Table))
#19 C:/xampp/htdocs/hp/vendor/livewire/livewire/src/Mechanisms/ExtendBlade/ExtendedCompilerEngine.php(37): include('C://xampp//htdocs...')
#20 C:/xampp/htdocs/hp/vendor/livewire/livewire/src/Mechanisms/ExtendBlade/ExtendedCompilerEngine.php(38): App/Filament/Resources/DepartmentResource/Pages/ListDepartments->Livewire/Mechanisms/ExtendBlade/{closure}()
#21 C:/xampp/htdocs/hp/vendor/laravel/framework/src/Illuminate/View/Engines/CompilerEngine.php(75): Livewire/Mechanisms/ExtendBlade/ExtendedCompilerEngine->evaluatePath('C://xampp//htdocs...', Array)
#22 C:/xampp/htdocs/hp/vendor/livewire/livewire/src/Mechanisms/ExtendBlade/ExtendedCompilerEngine.php(16): Illuminate/View/Engines/CompilerEngine->get('C://xampp//htdocs...', Array)
#23 C:/xampp/htdocs/hp/vendor/laravel/framework/src/Illuminate/View/View.php(209): Livewire/Mechanisms/ExtendBlade/ExtendedCompilerEngine->get('C://xampp//htdocs...', Array)
#24 C:/xampp/htdocs/hp/vendor/laravel/framework/src/Illuminate/View/View.php(192): Illuminate/View/View->getContents()
#25 C:/xampp/htdocs/hp/vendor/laravel/framework/src/Illuminate/View/View.php(161): Illuminate/View/View->renderContents()
#26 C:/xampp/htdocs/hp/vendor/livewire/livewire/src/Mechanisms/HandleComponents/HandleComponents.php(288): Illuminate/View/View->render(Object(Closure))
#27 C:/xampp/htdocs/hp/vendor/livewire/livewire/src/Mechanisms/HandleComponents/HandleComponents.php(332): Livewire/Mechanisms/HandleComponents/HandleComponents->Livewire/Mechanisms/HandleComponents/{closure}()
#28 C:/xampp/htdocs/hp/vendor/livewire/livewire/src/Mechanisms/HandleComponents/HandleComponents.php(280): Livewire/Mechanisms/HandleComponents/HandleComponents->trackInRenderStack(Object(App/Filament/Resources/DepartmentResource/Pages/ListDepartments), Object(Closure))
#29 C:/xampp/htdocs/hp/vendor/livewire/livewire/src/Mechanisms/HandleComponents/HandleComponents.php(54): Livewire/Mechanisms/HandleComponents/HandleComponents->render(Object(App/Filament/Resources/DepartmentResource/Pages/ListDepartments), '<div></div>')
#30 C:/xampp/htdocs/hp/vendor/livewire/livewire/src/LivewireManager.php(73): Livewire/Mechanisms/HandleComponents/HandleComponents->mount('App//Filament//Re...', Array, NULL)
#31 C:/xampp/htdocs/hp/vendor/livewire/livewire/src/Features/SupportPageComponents/HandlesPageComponents.php(17): Livewire/LivewireManager->mount('App//Filament//Re...', Array)
#32 C:/xampp/htdocs/hp/vendor/livewire/livewire/src/Features/SupportPageComponents/SupportPageComponents.php(117): Livewire/Component->Livewire/Features/SupportPageComponents/{closure}()
#33 C:/xampp/htdocs/hp/vendor/livewire/livewire/src/Features/SupportPageComponents/HandlesPageComponents.php(14): Livewire/Features/SupportPageComponents/SupportPageComponents::interceptTheRenderOfTheComponentAndRetreiveTheLayoutConfiguration(Object(Closure))
#34 C:/xampp/htdocs/hp/vendor/laravel/framework/src/Illuminate/Routing/ControllerDispatcher.php(47): Livewire/Component->__invoke()
#35 C:/xampp/htdocs/hp/vendor/laravel/framework/src/Illuminate/Routing/Route.php(266): Illuminate/Routing/ControllerDispatcher->dispatch(Object(Illuminate/Routing/Route), Object(App/Filament/Resources/DepartmentResource/Pages/ListDepartments), '__invoke')
#36 C:/xampp/htdocs/hp/vendor/laravel/framework/src/Illuminate/Routing/Route.php(212): Illuminate/Routing/Route->runController()
#37 C:/xampp/htdocs/hp/vendor/laravel/framework/src/Illuminate/Routing/Router.php(808): Illuminate/Routing/Route->run()
#38 C:/xampp/htdocs/hp/vendor/laravel/framework/src/Illuminate/Pipeline/Pipeline.php(170): Illuminate/Routing/Router->Illuminate/Routing/{closure}(Object(Illuminate/Http/Request))
#39 C:/xampp/htdocs/hp/vendor/filament/filament/src/Http/Middleware/DispatchServingFilamentEvent.php(15): Illuminate/Pipeline/Pipeline->Illuminate/Pipeline/{closure}(Object(Illuminate/Http/Request))
#40 C:/xampp/htdocs/hp/vendor/laravel/framework/src/Illuminate/Pipeline/Pipeline.php(209): Filament/Http/Middleware/DispatchServingFilamentEvent->handle(Object(Illuminate/Http/Request), Object(Closure))
#41 C:/xampp/htdocs/hp/vendor/filament/filament/src/Http/Middleware/DisableBladeIconComponents.php(14): Illuminate/Pipeline/Pipeline->Illuminate/Pipeline/{closure}(Object(Illuminate/Http/Request))
#42 C:/xampp/htdocs/hp/vendor/laravel/framework/src/Illuminate/Pipeline/Pipeline.php(209): Filament/Http/Middleware/DisableBladeIconComponents->handle(Object(Illuminate/Http/Request), Object(Closure))
#43 C:/xampp/htdocs/hp/vendor/laravel/framework/src/Illuminate/Routing/Middleware/SubstituteBindings.php(51): Illuminate/Pipeline/Pipeline->Illuminate/Pipeline/{closure}(Object(Illuminate/Http/Request))
#44 C:/xampp/htdocs/hp/vendor/laravel/framework/src/Illuminate/Pipeline/Pipeline.php(209): Illuminate/Routing/Middleware/SubstituteBindings->handle(Object(Illuminate/Http/Request), Object(Closure))
#45 C:/xampp/htdocs/hp/vendor/laravel/framework/src/Illuminate/Foundation/Http/Middleware/VerifyCsrfToken.php(88): Illuminate/Pipeline/Pipeline->Illuminate/Pipeline/{closure}(Object(Illuminate/Http/Request))
#46 C:/xampp/htdocs/hp/vendor/laravel/framework/src/Illuminate/Pipeline/Pipeline.php(209): Illuminate/Foundation/Http/Middleware/VerifyCsrfToken->handle(Object(Illuminate/Http/Request), Object(Closure))
#47 C:/xampp/htdocs/hp/vendor/laravel/framework/src/Illuminate/Session/Middleware/AuthenticateSession.php(67): Illuminate/Pipeline/Pipeline->Illuminate/Pipeline/{closure}(Object(Illuminate/Http/Request))
#48 C:/xampp/htdocs/hp/vendor/laravel/framework/src/Illuminate/Pipeline/Pipeline.php(209): Illuminate/Session/Middleware/AuthenticateSession->handle(Object(Illuminate/Http/Request), Object(Closure))
#49 C:/xampp/htdocs/hp/vendor/laravel/framework/src/Illuminate/Auth/Middleware/Authenticate.php(64): Illuminate/Pipeline/Pipeline->Illuminate/Pipeline/{closure}(Object(Illuminate/Http/Request))
#50 C:/xampp/htdocs/hp/vendor/laravel/framework/src/Illuminate/Pipeline/Pipeline.php(209): Illuminate/Auth/Middleware/Authenticate->handle(Object(Illuminate/Http/Request), Object(Closure))
#51 C:/xampp/htdocs/hp/vendor/laravel/framework/src/Illuminate/View/Middleware/ShareErrorsFromSession.php(49): Illuminate/Pipeline/Pipeline->Illuminate/Pipeline/{closure}(Object(Illuminate/Http/Request))
#52 C:/xampp/htdocs/hp/vendor/laravel/framework/src/Illuminate/Pipeline/Pipeline.php(209): Illuminate/View/Middleware/ShareErrorsFromSession->handle(Object(Illuminate/Http/Request), Object(Closure))
#53 C:/xampp/htdocs/hp/vendor/laravel/framework/src/Illuminate/Session/Middleware/StartSession.php(121): Illuminate/Pipeline/Pipeline->Illuminate/Pipeline/{closure}(Object(Illuminate/Http/Request))
#54 C:/xampp/htdocs/hp/vendor/laravel/framework/src/Illuminate/Session/Middleware/StartSession.php(64): Illuminate/Session/Middleware/StartSession->handleStatefulRequest(Object(Illuminate/Http/Request), Object(Illuminate/Session/Store), Object(Closure))
#55 C:/xampp/htdocs/hp/vendor/laravel/framework/src/Illuminate/Pipeline/Pipeline.php(209): Illuminate/Session/Middleware/StartSession->handle(Object(Illuminate/Http/Request), Object(Closure))
#56 C:/xampp/htdocs/hp/vendor/laravel/framework/src/Illuminate/Cookie/Middleware/AddQueuedCookiesToResponse.php(37): Illuminate/Pipeline/Pipeline->Illuminate/Pipeline/{closure}(Object(Illuminate/Http/Request))
#57 C:/xampp/htdocs/hp/vendor/laravel/framework/src/Illuminate/Pipeline/Pipeline.php(209): Illuminate/Cookie/Middleware/AddQueuedCookiesToResponse->handle(Object(Illuminate/Http/Request), Object(Closure))
#58 C:/xampp/htdocs/hp/vendor/laravel/framework/src/Illuminate/Cookie/Middleware/EncryptCookies.php(75): Illuminate/Pipeline/Pipeline->Illuminate/Pipeline/{closure}(Object(Illuminate/Http/Request))
#59 C:/xampp/htdocs/hp/vendor/laravel/framework/src/Illuminate/Pipeline/Pipeline.php(209): Illuminate/Cookie/Middleware/EncryptCookies->handle(Object(Illuminate/Http/Request), Object(Closure))
#60 C:/xampp/htdocs/hp/vendor/filament/filament/src/Http/Middleware/SetUpPanel.php(19): Illuminate/Pipeline/Pipeline->Illuminate/Pipeline/{closure}(Object(Illuminate/Http/Request))
#61 C:/xampp/htdocs/hp/vendor/laravel/framework/src/Illuminate/Pipeline/Pipeline.php(209): Filament/Http/Middleware/SetUpPanel->handle(Object(Illuminate/Http/Request), Object(Closure), Object(Filament/Panel))
#62 C:/xampp/htdocs/hp/vendor/laravel/framework/src/Illuminate/Pipeline/Pipeline.php(127): Illuminate/Pipeline/Pipeline->Illuminate/Pipeline/{closure}(Object(Illuminate/Http/Request))
#63 C:/xampp/htdocs/hp/vendor/laravel/framework/src/Illuminate/Routing/Router.php(807): Illuminate/Pipeline/Pipeline->then(Object(Closure))
#64 C:/xampp/htdocs/hp/vendor/laravel/framework/src/Illuminate/Routing/Router.php(786): Illuminate/Routing/Router->runRouteWithinStack(Object(Illuminate/Routing/Route), Object(Illuminate/Http/Request))
#65 C:/xampp/htdocs/hp/vendor/laravel/framework/src/Illuminate/Routing/Router.php(750): Illuminate/Routing/Router->runRoute(Object(Illuminate/Http/Request), Object(Illuminate/Routing/Route))
#66 C:/xampp/htdocs/hp/vendor/laravel/framework/src/Illuminate/Routing/Router.php(739): Illuminate/Routing/Router->dispatchToRoute(Object(Illuminate/Http/Request))
#67 C:/xampp/htdocs/hp/vendor/laravel/framework/src/Illuminate/Foundation/Http/Kernel.php(201): Illuminate/Routing/Router->dispatch(Object(Illuminate/Http/Request))
#68 C:/xampp/htdocs/hp/vendor/laravel/framework/src/Illuminate/Pipeline/Pipeline.php(170): Illuminate/Foundation/Http/Kernel->Illuminate/Foundation/Http/{closure}(Object(Illuminate/Http/Request))
#69 C:/xampp/htdocs/hp/vendor/livewire/livewire/src/Features/SupportDisablingBackButtonCache/DisableBackButtonCacheMiddleware.php(19): Illuminate/Pipeline/Pipeline->Illuminate/Pipeline/{closure}(Object(Illuminate/Http/Request))
#70 C:/xampp/htdocs/hp/vendor/laravel/framework/src/Illuminate/Pipeline/Pipeline.php(209): Livewire/Features/SupportDisablingBackButtonCache/DisableBackButtonCacheMiddleware->handle(Object(Illuminate/Http/Request), Object(Closure))
#71 C:/xampp/htdocs/hp/vendor/laravel/framework/src/Illuminate/Foundation/Http/Middleware/TransformsRequest.php(21): Illuminate/Pipeline/Pipeline->Illuminate/Pipeline/{closure}(Object(Illuminate/Http/Request))
#72 C:/xampp/htdocs/hp/vendor/laravel/framework/src/Illuminate/Foundation/Http/Middleware/ConvertEmptyStringsToNull.php(31): Illuminate/Foundation/Http/Middleware/TransformsRequest->handle(Object(Illuminate/Http/Request), Object(Closure))
#73 C:/xampp/htdocs/hp/vendor/laravel/framework/src/Illuminate/Pipeline/Pipeline.php(209): Illuminate/Foundation/Http/Middleware/ConvertEmptyStringsToNull->handle(Object(Illuminate/Http/Request), Object(Closure))
#74 C:/xampp/htdocs/hp/vendor/laravel/framework/src/Illuminate/Foundation/Http/Middleware/TransformsRequest.php(21): Illuminate/Pipeline/Pipeline->Illuminate/Pipeline/{closure}(Object(Illuminate/Http/Request))
#75 C:/xampp/htdocs/hp/vendor/laravel/framework/src/Illuminate/Foundation/Http/Middleware/TrimStrings.php(51): Illuminate/Foundation/Http/Middleware/TransformsRequest->handle(Object(Illuminate/Http/Request), Object(Closure))
#76 C:/xampp/htdocs/hp/vendor/laravel/framework/src/Illuminate/Pipeline/Pipeline.php(209): Illuminate/Foundation/Http/Middleware/TrimStrings->handle(Object(Illuminate/Http/Request), Object(Closure))
#77 C:/xampp/htdocs/hp/vendor/laravel/framework/src/Illuminate/Http/Middleware/ValidatePostSize.php(27): Illuminate/Pipeline/Pipeline->Illuminate/Pipeline/{closure}(Object(Illuminate/Http/Request))
#78 C:/xampp/htdocs/hp/vendor/laravel/framework/src/Illuminate/Pipeline/Pipeline.php(209): Illuminate/Http/Middleware/ValidatePostSize->handle(Object(Illuminate/Http/Request), Object(Closure))
#79 C:/xampp/htdocs/hp/vendor/laravel/framework/src/Illuminate/Foundation/Http/Middleware/PreventRequestsDuringMaintenance.php(110): Illuminate/Pipeline/Pipeline->Illuminate/Pipeline/{closure}(Object(Illuminate/Http/Request))
#80 C:/xampp/htdocs/hp/vendor/laravel/framework/src/Illuminate/Pipeline/Pipeline.php(209): Illuminate/Foundation/Http/Middleware/PreventRequestsDuringMaintenance->handle(Object(Illuminate/Http/Request), Object(Closure))
#81 C:/xampp/htdocs/hp/vendor/laravel/framework/src/Illuminate/Http/Middleware/HandleCors.php(49): Illuminate/Pipeline/Pipeline->Illuminate/Pipeline/{closure}(Object(Illuminate/Http/Request))
#82 C:/xampp/htdocs/hp/vendor/laravel/framework/src/Illuminate/Pipeline/Pipeline.php(209): Illuminate/Http/Middleware/HandleCors->handle(Object(Illuminate/Http/Request), Object(Closure))
#83 C:/xampp/htdocs/hp/vendor/laravel/framework/src/Illuminate/Http/Middleware/TrustProxies.php(58): Illuminate/Pipeline/Pipeline->Illuminate/Pipeline/{closure}(Object(Illuminate/Http/Request))
#84 C:/xampp/htdocs/hp/vendor/laravel/framework/src/Illuminate/Pipeline/Pipeline.php(209): Illuminate/Http/Middleware/TrustProxies->handle(Object(Illuminate/Http/Request), Object(Closure))
#85 C:/xampp/htdocs/hp/vendor/laravel/framework/src/Illuminate/Foundation/Http/Middleware/InvokeDeferredCallbacks.php(22): Illuminate/Pipeline/Pipeline->Illuminate/Pipeline/{closure}(Object(Illuminate/Http/Request))
#86 C:/xampp/htdocs/hp/vendor/laravel/framework/src/Illuminate/Pipeline/Pipeline.php(209): Illuminate/Foundation/Http/Middleware/InvokeDeferredCallbacks->handle(Object(Illuminate/Http/Request), Object(Closure))
#87 C:/xampp/htdocs/hp/vendor/laravel/framework/src/Illuminate/Pipeline/Pipeline.php(127): Illuminate/Pipeline/Pipeline->Illuminate/Pipeline/{closure}(Object(Illuminate/Http/Request))
#88 C:/xampp/htdocs/hp/vendor/laravel/framework/src/Illuminate/Foundation/Http/Kernel.php(176): Illuminate/Pipeline/Pipeline->then(Object(Closure))
#89 C:/xampp/htdocs/hp/vendor/laravel/framework/src/Illuminate/Foundation/Http/Kernel.php(145): Illuminate/Foundation/Http/Kernel->sendRequestThroughRouter(Object(Illuminate/Http/Request))
#90 C:/xampp/htdocs/hp/vendor/laravel/framework/src/Illuminate/Foundation/Application.php(1220): Illuminate/Foundation/Http/Kernel->handle(Object(Illuminate/Http/Request))
#91 C:/xampp/htdocs/hp/public/index.php(17): Illuminate/Foundation/Application->handleRequest(Object(Illuminate/Http/Request))
#92 C:/xampp/htdocs/hp/vendor/laravel/framework/src/Illuminate/Foundation/resources/server.php(23): require_once('C://xampp//htdocs...')
#93 {main}

[previous exception] [object] (RuntimeException(code: 0): The \"intl\" PHP extension is required to use the [format] method. at C:/xampp/htdocs/hp/vendor/laravel/framework/src/Illuminate/Support/Number.php:385)
[stacktrace]
#0 C:/xampp/htdocs/hp/vendor/laravel/framework/src/Illuminate/Support/Number.php(38): Illuminate/Support/Number::ensureIntlExtensionIsInstalled()
#1 C:/xampp/htdocs/hp/storage/framework/views/dc96bd85b482a801c44f1fda8976f247.php(98): Illuminate/Support/Number::format(1)
#2 C:/xampp/htdocs/hp/vendor/livewire/livewire/src/Mechanisms/ExtendBlade/ExtendedCompilerEngine.php(37): include('C://xampp//htdocs...')
#3 C:/xampp/htdocs/hp/vendor/livewire/livewire/src/Mechanisms/ExtendBlade/ExtendedCompilerEngine.php(38): App/Filament/Resources/DepartmentResource/Pages/ListDepartments->Livewire/Mechanisms/ExtendBlade/{closure}()
#4 C:/xampp/htdocs/hp/vendor/laravel/framework/src/Illuminate/View/Engines/CompilerEngine.php(75): Livewire/Mechanisms/ExtendBlade/ExtendedCompilerEngine->evaluatePath('C://xampp//htdocs...', Array)
#5 C:/xampp/htdocs/hp/vendor/livewire/livewire/src/Mechanisms/ExtendBlade/ExtendedCompilerEngine.php(16): Illuminate/View/Engines/CompilerEngine->get('C://xampp//htdocs...', Array)
#6 C:/xampp/htdocs/hp/vendor/laravel/framework/src/Illuminate/View/View.php(209): Livewire/Mechanisms/ExtendBlade/ExtendedCompilerEngine->get('C://xampp//htdocs...', Array)
#7 C:/xampp/htdocs/hp/vendor/laravel/framework/src/Illuminate/View/View.php(192): Illuminate/View/View->getContents()
#8 C:/xampp/htdocs/hp/vendor/laravel/framework/src/Illuminate/View/View.php(161): Illuminate/View/View->renderContents()
#9 C:/xampp/htdocs/hp/vendor/laravel/framework/src/Illuminate/View/Concerns/ManagesComponents.php(103): Illuminate/View/View->render()
#10 C:/xampp/htdocs/hp/storage/framework/views/6477c3f58b3f6bca4ff1555fac23c21c.php(2458): Illuminate/View/Factory->renderComponent()
#11 C:/xampp/htdocs/hp/vendor/livewire/livewire/src/Mechanisms/ExtendBlade/ExtendedCompilerEngine.php(37): include('C://xampp//htdocs...')
#12 C:/xampp/htdocs/hp/vendor/livewire/livewire/src/Mechanisms/ExtendBlade/ExtendedCompilerEngine.php(38): App/Filament/Resources/DepartmentResource/Pages/ListDepartments->Livewire/Mechanisms/ExtendBlade/{closure}()
#13 C:/xampp/htdocs/hp/vendor/laravel/framework/src/Illuminate/View/Engines/CompilerEngine.php(75): Livewire/Mechanisms/ExtendBlade/ExtendedCompilerEngine->evaluatePath('C://xampp//htdocs...', Array)
#14 C:/xampp/htdocs/hp/vendor/livewire/livewire/src/Mechanisms/ExtendBlade/ExtendedCompilerEngine.php(16): Illuminate/View/Engines/CompilerEngine->get('C://xampp//htdocs...', Array)
#15 C:/xampp/htdocs/hp/vendor/laravel/framework/src/Illuminate/View/View.php(209): Livewire/Mechanisms/ExtendBlade/ExtendedCompilerEngine->get('C://xampp//htdocs...', Array)
#16 C:/xampp/htdocs/hp/vendor/laravel/framework/src/Illuminate/View/View.php(192): Illuminate/View/View->getContents()
#17 C:/xampp/htdocs/hp/vendor/laravel/framework/src/Illuminate/View/View.php(161): Illuminate/View/View->renderContents()
#18 C:/xampp/htdocs/hp/vendor/filament/support/src/Components/ViewComponent.php(115): Illuminate/View/View->render()
#19 C:/xampp/htdocs/hp/vendor/laravel/framework/src/Illuminate/Support/helpers.php(134): Filament/Support/Components/ViewComponent->toHtml()
#20 C:/xampp/htdocs/hp/storage/framework/views/853058402355b8ac6aa7297050bc2a12.php(42): e(Object(Filament/Tables/Table))
#21 C:/xampp/htdocs/hp/vendor/livewire/livewire/src/Mechanisms/ExtendBlade/ExtendedCompilerEngine.php(37): include('C://xampp//htdocs...')
#22 C:/xampp/htdocs/hp/vendor/livewire/livewire/src/Mechanisms/ExtendBlade/ExtendedCompilerEngine.php(38): App/Filament/Resources/DepartmentResource/Pages/ListDepartments->Livewire/Mechanisms/ExtendBlade/{closure}()
#23 C:/xampp/htdocs/hp/vendor/laravel/framework/src/Illuminate/View/Engines/CompilerEngine.php(75): Livewire/Mechanisms/ExtendBlade/ExtendedCompilerEngine->evaluatePath('C://xampp//htdocs...', Array)
#24 C:/xampp/htdocs/hp/vendor/livewire/livewire/src/Mechanisms/ExtendBlade/ExtendedCompilerEngine.php(16): Illuminate/View/Engines/CompilerEngine->get('C://xampp//htdocs...', Array)
#25 C:/xampp/htdocs/hp/vendor/laravel/framework/src/Illuminate/View/View.php(209): Livewire/Mechanisms/ExtendBlade/ExtendedCompilerEngine->get('C://xampp//htdocs...', Array)
#26 C:/xampp/htdocs/hp/vendor/laravel/framework/src/Illuminate/View/View.php(192): Illuminate/View/View->getContents()
#27 C:/xampp/htdocs/hp/vendor/laravel/framework/src/Illuminate/View/View.php(161): Illuminate/View/View->renderContents()
#28 C:/xampp/htdocs/hp/vendor/livewire/livewire/src/Mechanisms/HandleComponents/HandleComponents.php(288): Illuminate/View/View->render(Object(Closure))
#29 C:/xampp/htdocs/hp/vendor/livewire/livewire/src/Mechanisms/HandleComponents/HandleComponents.php(332): Livewire/Mechanisms/HandleComponents/HandleComponents->Livewire/Mechanisms/HandleComponents/{closure}()
#30 C:/xampp/htdocs/hp/vendor/livewire/livewire/src/Mechanisms/HandleComponents/HandleComponents.php(280): Livewire/Mechanisms/HandleComponents/HandleComponents->trackInRenderStack(Object(App/Filament/Resources/DepartmentResource/Pages/ListDepartments), Object(Closure))
#31 C:/xampp/htdocs/hp/vendor/livewire/livewire/src/Mechanisms/HandleComponents/HandleComponents.php(54): Livewire/Mechanisms/HandleComponents/HandleComponents->render(Object(App/Filament/Resources/DepartmentResource/Pages/ListDepartments), '<div></div>')
#32 C:/xampp/htdocs/hp/vendor/livewire/livewire/src/LivewireManager.php(73): Livewire/Mechanisms/HandleComponents/HandleComponents->mount('App//Filament//Re...', Array, NULL)
#33 C:/xampp/htdocs/hp/vendor/livewire/livewire/src/Features/SupportPageComponents/HandlesPageComponents.php(17): Livewire/LivewireManager->mount('App//Filament//Re...', Array)
#34 C:/xampp/htdocs/hp/vendor/livewire/livewire/src/Features/SupportPageComponents/SupportPageComponents.php(117): Livewire/Component->Livewire/Features/SupportPageComponents/{closure}()
#35 C:/xampp/htdocs/hp/vendor/livewire/livewire/src/Features/SupportPageComponents/HandlesPageComponents.php(14): Livewire/Features/SupportPageComponents/SupportPageComponents::interceptTheRenderOfTheComponentAndRetreiveTheLayoutConfiguration(Object(Closure))
#36 C:/xampp/htdocs/hp/vendor/laravel/framework/src/Illuminate/Routing/ControllerDispatcher.php(47): Livewire/Component->__invoke()
#37 C:/xampp/htdocs/hp/vendor/laravel/framework/src/Illuminate/Routing/Route.php(266): Illuminate/Routing/ControllerDispatcher->dispatch(Object(Illuminate/Routing/Route), Object(App/Filament/Resources/DepartmentResource/Pages/ListDepartments), '__invoke')
#38 C:/xampp/htdocs/hp/vendor/laravel/framework/src/Illuminate/Routing/Route.php(212): Illuminate/Routing/Route->runController()
#39 C:/xampp/htdocs/hp/vendor/laravel/framework/src/Illuminate/Routing/Router.php(808): Illuminate/Routing/Route->run()
#40 C:/xampp/htdocs/hp/vendor/laravel/framework/src/Illuminate/Pipeline/Pipeline.php(170): Illuminate/Routing/Router->Illuminate/Routing/{closure}(Object(Illuminate/Http/Request))
#41 C:/xampp/htdocs/hp/vendor/filament/filament/src/Http/Middleware/DispatchServingFilamentEvent.php(15): Illuminate/Pipeline/Pipeline->Illuminate/Pipeline/{closure}(Object(Illuminate/Http/Request))
#42 C:/xampp/htdocs/hp/vendor/laravel/framework/src/Illuminate/Pipeline/Pipeline.php(209): Filament/Http/Middleware/DispatchServingFilamentEvent->handle(Object(Illuminate/Http/Request), Object(Closure))
#43 C:/xampp/htdocs/hp/vendor/filament/filament/src/Http/Middleware/DisableBladeIconComponents.php(14): Illuminate/Pipeline/Pipeline->Illuminate/Pipeline/{closure}(Object(Illuminate/Http/Request))
#44 C:/xampp/htdocs/hp/vendor/laravel/framework/src/Illuminate/Pipeline/Pipeline.php(209): Filament/Http/Middleware/DisableBladeIconComponents->handle(Object(Illuminate/Http/Request), Object(Closure))
#45 C:/xampp/htdocs/hp/vendor/laravel/framework/src/Illuminate/Routing/Middleware/SubstituteBindings.php(51): Illuminate/Pipeline/Pipeline->Illuminate/Pipeline/{closure}(Object(Illuminate/Http/Request))
#46 C:/xampp/htdocs/hp/vendor/laravel/framework/src/Illuminate/Pipeline/Pipeline.php(209): Illuminate/Routing/Middleware/SubstituteBindings->handle(Object(Illuminate/Http/Request), Object(Closure))
#47 C:/xampp/htdocs/hp/vendor/laravel/framework/src/Illuminate/Foundation/Http/Middleware/VerifyCsrfToken.php(88): Illuminate/Pipeline/Pipeline->Illuminate/Pipeline/{closure}(Object(Illuminate/Http/Request))
#48 C:/xampp/htdocs/hp/vendor/laravel/framework/src/Illuminate/Pipeline/Pipeline.php(209): Illuminate/Foundation/Http/Middleware/VerifyCsrfToken->handle(Object(Illuminate/Http/Request), Object(Closure))
#49 C:/xampp/htdocs/hp/vendor/laravel/framework/src/Illuminate/Session/Middleware/AuthenticateSession.php(67): Illuminate/Pipeline/Pipeline->Illuminate/Pipeline/{closure}(Object(Illuminate/Http/Request))
#50 C:/xampp/htdocs/hp/vendor/laravel/framework/src/Illuminate/Pipeline/Pipeline.php(209): Illuminate/Session/Middleware/AuthenticateSession->handle(Object(Illuminate/Http/Request), Object(Closure))
#51 C:/xampp/htdocs/hp/vendor/laravel/framework/src/Illuminate/Auth/Middleware/Authenticate.php(64): Illuminate/Pipeline/Pipeline->Illuminate/Pipeline/{closure}(Object(Illuminate/Http/Request))
#52 C:/xampp/htdocs/hp/vendor/laravel/framework/src/Illuminate/Pipeline/Pipeline.php(209): Illuminate/Auth/Middleware/Authenticate->handle(Object(Illuminate/Http/Request), Object(Closure))
#53 C:/xampp/htdocs/hp/vendor/laravel/framework/src/Illuminate/View/Middleware/ShareErrorsFromSession.php(49): Illuminate/Pipeline/Pipeline->Illuminate/Pipeline/{closure}(Object(Illuminate/Http/Request))
#54 C:/xampp/htdocs/hp/vendor/laravel/framework/src/Illuminate/Pipeline/Pipeline.php(209): Illuminate/View/Middleware/ShareErrorsFromSession->handle(Object(Illuminate/Http/Request), Object(Closure))
#55 C:/xampp/htdocs/hp/vendor/laravel/framework/src/Illuminate/Session/Middleware/StartSession.php(121): Illuminate/Pipeline/Pipeline->Illuminate/Pipeline/{closure}(Object(Illuminate/Http/Request))
#56 C:/xampp/htdocs/hp/vendor/laravel/framework/src/Illuminate/Session/Middleware/StartSession.php(64): Illuminate/Session/Middleware/StartSession->handleStatefulRequest(Object(Illuminate/Http/Request), Object(Illuminate/Session/Store), Object(Closure))
#57 C:/xampp/htdocs/hp/vendor/laravel/framework/src/Illuminate/Pipeline/Pipeline.php(209): Illuminate/Session/Middleware/StartSession->handle(Object(Illuminate/Http/Request), Object(Closure))
#58 C:/xampp/htdocs/hp/vendor/laravel/framework/src/Illuminate/Cookie/Middleware/AddQueuedCookiesToResponse.php(37): Illuminate/Pipeline/Pipeline->Illuminate/Pipeline/{closure}(Object(Illuminate/Http/Request))
#59 C:/xampp/htdocs/hp/vendor/laravel/framework/src/Illuminate/Pipeline/Pipeline.php(209): Illuminate/Cookie/Middleware/AddQueuedCookiesToResponse->handle(Object(Illuminate/Http/Request), Object(Closure))
#60 C:/xampp/htdocs/hp/vendor/laravel/framework/src/Illuminate/Cookie/Middleware/EncryptCookies.php(75): Illuminate/Pipeline/Pipeline->Illuminate/Pipeline/{closure}(Object(Illuminate/Http/Request))
#61 C:/xampp/htdocs/hp/vendor/laravel/framework/src/Illuminate/Pipeline/Pipeline.php(209): Illuminate/Cookie/Middleware/EncryptCookies->handle(Object(Illuminate/Http/Request), Object(Closure))
#62 C:/xampp/htdocs/hp/vendor/filament/filament/src/Http/Middleware/SetUpPanel.php(19): Illuminate/Pipeline/Pipeline->Illuminate/Pipeline/{closure}(Object(Illuminate/Http/Request))
#63 C:/xampp/htdocs/hp/vendor/laravel/framework/src/Illuminate/Pipeline/Pipeline.php(209): Filament/Http/Middleware/SetUpPanel->handle(Object(Illuminate/Http/Request), Object(Closure), Object(Filament/Panel))
#64 C:/xampp/htdocs/hp/vendor/laravel/framework/src/Illuminate/Pipeline/Pipeline.php(127): Illuminate/Pipeline/Pipeline->Illuminate/Pipeline/{closure}(Object(Illuminate/Http/Request))
#65 C:/xampp/htdocs/hp/vendor/laravel/framework/src/Illuminate/Routing/Router.php(807): Illuminate/Pipeline/Pipeline->then(Object(Closure))
#66 C:/xampp/htdocs/hp/vendor/laravel/framework/src/Illuminate/Routing/Router.php(786): Illuminate/Routing/Router->runRouteWithinStack(Object(Illuminate/Routing/Route), Object(Illuminate/Http/Request))
#67 C:/xampp/htdocs/hp/vendor/laravel/framework/src/Illuminate/Routing/Router.php(750): Illuminate/Routing/Router->runRoute(Object(Illuminate/Http/Request), Object(Illuminate/Routing/Route))
#68 C:/xampp/htdocs/hp/vendor/laravel/framework/src/Illuminate/Routing/Router.php(739): Illuminate/Routing/Router->dispatchToRoute(Object(Illuminate/Http/Request))
#69 C:/xampp/htdocs/hp/vendor/laravel/framework/src/Illuminate/Foundation/Http/Kernel.php(201): Illuminate/Routing/Router->dispatch(Object(Illuminate/Http/Request))
#70 C:/xampp/htdocs/hp/vendor/laravel/framework/src/Illuminate/Pipeline/Pipeline.php(170): Illuminate/Foundation/Http/Kernel->Illuminate/Foundation/Http/{closure}(Object(Illuminate/Http/Request))
#71 C:/xampp/htdocs/hp/vendor/livewire/livewire/src/Features/SupportDisablingBackButtonCache/DisableBackButtonCacheMiddleware.php(19): Illuminate/Pipeline/Pipeline->Illuminate/Pipeline/{closure}(Object(Illuminate/Http/Request))
#72 C:/xampp/htdocs/hp/vendor/laravel/framework/src/Illuminate/Pipeline/Pipeline.php(209): Livewire/Features/SupportDisablingBackButtonCache/DisableBackButtonCacheMiddleware->handle(Object(Illuminate/Http/Request), Object(Closure))
#73 C:/xampp/htdocs/hp/vendor/laravel/framework/src/Illuminate/Foundation/Http/Middleware/TransformsRequest.php(21): Illuminate/Pipeline/Pipeline->Illuminate/Pipeline/{closure}(Object(Illuminate/Http/Request))
#74 C:/xampp/htdocs/hp/vendor/laravel/framework/src/Illuminate/Foundation/Http/Middleware/ConvertEmptyStringsToNull.php(31): Illuminate/Foundation/Http/Middleware/TransformsRequest->handle(Object(Illuminate/Http/Request), Object(Closure))
#75 C:/xampp/htdocs/hp/vendor/laravel/framework/src/Illuminate/Pipeline/Pipeline.php(209): Illuminate/Foundation/Http/Middleware/ConvertEmptyStringsToNull->handle(Object(Illuminate/Http/Request), Object(Closure))
#76 C:/xampp/htdocs/hp/vendor/laravel/framework/src/Illuminate/Foundation/Http/Middleware/TransformsRequest.php(21): Illuminate/Pipeline/Pipeline->Illuminate/Pipeline/{closure}(Object(Illuminate/Http/Request))
#77 C:/xampp/htdocs/hp/vendor/laravel/framework/src/Illuminate/Foundation/Http/Middleware/TrimStrings.php(51): Illuminate/Foundation/Http/Middleware/TransformsRequest->handle(Object(Illuminate/Http/Request), Object(Closure))
#78 C:/xampp/htdocs/hp/vendor/laravel/framework/src/Illuminate/Pipeline/Pipeline.php(209): Illuminate/Foundation/Http/Middleware/TrimStrings->handle(Object(Illuminate/Http/Request), Object(Closure))
#79 C:/xampp/htdocs/hp/vendor/laravel/framework/src/Illuminate/Http/Middleware/ValidatePostSize.php(27): Illuminate/Pipeline/Pipeline->Illuminate/Pipeline/{closure}(Object(Illuminate/Http/Request))
#80 C:/xampp/htdocs/hp/vendor/laravel/framework/src/Illuminate/Pipeline/Pipeline.php(209): Illuminate/Http/Middleware/ValidatePostSize->handle(Object(Illuminate/Http/Request), Object(Closure))
#81 C:/xampp/htdocs/hp/vendor/laravel/framework/src/Illuminate/Foundation/Http/Middleware/PreventRequestsDuringMaintenance.php(110): Illuminate/Pipeline/Pipeline->Illuminate/Pipeline/{closure}(Object(Illuminate/Http/Request))
#82 C:/xampp/htdocs/hp/vendor/laravel/framework/src/Illuminate/Pipeline/Pipeline.php(209): Illuminate/Foundation/Http/Middleware/PreventRequestsDuringMaintenance->handle(Object(Illuminate/Http/Request), Object(Closure))
#83 C:/xampp/htdocs/hp/vendor/laravel/framework/src/Illuminate/Http/Middleware/HandleCors.php(49): Illuminate/Pipeline/Pipeline->Illuminate/Pipeline/{closure}(Object(Illuminate/Http/Request))
#84 C:/xampp/htdocs/hp/vendor/laravel/framework/src/Illuminate/Pipeline/Pipeline.php(209): Illuminate/Http/Middleware/HandleCors->handle(Object(Illuminate/Http/Request), Object(Closure))
#85 C:/xampp/htdocs/hp/vendor/laravel/framework/src/Illuminate/Http/Middleware/TrustProxies.php(58): Illuminate/Pipeline/Pipeline->Illuminate/Pipeline/{closure}(Object(Illuminate/Http/Request))
#86 C:/xampp/htdocs/hp/vendor/laravel/framework/src/Illuminate/Pipeline/Pipeline.php(209): Illuminate/Http/Middleware/TrustProxies->handle(Object(Illuminate/Http/Request), Object(Closure))
#87 C:/xampp/htdocs/hp/vendor/laravel/framework/src/Illuminate/Foundation/Http/Middleware/InvokeDeferredCallbacks.php(22): Illuminate/Pipeline/Pipeline->Illuminate/Pipeline/{closure}(Object(Illuminate/Http/Request))
#88 C:/xampp/htdocs/hp/vendor/laravel/framework/src/Illuminate/Pipeline/Pipeline.php(209): Illuminate/Foundation/Http/Middleware/InvokeDeferredCallbacks->handle(Object(Illuminate/Http/Request), Object(Closure))
#89 C:/xampp/htdocs/hp/vendor/laravel/framework/src/Illuminate/Pipeline/Pipeline.php(127): Illuminate/Pipeline/Pipeline->Illuminate/Pipeline/{closure}(Object(Illuminate/Http/Request))
#90 C:/xampp/htdocs/hp/vendor/laravel/framework/src/Illuminate/Foundation/Http/Kernel.php(176): Illuminate/Pipeline/Pipeline->then(Object(Closure))
#91 C:/xampp/htdocs/hp/vendor/laravel/framework/src/Illuminate/Foundation/Http/Kernel.php(145): Illuminate/Foundation/Http/Kernel->sendRequestThroughRouter(Object(Illuminate/Http/Request))
#92 C:/xampp/htdocs/hp/vendor/laravel/framework/src/Illuminate/Foundation/Application.php(1220): Illuminate/Foundation/Http/Kernel->handle(Object(Illuminate/Http/Request))
#93 C:/xampp/htdocs/hp/public/index.php(17): Illuminate/Foundation/Application->handleRequest(Object(Illuminate/Http/Request))
#94 C:/xampp/htdocs/hp/vendor/laravel/framework/src/Illuminate/Foundation/resources/server.php(23): require_once('C://xampp//htdocs...')
#95 {main}
"} 
[2026-09-30 11:58:45] local.ERROR: App\Filament\Pages\HospitalSettings::hospital(): Return value must be of type App\Models\Hospital, null returned {"userId":1,"exception":"[object] (TypeError(code: 0): App\\Filament\\Pages\\HospitalSettings::hospital(): Return value must be of type App\\Models\\Hospital, null returned at C:/xampp/htdocs/hp/app/Filament/Pages/HospitalSettings.php:36)
[stacktrace]
#0 C:/xampp/htdocs/hp/app/Filament/Pages/HospitalSettings.php(31): App/Filament/Pages/HospitalSettings->hospital()
#1 C:/xampp/htdocs/hp/vendor/laravel/framework/src/Illuminate/Container/BoundMethod.php(36): App/Filament/Pages/HospitalSettings->mount()
#2 C:/xampp/htdocs/hp/vendor/laravel/framework/src/Illuminate/Container/Util.php(43): Illuminate/Container/BoundMethod::Illuminate/Container/{closure}()
#3 C:/xampp/htdocs/hp/vendor/laravel/framework/src/Illuminate/Container/BoundMethod.php(95): Illuminate/Container/Util::unwrapIfClosure(Object(Closure))
#4 C:/xampp/htdocs/hp/vendor/laravel/framework/src/Illuminate/Container/BoundMethod.php(35): Illuminate/Container/BoundMethod::callBoundMethod(Object(Illuminate/Foundation/Application), Array, Object(Closure))
#5 C:/xampp/htdocs/hp/vendor/livewire/livewire/src/Wrapped.php(23): Illuminate/Container/BoundMethod::call(Object(Illuminate/Foundation/Application), Array, Array)
#6 C:/xampp/htdocs/hp/vendor/livewire/livewire/src/Features/SupportLifecycleHooks/SupportLifecycleHooks.php(134): Livewire/Wrapped->__call('mount', Array)
#7 C:/xampp/htdocs/hp/vendor/livewire/livewire/src/Features/SupportLifecycleHooks/SupportLifecycleHooks.php(20): Livewire/Features/SupportLifecycleHooks/SupportLifecycleHooks->callHook('mount', Array)
#8 C:/xampp/htdocs/hp/vendor/livewire/livewire/src/ComponentHook.php(19): Livewire/Features/SupportLifecycleHooks/SupportLifecycleHooks->mount(Array, false)
#9 C:/xampp/htdocs/hp/vendor/livewire/livewire/src/ComponentHookRegistry.php(45): Livewire/ComponentHook->callMount(Array, false)
#10 C:/xampp/htdocs/hp/vendor/livewire/livewire/src/EventBus.php(60): Livewire/ComponentHookRegistry::Livewire/{closure}(Object(App/Filament/Pages/HospitalSettings), Array, NULL, false)
#11 C:/xampp/htdocs/hp/vendor/livewire/livewire/src/helpers.php(98): Livewire/EventBus->trigger('mount', Object(App/Filament/Pages/HospitalSettings), Array, NULL, false)
#12 C:/xampp/htdocs/hp/vendor/livewire/livewire/src/Mechanisms/HandleComponents/HandleComponents.php(50): Livewire/trigger('mount', Object(App/Filament/Pages/HospitalSettings), Array, NULL, false)
#13 C:/xampp/htdocs/hp/vendor/livewire/livewire/src/LivewireManager.php(73): Livewire/Mechanisms/HandleComponents/HandleComponents->mount('App//Filament//Pa...', Array, NULL)
#14 C:/xampp/htdocs/hp/vendor/livewire/livewire/src/Features/SupportPageComponents/HandlesPageComponents.php(17): Livewire/LivewireManager->mount('App//Filament//Pa...', Array)
#15 C:/xampp/htdocs/hp/vendor/livewire/livewire/src/Features/SupportPageComponents/SupportPageComponents.php(117): Livewire/Component->Livewire/Features/SupportPageComponents/{closure}()
#16 C:/xampp/htdocs/hp/vendor/livewire/livewire/src/Features/SupportPageComponents/HandlesPageComponents.php(14): Livewire/Features/SupportPageComponents/SupportPageComponents::interceptTheRenderOfTheComponentAndRetreiveTheLayoutConfiguration(Object(Closure))
#17 C:/xampp/htdocs/hp/vendor/laravel/framework/src/Illuminate/Routing/ControllerDispatcher.php(47): Livewire/Component->__invoke()
#18 C:/xampp/htdocs/hp/vendor/laravel/framework/src/Illuminate/Routing/Route.php(266): Illuminate/Routing/ControllerDispatcher->dispatch(Object(Illuminate/Routing/Route), Object(App/Filament/Pages/HospitalSettings), '__invoke')
#19 C:/xampp/htdocs/hp/vendor/laravel/framework/src/Illuminate/Routing/Route.php(212): Illuminate/Routing/Route->runController()
#20 C:/xampp/htdocs/hp/vendor/laravel/framework/src/Illuminate/Routing/Router.php(808): Illuminate/Routing/Route->run()
#21 C:/xampp/htdocs/hp/vendor/laravel/framework/src/Illuminate/Pipeline/Pipeline.php(170): Illuminate/Routing/Router->Illuminate/Routing/{closure}(Object(Illuminate/Http/Request))
#22 C:/xampp/htdocs/hp/vendor/filament/filament/src/Http/Middleware/DispatchServingFilamentEvent.php(15): Illuminate/Pipeline/Pipeline->Illuminate/Pipeline/{closure}(Object(Illuminate/Http/Request))
#23 C:/xampp/htdocs/hp/vendor/laravel/framework/src/Illuminate/Pipeline/Pipeline.php(209): Filament/Http/Middleware/DispatchServingFilamentEvent->handle(Object(Illuminate/Http/Request), Object(Closure))
#24 C:/xampp/htdocs/hp/vendor/filament/filament/src/Http/Middleware/DisableBladeIconComponents.php(14): Illuminate/Pipeline/Pipeline->Illuminate/Pipeline/{closure}(Object(Illuminate/Http/Request))
#25 C:/xampp/htdocs/hp/vendor/laravel/framework/src/Illuminate/Pipeline/Pipeline.php(209): Filament/Http/Middleware/DisableBladeIconComponents->handle(Object(Illuminate/Http/Request), Object(Closure))
#26 C:/xampp/htdocs/hp/vendor/laravel/framework/src/Illuminate/Routing/Middleware/SubstituteBindings.php(51): Illuminate/Pipeline/Pipeline->Illuminate/Pipeline/{closure}(Object(Illuminate/Http/Request))
#27 C:/xampp/htdocs/hp/vendor/laravel/framework/src/Illuminate/Pipeline/Pipeline.php(209): Illuminate/Routing/Middleware/SubstituteBindings->handle(Object(Illuminate/Http/Request), Object(Closure))
#28 C:/xampp/htdocs/hp/vendor/laravel/framework/src/Illuminate/Foundation/Http/Middleware/VerifyCsrfToken.php(88): Illuminate/Pipeline/Pipeline->Illuminate/Pipeline/{closure}(Object(Illuminate/Http/Request))
#29 C:/xampp/htdocs/hp/vendor/laravel/framework/src/Illuminate/Pipeline/Pipeline.php(209): Illuminate/Foundation/Http/Middleware/VerifyCsrfToken->handle(Object(Illuminate/Http/Request), Object(Closure))
#30 C:/xampp/htdocs/hp/vendor/laravel/framework/src/Illuminate/Session/Middleware/AuthenticateSession.php(67): Illuminate/Pipeline/Pipeline->Illuminate/Pipeline/{closure}(Object(Illuminate/Http/Request))
#31 C:/xampp/htdocs/hp/vendor/laravel/framework/src/Illuminate/Pipeline/Pipeline.php(209): Illuminate/Session/Middleware/AuthenticateSession->handle(Object(Illuminate/Http/Request), Object(Closure))
#32 C:/xampp/htdocs/hp/vendor/laravel/framework/src/Illuminate/Auth/Middleware/Authenticate.php(64): Illuminate/Pipeline/Pipeline->Illuminate/Pipeline/{closure}(Object(Illuminate/Http/Request))
#33 C:/xampp/htdocs/hp/vendor/laravel/framework/src/Illuminate/Pipeline/Pipeline.php(209): Illuminate/Auth/Middleware/Authenticate->handle(Object(Illuminate/Http/Request), Object(Closure))
#34 C:/xampp/htdocs/hp/vendor/laravel/framework/src/Illuminate/View/Middleware/ShareErrorsFromSession.php(49): Illuminate/Pipeline/Pipeline->Illuminate/Pipeline/{closure}(Object(Illuminate/Http/Request))
#35 C:/xampp/htdocs/hp/vendor/laravel/framework/src/Illuminate/Pipeline/Pipeline.php(209): Illuminate/View/Middleware/ShareErrorsFromSession->handle(Object(Illuminate/Http/Request), Object(Closure))
#36 C:/xampp/htdocs/hp/vendor/laravel/framework/src/Illuminate/Session/Middleware/StartSession.php(121): Illuminate/Pipeline/Pipeline->Illuminate/Pipeline/{closure}(Object(Illuminate/Http/Request))
#37 C:/xampp/htdocs/hp/vendor/laravel/framework/src/Illuminate/Session/Middleware/StartSession.php(64): Illuminate/Session/Middleware/StartSession->handleStatefulRequest(Object(Illuminate/Http/Request), Object(Illuminate/Session/Store), Object(Closure))
#38 C:/xampp/htdocs/hp/vendor/laravel/framework/src/Illuminate/Pipeline/Pipeline.php(209): Illuminate/Session/Middleware/StartSession->handle(Object(Illuminate/Http/Request), Object(Closure))
#39 C:/xampp/htdocs/hp/vendor/laravel/framework/src/Illuminate/Cookie/Middleware/AddQueuedCookiesToResponse.php(37): Illuminate/Pipeline/Pipeline->Illuminate/Pipeline/{closure}(Object(Illuminate/Http/Request))
#40 C:/xampp/htdocs/hp/vendor/laravel/framework/src/Illuminate/Pipeline/Pipeline.php(209): Illuminate/Cookie/Middleware/AddQueuedCookiesToResponse->handle(Object(Illuminate/Http/Request), Object(Closure))
#41 C:/xampp/htdocs/hp/vendor/laravel/framework/src/Illuminate/Cookie/Middleware/EncryptCookies.php(75): Illuminate/Pipeline/Pipeline->Illuminate/Pipeline/{closure}(Object(Illuminate/Http/Request))
#42 C:/xampp/htdocs/hp/vendor/laravel/framework/src/Illuminate/Pipeline/Pipeline.php(209): Illuminate/Cookie/Middleware/EncryptCookies->handle(Object(Illuminate/Http/Request), Object(Closure))
#43 C:/xampp/htdocs/hp/vendor/filament/filament/src/Http/Middleware/SetUpPanel.php(19): Illuminate/Pipeline/Pipeline->Illuminate/Pipeline/{closure}(Object(Illuminate/Http/Request))
#44 C:/xampp/htdocs/hp/vendor/laravel/framework/src/Illuminate/Pipeline/Pipeline.php(209): Filament/Http/Middleware/SetUpPanel->handle(Object(Illuminate/Http/Request), Object(Closure), Object(Filament/Panel))
#45 C:/xampp/htdocs/hp/vendor/laravel/framework/src/Illuminate/Pipeline/Pipeline.php(127): Illuminate/Pipeline/Pipeline->Illuminate/Pipeline/{closure}(Object(Illuminate/Http/Request))
#46 C:/xampp/htdocs/hp/vendor/laravel/framework/src/Illuminate/Routing/Router.php(807): Illuminate/Pipeline/Pipeline->then(Object(Closure))
#47 C:/xampp/htdocs/hp/vendor/laravel/framework/src/Illuminate/Routing/Router.php(786): Illuminate/Routing/Router->runRouteWithinStack(Object(Illuminate/Routing/Route), Object(Illuminate/Http/Request))
#48 C:/xampp/htdocs/hp/vendor/laravel/framework/src/Illuminate/Routing/Router.php(750): Illuminate/Routing/Router->runRoute(Object(Illuminate/Http/Request), Object(Illuminate/Routing/Route))
#49 C:/xampp/htdocs/hp/vendor/laravel/framework/src/Illuminate/Routing/Router.php(739): Illuminate/Routing/Router->dispatchToRoute(Object(Illuminate/Http/Request))
#50 C:/xampp/htdocs/hp/vendor/laravel/framework/src/Illuminate/Foundation/Http/Kernel.php(201): Illuminate/Routing/Router->dispatch(Object(Illuminate/Http/Request))
#51 C:/xampp/htdocs/hp/vendor/laravel/framework/src/Illuminate/Pipeline/Pipeline.php(170): Illuminate/Foundation/Http/Kernel->Illuminate/Foundation/Http/{closure}(Object(Illuminate/Http/Request))
#52 C:/xampp/htdocs/hp/vendor/livewire/livewire/src/Features/SupportDisablingBackButtonCache/DisableBackButtonCacheMiddleware.php(19): Illuminate/Pipeline/Pipeline->Illuminate/Pipeline/{closure}(Object(Illuminate/Http/Request))
#53 C:/xampp/htdocs/hp/vendor/laravel/framework/src/Illuminate/Pipeline/Pipeline.php(209): Livewire/Features/SupportDisablingBackButtonCache/DisableBackButtonCacheMiddleware->handle(Object(Illuminate/Http/Request), Object(Closure))
#54 C:/xampp/htdocs/hp/vendor/laravel/framework/src/Illuminate/Foundation/Http/Middleware/TransformsRequest.php(21): Illuminate/Pipeline/Pipeline->Illuminate/Pipeline/{closure}(Object(Illuminate/Http/Request))
#55 C:/xampp/htdocs/hp/vendor/laravel/framework/src/Illuminate/Foundation/Http/Middleware/ConvertEmptyStringsToNull.php(31): Illuminate/Foundation/Http/Middleware/TransformsRequest->handle(Object(Illuminate/Http/Request), Object(Closure))
#56 C:/xampp/htdocs/hp/vendor/laravel/framework/src/Illuminate/Pipeline/Pipeline.php(209): Illuminate/Foundation/Http/Middleware/ConvertEmptyStringsToNull->handle(Object(Illuminate/Http/Request), Object(Closure))
#57 C:/xampp/htdocs/hp/vendor/laravel/framework/src/Illuminate/Foundation/Http/Middleware/TransformsRequest.php(21): Illuminate/Pipeline/Pipeline->Illuminate/Pipeline/{closure}(Object(Illuminate/Http/Request))
#58 C:/xampp/htdocs/hp/vendor/laravel/framework/src/Illuminate/Foundation/Http/Middleware/TrimStrings.php(51): Illuminate/Foundation/Http/Middleware/TransformsRequest->handle(Object(Illuminate/Http/Request), Object(Closure))
#59 C:/xampp/htdocs/hp/vendor/laravel/framework/src/Illuminate/Pipeline/Pipeline.php(209): Illuminate/Foundation/Http/Middleware/TrimStrings->handle(Object(Illuminate/Http/Request), Object(Closure))
#60 C:/xampp/htdocs/hp/vendor/laravel/framework/src/Illuminate/Http/Middleware/ValidatePostSize.php(27): Illuminate/Pipeline/Pipeline->Illuminate/Pipeline/{closure}(Object(Illuminate/Http/Request))
#61 C:/xampp/htdocs/hp/vendor/laravel/framework/src/Illuminate/Pipeline/Pipeline.php(209): Illuminate/Http/Middleware/ValidatePostSize->handle(Object(Illuminate/Http/Request), Object(Closure))
#62 C:/xampp/htdocs/hp/vendor/laravel/framework/src/Illuminate/Foundation/Http/Middleware/PreventRequestsDuringMaintenance.php(110): Illuminate/Pipeline/Pipeline->Illuminate/Pipeline/{closure}(Object(Illuminate/Http/Request))
#63 C:/xampp/htdocs/hp/vendor/laravel/framework/src/Illuminate/Pipeline/Pipeline.php(209): Illuminate/Foundation/Http/Middleware/PreventRequestsDuringMaintenance->handle(Object(Illuminate/Http/Request), Object(Closure))
#64 C:/xampp/htdocs/hp/vendor/laravel/framework/src/Illuminate/Http/Middleware/HandleCors.php(49): Illuminate/Pipeline/Pipeline->Illuminate/Pipeline/{closure}(Object(Illuminate/Http/Request))
#65 C:/xampp/htdocs/hp/vendor/laravel/framework/src/Illuminate/Pipeline/Pipeline.php(209): Illuminate/Http/Middleware/HandleCors->handle(Object(Illuminate/Http/Request), Object(Closure))
#66 C:/xampp/htdocs/hp/vendor/laravel/framework/src/Illuminate/Http/Middleware/TrustProxies.php(58): Illuminate/Pipeline/Pipeline->Illuminate/Pipeline/{closure}(Object(Illuminate/Http/Request))
#67 C:/xampp/htdocs/hp/vendor/laravel/framework/src/Illuminate/Pipeline/Pipeline.php(209): Illuminate/Http/Middleware/TrustProxies->handle(Object(Illuminate/Http/Request), Object(Closure))
#68 C:/xampp/htdocs/hp/vendor/laravel/framework/src/Illuminate/Foundation/Http/Middleware/InvokeDeferredCallbacks.php(22): Illuminate/Pipeline/Pipeline->Illuminate/Pipeline/{closure}(Object(Illuminate/Http/Request))
#69 C:/xampp/htdocs/hp/vendor/laravel/framework/src/Illuminate/Pipeline/Pipeline.php(209): Illuminate/Foundation/Http/Middleware/InvokeDeferredCallbacks->handle(Object(Illuminate/Http/Request), Object(Closure))
#70 C:/xampp/htdocs/hp/vendor/laravel/framework/src/Illuminate/Pipeline/Pipeline.php(127): Illuminate/Pipeline/Pipeline->Illuminate/Pipeline/{closure}(Object(Illuminate/Http/Request))
#71 C:/xampp/htdocs/hp/vendor/laravel/framework/src/Illuminate/Foundation/Http/Kernel.php(176): Illuminate/Pipeline/Pipeline->then(Object(Closure))
#72 C:/xampp/htdocs/hp/vendor/laravel/framework/src/Illuminate/Foundation/Http/Kernel.php(145): Illuminate/Foundation/Http/Kernel->sendRequestThroughRouter(Object(Illuminate/Http/Request))
#73 C:/xampp/htdocs/hp/vendor/laravel/framework/src/Illuminate/Foundation/Application.php(1220): Illuminate/Foundation/Http/Kernel->handle(Object(Illuminate/Http/Request))
#74 C:/xampp/htdocs/hp/public/index.php(17): Illuminate/Foundation/Application->handleRequest(Object(Illuminate/Http/Request))
#75 C:/xampp/htdocs/hp/vendor/laravel/framework/src/Illuminate/Foundation/resources/server.php(23): require_once('C://xampp//htdocs...')
#76 {main}
"} 
[2026-09-30 11:59:28] local.ERROR: The "intl" PHP extension is required to use the [format] method. (View: C:\xampp\htdocs\hp\vendor\filament\support\resources\views\components\pagination\index.blade.php) (View: C:\xampp\htdocs\hp\vendor\filament\support\resources\views\components\pagination\index.blade.php) (View: C:\xampp\htdocs\hp\vendor\filament\support\resources\views\components\pagination\index.blade.php) {"userId":1,"exception":"[object] (Illuminate\\View\\ViewException(code: 0): The \"intl\" PHP extension is required to use the [format] method. (View: C:\\xampp\\htdocs\\hp\\vendor\\filament\\support\\resources\\views\\components\\pagination\\index.blade.php) (View: C:\\xampp\\htdocs\\hp\\vendor\\filament\\support\\resources\\views\\components\\pagination\\index.blade.php) (View: C:\\xampp\\htdocs\\hp\\vendor\\filament\\support\\resources\\views\\components\\pagination\\index.blade.php) at C:/xampp/htdocs/hp/vendor/laravel/framework/src/Illuminate/Support/Number.php:385)
[stacktrace]
#0 C:/xampp/htdocs/hp/vendor/livewire/livewire/src/Mechanisms/ExtendBlade/ExtendedCompilerEngine.php(58): Illuminate/View/Engines/CompilerEngine->handleViewException(Object(Illuminate/View/ViewException), 1)
#1 C:/xampp/htdocs/hp/vendor/livewire/livewire/src/Mechanisms/ExtendBlade/ExtendedCompilerEngine.php(40): Livewire/Mechanisms/ExtendBlade/ExtendedCompilerEngine->handleViewException(Object(Illuminate/View/ViewException), 1)
#2 C:/xampp/htdocs/hp/vendor/laravel/framework/src/Illuminate/View/Engines/CompilerEngine.php(75): Livewire/Mechanisms/ExtendBlade/ExtendedCompilerEngine->evaluatePath('C://xampp//htdocs...', Array)
#3 C:/xampp/htdocs/hp/vendor/livewire/livewire/src/Mechanisms/ExtendBlade/ExtendedCompilerEngine.php(16): Illuminate/View/Engines/CompilerEngine->get('C://xampp//htdocs...', Array)
#4 C:/xampp/htdocs/hp/vendor/laravel/framework/src/Illuminate/View/View.php(209): Livewire/Mechanisms/ExtendBlade/ExtendedCompilerEngine->get('C://xampp//htdocs...', Array)
#5 C:/xampp/htdocs/hp/vendor/laravel/framework/src/Illuminate/View/View.php(192): Illuminate/View/View->getContents()
#6 C:/xampp/htdocs/hp/vendor/laravel/framework/src/Illuminate/View/View.php(161): Illuminate/View/View->renderContents()
#7 C:/xampp/htdocs/hp/vendor/livewire/livewire/src/Mechanisms/HandleComponents/HandleComponents.php(288): Illuminate/View/View->render(Object(Closure))
#8 C:/xampp/htdocs/hp/vendor/livewire/livewire/src/Mechanisms/HandleComponents/HandleComponents.php(332): Livewire/Mechanisms/HandleComponents/HandleComponents->Livewire/Mechanisms/HandleComponents/{closure}()
#9 C:/xampp/htdocs/hp/vendor/livewire/livewire/src/Mechanisms/HandleComponents/HandleComponents.php(280): Livewire/Mechanisms/HandleComponents/HandleComponents->trackInRenderStack(Object(App/Filament/Resources/AppointmentResource/Pages/ListAppointments), Object(Closure))
#10 C:/xampp/htdocs/hp/vendor/livewire/livewire/src/Mechanisms/HandleComponents/HandleComponents.php(54): Livewire/Mechanisms/HandleComponents/HandleComponents->render(Object(App/Filament/Resources/AppointmentResource/Pages/ListAppointments), '<div></div>')
#11 C:/xampp/htdocs/hp/vendor/livewire/livewire/src/LivewireManager.php(73): Livewire/Mechanisms/HandleComponents/HandleComponents->mount('App//Filament//Re...', Array, NULL)
#12 C:/xampp/htdocs/hp/vendor/livewire/livewire/src/Features/SupportPageComponents/HandlesPageComponents.php(17): Livewire/LivewireManager->mount('App//Filament//Re...', Array)
#13 C:/xampp/htdocs/hp/vendor/livewire/livewire/src/Features/SupportPageComponents/SupportPageComponents.php(117): Livewire/Component->Livewire/Features/SupportPageComponents/{closure}()
#14 C:/xampp/htdocs/hp/vendor/livewire/livewire/src/Features/SupportPageComponents/HandlesPageComponents.php(14): Livewire/Features/SupportPageComponents/SupportPageComponents::interceptTheRenderOfTheComponentAndRetreiveTheLayoutConfiguration(Object(Closure))
#15 C:/xampp/htdocs/hp/vendor/laravel/framework/src/Illuminate/Routing/ControllerDispatcher.php(47): Livewire/Component->__invoke()
#16 C:/xampp/htdocs/hp/vendor/laravel/framework/src/Illuminate/Routing/Route.php(266): Illuminate/Routing/ControllerDispatcher->dispatch(Object(Illuminate/Routing/Route), Object(App/Filament/Resources/AppointmentResource/Pages/ListAppointments), '__invoke')
#17 C:/xampp/htdocs/hp/vendor/laravel/framework/src/Illuminate/Routing/Route.php(212): Illuminate/Routing/Route->runController()
#18 C:/xampp/htdocs/hp/vendor/laravel/framework/src/Illuminate/Routing/Router.php(808): Illuminate/Routing/Route->run()
#19 C:/xampp/htdocs/hp/vendor/laravel/framework/src/Illuminate/Pipeline/Pipeline.php(170): Illuminate/Routing/Router->Illuminate/Routing/{closure}(Object(Illuminate/Http/Request))
#20 C:/xampp/htdocs/hp/vendor/filament/filament/src/Http/Middleware/DispatchServingFilamentEvent.php(15): Illuminate/Pipeline/Pipeline->Illuminate/Pipeline/{closure}(Object(Illuminate/Http/Request))
#21 C:/xampp/htdocs/hp/vendor/laravel/framework/src/Illuminate/Pipeline/Pipeline.php(209): Filament/Http/Middleware/DispatchServingFilamentEvent->handle(Object(Illuminate/Http/Request), Object(Closure))
#22 C:/xampp/htdocs/hp/vendor/filament/filament/src/Http/Middleware/DisableBladeIconComponents.php(14): Illuminate/Pipeline/Pipeline->Illuminate/Pipeline/{closure}(Object(Illuminate/Http/Request))
#23 C:/xampp/htdocs/hp/vendor/laravel/framework/src/Illuminate/Pipeline/Pipeline.php(209): Filament/Http/Middleware/DisableBladeIconComponents->handle(Object(Illuminate/Http/Request), Object(Closure))
#24 C:/xampp/htdocs/hp/vendor/laravel/framework/src/Illuminate/Routing/Middleware/SubstituteBindings.php(51): Illuminate/Pipeline/Pipeline->Illuminate/Pipeline/{closure}(Object(Illuminate/Http/Request))
#25 C:/xampp/htdocs/hp/vendor/laravel/framework/src/Illuminate/Pipeline/Pipeline.php(209): Illuminate/Routing/Middleware/SubstituteBindings->handle(Object(Illuminate/Http/Request), Object(Closure))
#26 C:/xampp/htdocs/hp/vendor/laravel/framework/src/Illuminate/Foundation/Http/Middleware/VerifyCsrfToken.php(88): Illuminate/Pipeline/Pipeline->Illuminate/Pipeline/{closure}(Object(Illuminate/Http/Request))
#27 C:/xampp/htdocs/hp/vendor/laravel/framework/src/Illuminate/Pipeline/Pipeline.php(209): Illuminate/Foundation/Http/Middleware/VerifyCsrfToken->handle(Object(Illuminate/Http/Request), Object(Closure))
#28 C:/xampp/htdocs/hp/vendor/laravel/framework/src/Illuminate/Session/Middleware/AuthenticateSession.php(67): Illuminate/Pipeline/Pipeline->Illuminate/Pipeline/{closure}(Object(Illuminate/Http/Request))
#29 C:/xampp/htdocs/hp/vendor/laravel/framework/src/Illuminate/Pipeline/Pipeline.php(209): Illuminate/Session/Middleware/AuthenticateSession->handle(Object(Illuminate/Http/Request), Object(Closure))
#30 C:/xampp/htdocs/hp/vendor/laravel/framework/src/Illuminate/Auth/Middleware/Authenticate.php(64): Illuminate/Pipeline/Pipeline->Illuminate/Pipeline/{closure}(Object(Illuminate/Http/Request))
#31 C:/xampp/htdocs/hp/vendor/laravel/framework/src/Illuminate/Pipeline/Pipeline.php(209): Illuminate/Auth/Middleware/Authenticate->handle(Object(Illuminate/Http/Request), Object(Closure))
#32 C:/xampp/htdocs/hp/vendor/laravel/framework/src/Illuminate/View/Middleware/ShareErrorsFromSession.php(49): Illuminate/Pipeline/Pipeline->Illuminate/Pipeline/{closure}(Object(Illuminate/Http/Request))
#33 C:/xampp/htdocs/hp/vendor/laravel/framework/src/Illuminate/Pipeline/Pipeline.php(209): Illuminate/View/Middleware/ShareErrorsFromSession->handle(Object(Illuminate/Http/Request), Object(Closure))
#34 C:/xampp/htdocs/hp/vendor/laravel/framework/src/Illuminate/Session/Middleware/StartSession.php(121): Illuminate/Pipeline/Pipeline->Illuminate/Pipeline/{closure}(Object(Illuminate/Http/Request))
#35 C:/xampp/htdocs/hp/vendor/laravel/framework/src/Illuminate/Session/Middleware/StartSession.php(64): Illuminate/Session/Middleware/StartSession->handleStatefulRequest(Object(Illuminate/Http/Request), Object(Illuminate/Session/Store), Object(Closure))
#36 C:/xampp/htdocs/hp/vendor/laravel/framework/src/Illuminate/Pipeline/Pipeline.php(209): Illuminate/Session/Middleware/StartSession->handle(Object(Illuminate/Http/Request), Object(Closure))
#37 C:/xampp/htdocs/hp/vendor/laravel/framework/src/Illuminate/Cookie/Middleware/AddQueuedCookiesToResponse.php(37): Illuminate/Pipeline/Pipeline->Illuminate/Pipeline/{closure}(Object(Illuminate/Http/Request))
#38 C:/xampp/htdocs/hp/vendor/laravel/framework/src/Illuminate/Pipeline/Pipeline.php(209): Illuminate/Cookie/Middleware/AddQueuedCookiesToResponse->handle(Object(Illuminate/Http/Request), Object(Closure))
#39 C:/xampp/htdocs/hp/vendor/laravel/framework/src/Illuminate/Cookie/Middleware/EncryptCookies.php(75): Illuminate/Pipeline/Pipeline->Illuminate/Pipeline/{closure}(Object(Illuminate/Http/Request))
#40 C:/xampp/htdocs/hp/vendor/laravel/framework/src/Illuminate/Pipeline/Pipeline.php(209): Illuminate/Cookie/Middleware/EncryptCookies->handle(Object(Illuminate/Http/Request), Object(Closure))
#41 C:/xampp/htdocs/hp/vendor/filament/filament/src/Http/Middleware/SetUpPanel.php(19): Illuminate/Pipeline/Pipeline->Illuminate/Pipeline/{closure}(Object(Illuminate/Http/Request))
#42 C:/xampp/htdocs/hp/vendor/laravel/framework/src/Illuminate/Pipeline/Pipeline.php(209): Filament/Http/Middleware/SetUpPanel->handle(Object(Illuminate/Http/Request), Object(Closure), Object(Filament/Panel))
#43 C:/xampp/htdocs/hp/vendor/laravel/framework/src/Illuminate/Pipeline/Pipeline.php(127): Illuminate/Pipeline/Pipeline->Illuminate/Pipeline/{closure}(Object(Illuminate/Http/Request))
#44 C:/xampp/htdocs/hp/vendor/laravel/framework/src/Illuminate/Routing/Router.php(807): Illuminate/Pipeline/Pipeline->then(Object(Closure))
#45 C:/xampp/htdocs/hp/vendor/laravel/framework/src/Illuminate/Routing/Router.php(786): Illuminate/Routing/Router->runRouteWithinStack(Object(Illuminate/Routing/Route), Object(Illuminate/Http/Request))
#46 C:/xampp/htdocs/hp/vendor/laravel/framework/src/Illuminate/Routing/Router.php(750): Illuminate/Routing/Router->runRoute(Object(Illuminate/Http/Request), Object(Illuminate/Routing/Route))
#47 C:/xampp/htdocs/hp/vendor/laravel/framework/src/Illuminate/Routing/Router.php(739): Illuminate/Routing/Router->dispatchToRoute(Object(Illuminate/Http/Request))
#48 C:/xampp/htdocs/hp/vendor/laravel/framework/src/Illuminate/Foundation/Http/Kernel.php(201): Illuminate/Routing/Router->dispatch(Object(Illuminate/Http/Request))
#49 C:/xampp/htdocs/hp/vendor/laravel/framework/src/Illuminate/Pipeline/Pipeline.php(170): Illuminate/Foundation/Http/Kernel->Illuminate/Foundation/Http/{closure}(Object(Illuminate/Http/Request))
#50 C:/xampp/htdocs/hp/vendor/livewire/livewire/src/Features/SupportDisablingBackButtonCache/DisableBackButtonCacheMiddleware.php(19): Illuminate/Pipeline/Pipeline->Illuminate/Pipeline/{closure}(Object(Illuminate/Http/Request))
#51 C:/xampp/htdocs/hp/vendor/laravel/framework/src/Illuminate/Pipeline/Pipeline.php(209): Livewire/Features/SupportDisablingBackButtonCache/DisableBackButtonCacheMiddleware->handle(Object(Illuminate/Http/Request), Object(Closure))
#52 C:/xampp/htdocs/hp/vendor/laravel/framework/src/Illuminate/Foundation/Http/Middleware/TransformsRequest.php(21): Illuminate/Pipeline/Pipeline->Illuminate/Pipeline/{closure}(Object(Illuminate/Http/Request))
#53 C:/xampp/htdocs/hp/vendor/laravel/framework/src/Illuminate/Foundation/Http/Middleware/ConvertEmptyStringsToNull.php(31): Illuminate/Foundation/Http/Middleware/TransformsRequest->handle(Object(Illuminate/Http/Request), Object(Closure))
#54 C:/xampp/htdocs/hp/vendor/laravel/framework/src/Illuminate/Pipeline/Pipeline.php(209): Illuminate/Foundation/Http/Middleware/ConvertEmptyStringsToNull->handle(Object(Illuminate/Http/Request), Object(Closure))
#55 C:/xampp/htdocs/hp/vendor/laravel/framework/src/Illuminate/Foundation/Http/Middleware/TransformsRequest.php(21): Illuminate/Pipeline/Pipeline->Illuminate/Pipeline/{closure}(Object(Illuminate/Http/Request))
#56 C:/xampp/htdocs/hp/vendor/laravel/framework/src/Illuminate/Foundation/Http/Middleware/TrimStrings.php(51): Illuminate/Foundation/Http/Middleware/TransformsRequest->handle(Object(Illuminate/Http/Request), Object(Closure))
#57 C:/xampp/htdocs/hp/vendor/laravel/framework/src/Illuminate/Pipeline/Pipeline.php(209): Illuminate/Foundation/Http/Middleware/TrimStrings->handle(Object(Illuminate/Http/Request), Object(Closure))
#58 C:/xampp/htdocs/hp/vendor/laravel/framework/src/Illuminate/Http/Middleware/ValidatePostSize.php(27): Illuminate/Pipeline/Pipeline->Illuminate/Pipeline/{closure}(Object(Illuminate/Http/Request))
#59 C:/xampp/htdocs/hp/vendor/laravel/framework/src/Illuminate/Pipeline/Pipeline.php(209): Illuminate/Http/Middleware/ValidatePostSize->handle(Object(Illuminate/Http/Request), Object(Closure))
#60 C:/xampp/htdocs/hp/vendor/laravel/framework/src/Illuminate/Foundation/Http/Middleware/PreventRequestsDuringMaintenance.php(110): Illuminate/Pipeline/Pipeline->Illuminate/Pipeline/{closure}(Object(Illuminate/Http/Request))
#61 C:/xampp/htdocs/hp/vendor/laravel/framework/src/Illuminate/Pipeline/Pipeline.php(209): Illuminate/Foundation/Http/Middleware/PreventRequestsDuringMaintenance->handle(Object(Illuminate/Http/Request), Object(Closure))
#62 C:/xampp/htdocs/hp/vendor/laravel/framework/src/Illuminate/Http/Middleware/HandleCors.php(49): Illuminate/Pipeline/Pipeline->Illuminate/Pipeline/{closure}(Object(Illuminate/Http/Request))
#63 C:/xampp/htdocs/hp/vendor/laravel/framework/src/Illuminate/Pipeline/Pipeline.php(209): Illuminate/Http/Middleware/HandleCors->handle(Object(Illuminate/Http/Request), Object(Closure))
#64 C:/xampp/htdocs/hp/vendor/laravel/framework/src/Illuminate/Http/Middleware/TrustProxies.php(58): Illuminate/Pipeline/Pipeline->Illuminate/Pipeline/{closure}(Object(Illuminate/Http/Request))
#65 C:/xampp/htdocs/hp/vendor/laravel/framework/src/Illuminate/Pipeline/Pipeline.php(209): Illuminate/Http/Middleware/TrustProxies->handle(Object(Illuminate/Http/Request), Object(Closure))
#66 C:/xampp/htdocs/hp/vendor/laravel/framework/src/Illuminate/Foundation/Http/Middleware/InvokeDeferredCallbacks.php(22): Illuminate/Pipeline/Pipeline->Illuminate/Pipeline/{closure}(Object(Illuminate/Http/Request))
#67 C:/xampp/htdocs/hp/vendor/laravel/framework/src/Illuminate/Pipeline/Pipeline.php(209): Illuminate/Foundation/Http/Middleware/InvokeDeferredCallbacks->handle(Object(Illuminate/Http/Request), Object(Closure))
#68 C:/xampp/htdocs/hp/vendor/laravel/framework/src/Illuminate/Pipeline/Pipeline.php(127): Illuminate/Pipeline/Pipeline->Illuminate/Pipeline/{closure}(Object(Illuminate/Http/Request))
#69 C:/xampp/htdocs/hp/vendor/laravel/framework/src/Illuminate/Foundation/Http/Kernel.php(176): Illuminate/Pipeline/Pipeline->then(Object(Closure))
#70 C:/xampp/htdocs/hp/vendor/laravel/framework/src/Illuminate/Foundation/Http/Kernel.php(145): Illuminate/Foundation/Http/Kernel->sendRequestThroughRouter(Object(Illuminate/Http/Request))
#71 C:/xampp/htdocs/hp/vendor/laravel/framework/src/Illuminate/Foundation/Application.php(1220): Illuminate/Foundation/Http/Kernel->handle(Object(Illuminate/Http/Request))
#72 C:/xampp/htdocs/hp/public/index.php(17): Illuminate/Foundation/Application->handleRequest(Object(Illuminate/Http/Request))
#73 C:/xampp/htdocs/hp/vendor/laravel/framework/src/Illuminate/Foundation/resources/server.php(23): require_once('C://xampp//htdocs...')
#74 {main}

[previous exception] [object] (Illuminate\\View\\ViewException(code: 0): The \"intl\" PHP extension is required to use the [format] method. (View: C:\\xampp\\htdocs\\hp\\vendor\\filament\\support\\resources\\views\\components\\pagination\\index.blade.php) (View: C:\\xampp\\htdocs\\hp\\vendor\\filament\\support\\resources\\views\\components\\pagination\\index.blade.php) at C:/xampp/htdocs/hp/vendor/laravel/framework/src/Illuminate/Support/Number.php:385)
[stacktrace]
#0 C:/xampp/htdocs/hp/vendor/livewire/livewire/src/Mechanisms/ExtendBlade/ExtendedCompilerEngine.php(58): Illuminate/View/Engines/CompilerEngine->handleViewException(Object(Illuminate/View/ViewException), 3)
#1 C:/xampp/htdocs/hp/vendor/livewire/livewire/src/Mechanisms/ExtendBlade/ExtendedCompilerEngine.php(40): Livewire/Mechanisms/ExtendBlade/ExtendedCompilerEngine->handleViewException(Object(Illuminate/View/ViewException), 3)
#2 C:/xampp/htdocs/hp/vendor/laravel/framework/src/Illuminate/View/Engines/CompilerEngine.php(75): Livewire/Mechanisms/ExtendBlade/ExtendedCompilerEngine->evaluatePath('C://xampp//htdocs...', Array)
#3 C:/xampp/htdocs/hp/vendor/livewire/livewire/src/Mechanisms/ExtendBlade/ExtendedCompilerEngine.php(16): Illuminate/View/Engines/CompilerEngine->get('C://xampp//htdocs...', Array)
#4 C:/xampp/htdocs/hp/vendor/laravel/framework/src/Illuminate/View/View.php(209): Livewire/Mechanisms/ExtendBlade/ExtendedCompilerEngine->get('C://xampp//htdocs...', Array)
#5 C:/xampp/htdocs/hp/vendor/laravel/framework/src/Illuminate/View/View.php(192): Illuminate/View/View->getContents()
#6 C:/xampp/htdocs/hp/vendor/laravel/framework/src/Illuminate/View/View.php(161): Illuminate/View/View->renderContents()
#7 C:/xampp/htdocs/hp/vendor/filament/support/src/Components/ViewComponent.php(115): Illuminate/View/View->render()
#8 C:/xampp/htdocs/hp/vendor/laravel/framework/src/Illuminate/Support/helpers.php(134): Filament/Support/Components/ViewComponent->toHtml()
#9 C:/xampp/htdocs/hp/storage/framework/views/853058402355b8ac6aa7297050bc2a12.php(42): e(Object(Filament/Tables/Table))
#10 C:/xampp/htdocs/hp/vendor/livewire/livewire/src/Mechanisms/ExtendBlade/ExtendedCompilerEngine.php(37): include('C://xampp//htdocs...')
#11 C:/xampp/htdocs/hp/vendor/livewire/livewire/src/Mechanisms/ExtendBlade/ExtendedCompilerEngine.php(38): App/Filament/Resources/AppointmentResource/Pages/ListAppointments->Livewire/Mechanisms/ExtendBlade/{closure}()
#12 C:/xampp/htdocs/hp/vendor/laravel/framework/src/Illuminate/View/Engines/CompilerEngine.php(75): Livewire/Mechanisms/ExtendBlade/ExtendedCompilerEngine->evaluatePath('C://xampp//htdocs...', Array)
#13 C:/xampp/htdocs/hp/vendor/livewire/livewire/src/Mechanisms/ExtendBlade/ExtendedCompilerEngine.php(16): Illuminate/View/Engines/CompilerEngine->get('C://xampp//htdocs...', Array)
#14 C:/xampp/htdocs/hp/vendor/laravel/framework/src/Illuminate/View/View.php(209): Livewire/Mechanisms/ExtendBlade/ExtendedCompilerEngine->get('C://xampp//htdocs...', Array)
#15 C:/xampp/htdocs/hp/vendor/laravel/framework/src/Illuminate/View/View.php(192): Illuminate/View/View->getContents()
#16 C:/xampp/htdocs/hp/vendor/laravel/framework/src/Illuminate/View/View.php(161): Illuminate/View/View->renderContents()
#17 C:/xampp/htdocs/hp/vendor/livewire/livewire/src/Mechanisms/HandleComponents/HandleComponents.php(288): Illuminate/View/View->render(Object(Closure))
#18 C:/xampp/htdocs/hp/vendor/livewire/livewire/src/Mechanisms/HandleComponents/HandleComponents.php(332): Livewire/Mechanisms/HandleComponents/HandleComponents->Livewire/Mechanisms/HandleComponents/{closure}()
#19 C:/xampp/htdocs/hp/vendor/livewire/livewire/src/Mechanisms/HandleComponents/HandleComponents.php(280): Livewire/Mechanisms/HandleComponents/HandleComponents->trackInRenderStack(Object(App/Filament/Resources/AppointmentResource/Pages/ListAppointments), Object(Closure))
#20 C:/xampp/htdocs/hp/vendor/livewire/livewire/src/Mechanisms/HandleComponents/HandleComponents.php(54): Livewire/Mechanisms/HandleComponents/HandleComponents->render(Object(App/Filament/Resources/AppointmentResource/Pages/ListAppointments), '<div></div>')
#21 C:/xampp/htdocs/hp/vendor/livewire/livewire/src/LivewireManager.php(73): Livewire/Mechanisms/HandleComponents/HandleComponents->mount('App//Filament//Re...', Array, NULL)
#22 C:/xampp/htdocs/hp/vendor/livewire/livewire/src/Features/SupportPageComponents/HandlesPageComponents.php(17): Livewire/LivewireManager->mount('App//Filament//Re...', Array)
#23 C:/xampp/htdocs/hp/vendor/livewire/livewire/src/Features/SupportPageComponents/SupportPageComponents.php(117): Livewire/Component->Livewire/Features/SupportPageComponents/{closure}()
#24 C:/xampp/htdocs/hp/vendor/livewire/livewire/src/Features/SupportPageComponents/HandlesPageComponents.php(14): Livewire/Features/SupportPageComponents/SupportPageComponents::interceptTheRenderOfTheComponentAndRetreiveTheLayoutConfiguration(Object(Closure))
#25 C:/xampp/htdocs/hp/vendor/laravel/framework/src/Illuminate/Routing/ControllerDispatcher.php(47): Livewire/Component->__invoke()
#26 C:/xampp/htdocs/hp/vendor/laravel/framework/src/Illuminate/Routing/Route.php(266): Illuminate/Routing/ControllerDispatcher->dispatch(Object(Illuminate/Routing/Route), Object(App/Filament/Resources/AppointmentResource/Pages/ListAppointments), '__invoke')
#27 C:/xampp/htdocs/hp/vendor/laravel/framework/src/Illuminate/Routing/Route.php(212): Illuminate/Routing/Route->runController()
#28 C:/xampp/htdocs/hp/vendor/laravel/framework/src/Illuminate/Routing/Router.php(808): Illuminate/Routing/Route->run()
#29 C:/xampp/htdocs/hp/vendor/laravel/framework/src/Illuminate/Pipeline/Pipeline.php(170): Illuminate/Routing/Router->Illuminate/Routing/{closure}(Object(Illuminate/Http/Request))
#30 C:/xampp/htdocs/hp/vendor/filament/filament/src/Http/Middleware/DispatchServingFilamentEvent.php(15): Illuminate/Pipeline/Pipeline->Illuminate/Pipeline/{closure}(Object(Illuminate/Http/Request))
#31 C:/xampp/htdocs/hp/vendor/laravel/framework/src/Illuminate/Pipeline/Pipeline.php(209): Filament/Http/Middleware/DispatchServingFilamentEvent->handle(Object(Illuminate/Http/Request), Object(Closure))
#32 C:/xampp/htdocs/hp/vendor/filament/filament/src/Http/Middleware/DisableBladeIconComponents.php(14): Illuminate/Pipeline/Pipeline->Illuminate/Pipeline/{closure}(Object(Illuminate/Http/Request))
#33 C:/xampp/htdocs/hp/vendor/laravel/framework/src/Illuminate/Pipeline/Pipeline.php(209): Filament/Http/Middleware/DisableBladeIconComponents->handle(Object(Illuminate/Http/Request), Object(Closure))
#34 C:/xampp/htdocs/hp/vendor/laravel/framework/src/Illuminate/Routing/Middleware/SubstituteBindings.php(51): Illuminate/Pipeline/Pipeline->Illuminate/Pipeline/{closure}(Object(Illuminate/Http/Request))
#35 C:/xampp/htdocs/hp/vendor/laravel/framework/src/Illuminate/Pipeline/Pipeline.php(209): Illuminate/Routing/Middleware/SubstituteBindings->handle(Object(Illuminate/Http/Request), Object(Closure))
#36 C:/xampp/htdocs/hp/vendor/laravel/framework/src/Illuminate/Foundation/Http/Middleware/VerifyCsrfToken.php(88): Illuminate/Pipeline/Pipeline->Illuminate/Pipeline/{closure}(Object(Illuminate/Http/Request))
#37 C:/xampp/htdocs/hp/vendor/laravel/framework/src/Illuminate/Pipeline/Pipeline.php(209): Illuminate/Foundation/Http/Middleware/VerifyCsrfToken->handle(Object(Illuminate/Http/Request), Object(Closure))
#38 C:/xampp/htdocs/hp/vendor/laravel/framework/src/Illuminate/Session/Middleware/AuthenticateSession.php(67): Illuminate/Pipeline/Pipeline->Illuminate/Pipeline/{closure}(Object(Illuminate/Http/Request))
#39 C:/xampp/htdocs/hp/vendor/laravel/framework/src/Illuminate/Pipeline/Pipeline.php(209): Illuminate/Session/Middleware/AuthenticateSession->handle(Object(Illuminate/Http/Request), Object(Closure))
#40 C:/xampp/htdocs/hp/vendor/laravel/framework/src/Illuminate/Auth/Middleware/Authenticate.php(64): Illuminate/Pipeline/Pipeline->Illuminate/Pipeline/{closure}(Object(Illuminate/Http/Request))
#41 C:/xampp/htdocs/hp/vendor/laravel/framework/src/Illuminate/Pipeline/Pipeline.php(209): Illuminate/Auth/Middleware/Authenticate->handle(Object(Illuminate/Http/Request), Object(Closure))
#42 C:/xampp/htdocs/hp/vendor/laravel/framework/src/Illuminate/View/Middleware/ShareErrorsFromSession.php(49): Illuminate/Pipeline/Pipeline->Illuminate/Pipeline/{closure}(Object(Illuminate/Http/Request))
#43 C:/xampp/htdocs/hp/vendor/laravel/framework/src/Illuminate/Pipeline/Pipeline.php(209): Illuminate/View/Middleware/ShareErrorsFromSession->handle(Object(Illuminate/Http/Request), Object(Closure))
#44 C:/xampp/htdocs/hp/vendor/laravel/framework/src/Illuminate/Session/Middleware/StartSession.php(121): Illuminate/Pipeline/Pipeline->Illuminate/Pipeline/{closure}(Object(Illuminate/Http/Request))
#45 C:/xampp/htdocs/hp/vendor/laravel/framework/src/Illuminate/Session/Middleware/StartSession.php(64): Illuminate/Session/Middleware/StartSession->handleStatefulRequest(Object(Illuminate/Http/Request), Object(Illuminate/Session/Store), Object(Closure))
#46 C:/xampp/htdocs/hp/vendor/laravel/framework/src/Illuminate/Pipeline/Pipeline.php(209): Illuminate/Session/Middleware/StartSession->handle(Object(Illuminate/Http/Request), Object(Closure))
#47 C:/xampp/htdocs/hp/vendor/laravel/framework/src/Illuminate/Cookie/Middleware/AddQueuedCookiesToResponse.php(37): Illuminate/Pipeline/Pipeline->Illuminate/Pipeline/{closure}(Object(Illuminate/Http/Request))
#48 C:/xampp/htdocs/hp/vendor/laravel/framework/src/Illuminate/Pipeline/Pipeline.php(209): Illuminate/Cookie/Middleware/AddQueuedCookiesToResponse->handle(Object(Illuminate/Http/Request), Object(Closure))
#49 C:/xampp/htdocs/hp/vendor/laravel/framework/src/Illuminate/Cookie/Middleware/EncryptCookies.php(75): Illuminate/Pipeline/Pipeline->Illuminate/Pipeline/{closure}(Object(Illuminate/Http/Request))
#50 C:/xampp/htdocs/hp/vendor/laravel/framework/src/Illuminate/Pipeline/Pipeline.php(209): Illuminate/Cookie/Middleware/EncryptCookies->handle(Object(Illuminate/Http/Request), Object(Closure))
#51 C:/xampp/htdocs/hp/vendor/filament/filament/src/Http/Middleware/SetUpPanel.php(19): Illuminate/Pipeline/Pipeline->Illuminate/Pipeline/{closure}(Object(Illuminate/Http/Request))
#52 C:/xampp/htdocs/hp/vendor/laravel/framework/src/Illuminate/Pipeline/Pipeline.php(209): Filament/Http/Middleware/SetUpPanel->handle(Object(Illuminate/Http/Request), Object(Closure), Object(Filament/Panel))
#53 C:/xampp/htdocs/hp/vendor/laravel/framework/src/Illuminate/Pipeline/Pipeline.php(127): Illuminate/Pipeline/Pipeline->Illuminate/Pipeline/{closure}(Object(Illuminate/Http/Request))
#54 C:/xampp/htdocs/hp/vendor/laravel/framework/src/Illuminate/Routing/Router.php(807): Illuminate/Pipeline/Pipeline->then(Object(Closure))
#55 C:/xampp/htdocs/hp/vendor/laravel/framework/src/Illuminate/Routing/Router.php(786): Illuminate/Routing/Router->runRouteWithinStack(Object(Illuminate/Routing/Route), Object(Illuminate/Http/Request))
#56 C:/xampp/htdocs/hp/vendor/laravel/framework/src/Illuminate/Routing/Router.php(750): Illuminate/Routing/Router->runRoute(Object(Illuminate/Http/Request), Object(Illuminate/Routing/Route))
#57 C:/xampp/htdocs/hp/vendor/laravel/framework/src/Illuminate/Routing/Router.php(739): Illuminate/Routing/Router->dispatchToRoute(Object(Illuminate/Http/Request))
#58 C:/xampp/htdocs/hp/vendor/laravel/framework/src/Illuminate/Foundation/Http/Kernel.php(201): Illuminate/Routing/Router->dispatch(Object(Illuminate/Http/Request))
#59 C:/xampp/htdocs/hp/vendor/laravel/framework/src/Illuminate/Pipeline/Pipeline.php(170): Illuminate/Foundation/Http/Kernel->Illuminate/Foundation/Http/{closure}(Object(Illuminate/Http/Request))
#60 C:/xampp/htdocs/hp/vendor/livewire/livewire/src/Features/SupportDisablingBackButtonCache/DisableBackButtonCacheMiddleware.php(19): Illuminate/Pipeline/Pipeline->Illuminate/Pipeline/{closure}(Object(Illuminate/Http/Request))
#61 C:/xampp/htdocs/hp/vendor/laravel/framework/src/Illuminate/Pipeline/Pipeline.php(209): Livewire/Features/SupportDisablingBackButtonCache/DisableBackButtonCacheMiddleware->handle(Object(Illuminate/Http/Request), Object(Closure))
#62 C:/xampp/htdocs/hp/vendor/laravel/framework/src/Illuminate/Foundation/Http/Middleware/TransformsRequest.php(21): Illuminate/Pipeline/Pipeline->Illuminate/Pipeline/{closure}(Object(Illuminate/Http/Request))
#63 C:/xampp/htdocs/hp/vendor/laravel/framework/src/Illuminate/Foundation/Http/Middleware/ConvertEmptyStringsToNull.php(31): Illuminate/Foundation/Http/Middleware/TransformsRequest->handle(Object(Illuminate/Http/Request), Object(Closure))
#64 C:/xampp/htdocs/hp/vendor/laravel/framework/src/Illuminate/Pipeline/Pipeline.php(209): Illuminate/Foundation/Http/Middleware/ConvertEmptyStringsToNull->handle(Object(Illuminate/Http/Request), Object(Closure))
#65 C:/xampp/htdocs/hp/vendor/laravel/framework/src/Illuminate/Foundation/Http/Middleware/TransformsRequest.php(21): Illuminate/Pipeline/Pipeline->Illuminate/Pipeline/{closure}(Object(Illuminate/Http/Request))
#66 C:/xampp/htdocs/hp/vendor/laravel/framework/src/Illuminate/Foundation/Http/Middleware/TrimStrings.php(51): Illuminate/Foundation/Http/Middleware/TransformsRequest->handle(Object(Illuminate/Http/Request), Object(Closure))
#67 C:/xampp/htdocs/hp/vendor/laravel/framework/src/Illuminate/Pipeline/Pipeline.php(209): Illuminate/Foundation/Http/Middleware/TrimStrings->handle(Object(Illuminate/Http/Request), Object(Closure))
#68 C:/xampp/htdocs/hp/vendor/laravel/framework/src/Illuminate/Http/Middleware/ValidatePostSize.php(27): Illuminate/Pipeline/Pipeline->Illuminate/Pipeline/{closure}(Object(Illuminate/Http/Request))
#69 C:/xampp/htdocs/hp/vendor/laravel/framework/src/Illuminate/Pipeline/Pipeline.php(209): Illuminate/Http/Middleware/ValidatePostSize->handle(Object(Illuminate/Http/Request), Object(Closure))
#70 C:/xampp/htdocs/hp/vendor/laravel/framework/src/Illuminate/Foundation/Http/Middleware/PreventRequestsDuringMaintenance.php(110): Illuminate/Pipeline/Pipeline->Illuminate/Pipeline/{closure}(Object(Illuminate/Http/Request))
#71 C:/xampp/htdocs/hp/vendor/laravel/framework/src/Illuminate/Pipeline/Pipeline.php(209): Illuminate/Foundation/Http/Middleware/PreventRequestsDuringMaintenance->handle(Object(Illuminate/Http/Request), Object(Closure))
#72 C:/xampp/htdocs/hp/vendor/laravel/framework/src/Illuminate/Http/Middleware/HandleCors.php(49): Illuminate/Pipeline/Pipeline->Illuminate/Pipeline/{closure}(Object(Illuminate/Http/Request))
#73 C:/xampp/htdocs/hp/vendor/laravel/framework/src/Illuminate/Pipeline/Pipeline.php(209): Illuminate/Http/Middleware/HandleCors->handle(Object(Illuminate/Http/Request), Object(Closure))
#74 C:/xampp/htdocs/hp/vendor/laravel/framework/src/Illuminate/Http/Middleware/TrustProxies.php(58): Illuminate/Pipeline/Pipeline->Illuminate/Pipeline/{closure}(Object(Illuminate/Http/Request))
#75 C:/xampp/htdocs/hp/vendor/laravel/framework/src/Illuminate/Pipeline/Pipeline.php(209): Illuminate/Http/Middleware/TrustProxies->handle(Object(Illuminate/Http/Request), Object(Closure))
#76 C:/xampp/htdocs/hp/vendor/laravel/framework/src/Illuminate/Foundation/Http/Middleware/InvokeDeferredCallbacks.php(22): Illuminate/Pipeline/Pipeline->Illuminate/Pipeline/{closure}(Object(Illuminate/Http/Request))
#77 C:/xampp/htdocs/hp/vendor/laravel/framework/src/Illuminate/Pipeline/Pipeline.php(209): Illuminate/Foundation/Http/Middleware/InvokeDeferredCallbacks->handle(Object(Illuminate/Http/Request), Object(Closure))
#78 C:/xampp/htdocs/hp/vendor/laravel/framework/src/Illuminate/Pipeline/Pipeline.php(127): Illuminate/Pipeline/Pipeline->Illuminate/Pipeline/{closure}(Object(Illuminate/Http/Request))
#79 C:/xampp/htdocs/hp/vendor/laravel/framework/src/Illuminate/Foundation/Http/Kernel.php(176): Illuminate/Pipeline/Pipeline->then(Object(Closure))
#80 C:/xampp/htdocs/hp/vendor/laravel/framework/src/Illuminate/Foundation/Http/Kernel.php(145): Illuminate/Foundation/Http/Kernel->sendRequestThroughRouter(Object(Illuminate/Http/Request))
#81 C:/xampp/htdocs/hp/vendor/laravel/framework/src/Illuminate/Foundation/Application.php(1220): Illuminate/Foundation/Http/Kernel->handle(Object(Illuminate/Http/Request))
#82 C:/xampp/htdocs/hp/public/index.php(17): Illuminate/Foundation/Application->handleRequest(Object(Illuminate/Http/Request))
#83 C:/xampp/htdocs/hp/vendor/laravel/framework/src/Illuminate/Foundation/resources/server.php(23): require_once('C://xampp//htdocs...')
#84 {main}

[previous exception] [object] (Illuminate\\View\\ViewException(code: 0): The \"intl\" PHP extension is required to use the [format] method. (View: C:\\xampp\\htdocs\\hp\\vendor\\filament\\support\\resources\\views\\components\\pagination\\index.blade.php) at C:/xampp/htdocs/hp/vendor/laravel/framework/src/Illuminate/Support/Number.php:385)
[stacktrace]
#0 C:/xampp/htdocs/hp/vendor/livewire/livewire/src/Mechanisms/ExtendBlade/ExtendedCompilerEngine.php(58): Illuminate/View/Engines/CompilerEngine->handleViewException(Object(RuntimeException), 5)
#1 C:/xampp/htdocs/hp/vendor/livewire/livewire/src/Mechanisms/ExtendBlade/ExtendedCompilerEngine.php(40): Livewire/Mechanisms/ExtendBlade/ExtendedCompilerEngine->handleViewException(Object(RuntimeException), 5)
#2 C:/xampp/htdocs/hp/vendor/laravel/framework/src/Illuminate/View/Engines/CompilerEngine.php(75): Livewire/Mechanisms/ExtendBlade/ExtendedCompilerEngine->evaluatePath('C://xampp//htdocs...', Array)
#3 C:/xampp/htdocs/hp/vendor/livewire/livewire/src/Mechanisms/ExtendBlade/ExtendedCompilerEngine.php(16): Illuminate/View/Engines/CompilerEngine->get('C://xampp//htdocs...', Array)
#4 C:/xampp/htdocs/hp/vendor/laravel/framework/src/Illuminate/View/View.php(209): Livewire/Mechanisms/ExtendBlade/ExtendedCompilerEngine->get('C://xampp//htdocs...', Array)
#5 C:/xampp/htdocs/hp/vendor/laravel/framework/src/Illuminate/View/View.php(192): Illuminate/View/View->getContents()
#6 C:/xampp/htdocs/hp/vendor/laravel/framework/src/Illuminate/View/View.php(161): Illuminate/View/View->renderContents()
#7 C:/xampp/htdocs/hp/vendor/laravel/framework/src/Illuminate/View/Concerns/ManagesComponents.php(103): Illuminate/View/View->render()
#8 C:/xampp/htdocs/hp/storage/framework/views/6477c3f58b3f6bca4ff1555fac23c21c.php(2458): Illuminate/View/Factory->renderComponent()
#9 C:/xampp/htdocs/hp/vendor/livewire/livewire/src/Mechanisms/ExtendBlade/ExtendedCompilerEngine.php(37): include('C://xampp//htdocs...')
#10 C:/xampp/htdocs/hp/vendor/livewire/livewire/src/Mechanisms/ExtendBlade/ExtendedCompilerEngine.php(38): App/Filament/Resources/AppointmentResource/Pages/ListAppointments->Livewire/Mechanisms/ExtendBlade/{closure}()
#11 C:/xampp/htdocs/hp/vendor/laravel/framework/src/Illuminate/View/Engines/CompilerEngine.php(75): Livewire/Mechanisms/ExtendBlade/ExtendedCompilerEngine->evaluatePath('C://xampp//htdocs...', Array)
#12 C:/xampp/htdocs/hp/vendor/livewire/livewire/src/Mechanisms/ExtendBlade/ExtendedCompilerEngine.php(16): Illuminate/View/Engines/CompilerEngine->get('C://xampp//htdocs...', Array)
#13 C:/xampp/htdocs/hp/vendor/laravel/framework/src/Illuminate/View/View.php(209): Livewire/Mechanisms/ExtendBlade/ExtendedCompilerEngine->get('C://xampp//htdocs...', Array)
#14 C:/xampp/htdocs/hp/vendor/laravel/framework/src/Illuminate/View/View.php(192): Illuminate/View/View->getContents()
#15 C:/xampp/htdocs/hp/vendor/laravel/framework/src/Illuminate/View/View.php(161): Illuminate/View/View->renderContents()
#16 C:/xampp/htdocs/hp/vendor/filament/support/src/Components/ViewComponent.php(115): Illuminate/View/View->render()
#17 C:/xampp/htdocs/hp/vendor/laravel/framework/src/Illuminate/Support/helpers.php(134): Filament/Support/Components/ViewComponent->toHtml()
#18 C:/xampp/htdocs/hp/storage/framework/views/853058402355b8ac6aa7297050bc2a12.php(42): e(Object(Filament/Tables/Table))
#19 C:/xampp/htdocs/hp/vendor/livewire/livewire/src/Mechanisms/ExtendBlade/ExtendedCompilerEngine.php(37): include('C://xampp//htdocs...')
#20 C:/xampp/htdocs/hp/vendor/livewire/livewire/src/Mechanisms/ExtendBlade/ExtendedCompilerEngine.php(38): App/Filament/Resources/AppointmentResource/Pages/ListAppointments->Livewire/Mechanisms/ExtendBlade/{closure}()
#21 C:/xampp/htdocs/hp/vendor/laravel/framework/src/Illuminate/View/Engines/CompilerEngine.php(75): Livewire/Mechanisms/ExtendBlade/ExtendedCompilerEngine->evaluatePath('C://xampp//htdocs...', Array)
#22 C:/xampp/htdocs/hp/vendor/livewire/livewire/src/Mechanisms/ExtendBlade/ExtendedCompilerEngine.php(16): Illuminate/View/Engines/CompilerEngine->get('C://xampp//htdocs...', Array)
#23 C:/xampp/htdocs/hp/vendor/laravel/framework/src/Illuminate/View/View.php(209): Livewire/Mechanisms/ExtendBlade/ExtendedCompilerEngine->get('C://xampp//htdocs...', Array)
#24 C:/xampp/htdocs/hp/vendor/laravel/framework/src/Illuminate/View/View.php(192): Illuminate/View/View->getContents()
#25 C:/xampp/htdocs/hp/vendor/laravel/framework/src/Illuminate/View/View.php(161): Illuminate/View/View->renderContents()
#26 C:/xampp/htdocs/hp/vendor/livewire/livewire/src/Mechanisms/HandleComponents/HandleComponents.php(288): Illuminate/View/View->render(Object(Closure))
#27 C:/xampp/htdocs/hp/vendor/livewire/livewire/src/Mechanisms/HandleComponents/HandleComponents.php(332): Livewire/Mechanisms/HandleComponents/HandleComponents->Livewire/Mechanisms/HandleComponents/{closure}()
#28 C:/xampp/htdocs/hp/vendor/livewire/livewire/src/Mechanisms/HandleComponents/HandleComponents.php(280): Livewire/Mechanisms/HandleComponents/HandleComponents->trackInRenderStack(Object(App/Filament/Resources/AppointmentResource/Pages/ListAppointments), Object(Closure))
#29 C:/xampp/htdocs/hp/vendor/livewire/livewire/src/Mechanisms/HandleComponents/HandleComponents.php(54): Livewire/Mechanisms/HandleComponents/HandleComponents->render(Object(App/Filament/Resources/AppointmentResource/Pages/ListAppointments), '<div></div>')
#30 C:/xampp/htdocs/hp/vendor/livewire/livewire/src/LivewireManager.php(73): Livewire/Mechanisms/HandleComponents/HandleComponents->mount('App//Filament//Re...', Array, NULL)
#31 C:/xampp/htdocs/hp/vendor/livewire/livewire/src/Features/SupportPageComponents/HandlesPageComponents.php(17): Livewire/LivewireManager->mount('App//Filament//Re...', Array)
#32 C:/xampp/htdocs/hp/vendor/livewire/livewire/src/Features/SupportPageComponents/SupportPageComponents.php(117): Livewire/Component->Livewire/Features/SupportPageComponents/{closure}()
#33 C:/xampp/htdocs/hp/vendor/livewire/livewire/src/Features/SupportPageComponents/HandlesPageComponents.php(14): Livewire/Features/SupportPageComponents/SupportPageComponents::interceptTheRenderOfTheComponentAndRetreiveTheLayoutConfiguration(Object(Closure))
#34 C:/xampp/htdocs/hp/vendor/laravel/framework/src/Illuminate/Routing/ControllerDispatcher.php(47): Livewire/Component->__invoke()
#35 C:/xampp/htdocs/hp/vendor/laravel/framework/src/Illuminate/Routing/Route.php(266): Illuminate/Routing/ControllerDispatcher->dispatch(Object(Illuminate/Routing/Route), Object(App/Filament/Resources/AppointmentResource/Pages/ListAppointments), '__invoke')
#36 C:/xampp/htdocs/hp/vendor/laravel/framework/src/Illuminate/Routing/Route.php(212): Illuminate/Routing/Route->runController()
#37 C:/xampp/htdocs/hp/vendor/laravel/framework/src/Illuminate/Routing/Router.php(808): Illuminate/Routing/Route->run()
#38 C:/xampp/htdocs/hp/vendor/laravel/framework/src/Illuminate/Pipeline/Pipeline.php(170): Illuminate/Routing/Router->Illuminate/Routing/{closure}(Object(Illuminate/Http/Request))
#39 C:/xampp/htdocs/hp/vendor/filament/filament/src/Http/Middleware/DispatchServingFilamentEvent.php(15): Illuminate/Pipeline/Pipeline->Illuminate/Pipeline/{closure}(Object(Illuminate/Http/Request))
#40 C:/xampp/htdocs/hp/vendor/laravel/framework/src/Illuminate/Pipeline/Pipeline.php(209): Filament/Http/Middleware/DispatchServingFilamentEvent->handle(Object(Illuminate/Http/Request), Object(Closure))
#41 C:/xampp/htdocs/hp/vendor/filament/filament/src/Http/Middleware/DisableBladeIconComponents.php(14): Illuminate/Pipeline/Pipeline->Illuminate/Pipeline/{closure}(Object(Illuminate/Http/Request))
#42 C:/xampp/htdocs/hp/vendor/laravel/framework/src/Illuminate/Pipeline/Pipeline.php(209): Filament/Http/Middleware/DisableBladeIconComponents->handle(Object(Illuminate/Http/Request), Object(Closure))
#43 C:/xampp/htdocs/hp/vendor/laravel/framework/src/Illuminate/Routing/Middleware/SubstituteBindings.php(51): Illuminate/Pipeline/Pipeline->Illuminate/Pipeline/{closure}(Object(Illuminate/Http/Request))
#44 C:/xampp/htdocs/hp/vendor/laravel/framework/src/Illuminate/Pipeline/Pipeline.php(209): Illuminate/Routing/Middleware/SubstituteBindings->handle(Object(Illuminate/Http/Request), Object(Closure))
#45 C:/xampp/htdocs/hp/vendor/laravel/framework/src/Illuminate/Foundation/Http/Middleware/VerifyCsrfToken.php(88): Illuminate/Pipeline/Pipeline->Illuminate/Pipeline/{closure}(Object(Illuminate/Http/Request))
#46 C:/xampp/htdocs/hp/vendor/laravel/framework/src/Illuminate/Pipeline/Pipeline.php(209): Illuminate/Foundation/Http/Middleware/VerifyCsrfToken->handle(Object(Illuminate/Http/Request), Object(Closure))
#47 C:/xampp/htdocs/hp/vendor/laravel/framework/src/Illuminate/Session/Middleware/AuthenticateSession.php(67): Illuminate/Pipeline/Pipeline->Illuminate/Pipeline/{closure}(Object(Illuminate/Http/Request))
#48 C:/xampp/htdocs/hp/vendor/laravel/framework/src/Illuminate/Pipeline/Pipeline.php(209): Illuminate/Session/Middleware/AuthenticateSession->handle(Object(Illuminate/Http/Request), Object(Closure))
#49 C:/xampp/htdocs/hp/vendor/laravel/framework/src/Illuminate/Auth/Middleware/Authenticate.php(64): Illuminate/Pipeline/Pipeline->Illuminate/Pipeline/{closure}(Object(Illuminate/Http/Request))
#50 C:/xampp/htdocs/hp/vendor/laravel/framework/src/Illuminate/Pipeline/Pipeline.php(209): Illuminate/Auth/Middleware/Authenticate->handle(Object(Illuminate/Http/Request), Object(Closure))
#51 C:/xampp/htdocs/hp/vendor/laravel/framework/src/Illuminate/View/Middleware/ShareErrorsFromSession.php(49): Illuminate/Pipeline/Pipeline->Illuminate/Pipeline/{closure}(Object(Illuminate/Http/Request))
#52 C:/xampp/htdocs/hp/vendor/laravel/framework/src/Illuminate/Pipeline/Pipeline.php(209): Illuminate/View/Middleware/ShareErrorsFromSession->handle(Object(Illuminate/Http/Request), Object(Closure))
#53 C:/xampp/htdocs/hp/vendor/laravel/framework/src/Illuminate/Session/Middleware/StartSession.php(121): Illuminate/Pipeline/Pipeline->Illuminate/Pipeline/{closure}(Object(Illuminate/Http/Request))
#54 C:/xampp/htdocs/hp/vendor/laravel/framework/src/Illuminate/Session/Middleware/StartSession.php(64): Illuminate/Session/Middleware/StartSession->handleStatefulRequest(Object(Illuminate/Http/Request), Object(Illuminate/Session/Store), Object(Closure))
#55 C:/xampp/htdocs/hp/vendor/laravel/framework/src/Illuminate/Pipeline/Pipeline.php(209): Illuminate/Session/Middleware/StartSession->handle(Object(Illuminate/Http/Request), Object(Closure))
#56 C:/xampp/htdocs/hp/vendor/laravel/framework/src/Illuminate/Cookie/Middleware/AddQueuedCookiesToResponse.php(37): Illuminate/Pipeline/Pipeline->Illuminate/Pipeline/{closure}(Object(Illuminate/Http/Request))
#57 C:/xampp/htdocs/hp/vendor/laravel/framework/src/Illuminate/Pipeline/Pipeline.php(209): Illuminate/Cookie/Middleware/AddQueuedCookiesToResponse->handle(Object(Illuminate/Http/Request), Object(Closure))
#58 C:/xampp/htdocs/hp/vendor/laravel/framework/src/Illuminate/Cookie/Middleware/EncryptCookies.php(75): Illuminate/Pipeline/Pipeline->Illuminate/Pipeline/{closure}(Object(Illuminate/Http/Request))
#59 C:/xampp/htdocs/hp/vendor/laravel/framework/src/Illuminate/Pipeline/Pipeline.php(209): Illuminate/Cookie/Middleware/EncryptCookies->handle(Object(Illuminate/Http/Request), Object(Closure))
#60 C:/xampp/htdocs/hp/vendor/filament/filament/src/Http/Middleware/SetUpPanel.php(19): Illuminate/Pipeline/Pipeline->Illuminate/Pipeline/{closure}(Object(Illuminate/Http/Request))
#61 C:/xampp/htdocs/hp/vendor/laravel/framework/src/Illuminate/Pipeline/Pipeline.php(209): Filament/Http/Middleware/SetUpPanel->handle(Object(Illuminate/Http/Request), Object(Closure), Object(Filament/Panel))
#62 C:/xampp/htdocs/hp/vendor/laravel/framework/src/Illuminate/Pipeline/Pipeline.php(127): Illuminate/Pipeline/Pipeline->Illuminate/Pipeline/{closure}(Object(Illuminate/Http/Request))
#63 C:/xampp/htdocs/hp/vendor/laravel/framework/src/Illuminate/Routing/Router.php(807): Illuminate/Pipeline/Pipeline->then(Object(Closure))
#64 C:/xampp/htdocs/hp/vendor/laravel/framework/src/Illuminate/Routing/Router.php(786): Illuminate/Routing/Router->runRouteWithinStack(Object(Illuminate/Routing/Route), Object(Illuminate/Http/Request))
#65 C:/xampp/htdocs/hp/vendor/laravel/framework/src/Illuminate/Routing/Router.php(750): Illuminate/Routing/Router->runRoute(Object(Illuminate/Http/Request), Object(Illuminate/Routing/Route))
#66 C:/xampp/htdocs/hp/vendor/laravel/framework/src/Illuminate/Routing/Router.php(739): Illuminate/Routing/Router->dispatchToRoute(Object(Illuminate/Http/Request))
#67 C:/xampp/htdocs/hp/vendor/laravel/framework/src/Illuminate/Foundation/Http/Kernel.php(201): Illuminate/Routing/Router->dispatch(Object(Illuminate/Http/Request))
#68 C:/xampp/htdocs/hp/vendor/laravel/framework/src/Illuminate/Pipeline/Pipeline.php(170): Illuminate/Foundation/Http/Kernel->Illuminate/Foundation/Http/{closure}(Object(Illuminate/Http/Request))
#69 C:/xampp/htdocs/hp/vendor/livewire/livewire/src/Features/SupportDisablingBackButtonCache/DisableBackButtonCacheMiddleware.php(19): Illuminate/Pipeline/Pipeline->Illuminate/Pipeline/{closure}(Object(Illuminate/Http/Request))
#70 C:/xampp/htdocs/hp/vendor/laravel/framework/src/Illuminate/Pipeline/Pipeline.php(209): Livewire/Features/SupportDisablingBackButtonCache/DisableBackButtonCacheMiddleware->handle(Object(Illuminate/Http/Request), Object(Closure))
#71 C:/xampp/htdocs/hp/vendor/laravel/framework/src/Illuminate/Foundation/Http/Middleware/TransformsRequest.php(21): Illuminate/Pipeline/Pipeline->Illuminate/Pipeline/{closure}(Object(Illuminate/Http/Request))
#72 C:/xampp/htdocs/hp/vendor/laravel/framework/src/Illuminate/Foundation/Http/Middleware/ConvertEmptyStringsToNull.php(31): Illuminate/Foundation/Http/Middleware/TransformsRequest->handle(Object(Illuminate/Http/Request), Object(Closure))
#73 C:/xampp/htdocs/hp/vendor/laravel/framework/src/Illuminate/Pipeline/Pipeline.php(209): Illuminate/Foundation/Http/Middleware/ConvertEmptyStringsToNull->handle(Object(Illuminate/Http/Request), Object(Closure))
#74 C:/xampp/htdocs/hp/vendor/laravel/framework/src/Illuminate/Foundation/Http/Middleware/TransformsRequest.php(21): Illuminate/Pipeline/Pipeline->Illuminate/Pipeline/{closure}(Object(Illuminate/Http/Request))
#75 C:/xampp/htdocs/hp/vendor/laravel/framework/src/Illuminate/Foundation/Http/Middleware/TrimStrings.php(51): Illuminate/Foundation/Http/Middleware/TransformsRequest->handle(Object(Illuminate/Http/Request), Object(Closure))
#76 C:/xampp/htdocs/hp/vendor/laravel/framework/src/Illuminate/Pipeline/Pipeline.php(209): Illuminate/Foundation/Http/Middleware/TrimStrings->handle(Object(Illuminate/Http/Request), Object(Closure))
#77 C:/xampp/htdocs/hp/vendor/laravel/framework/src/Illuminate/Http/Middleware/ValidatePostSize.php(27): Illuminate/Pipeline/Pipeline->Illuminate/Pipeline/{closure}(Object(Illuminate/Http/Request))
#78 C:/xampp/htdocs/hp/vendor/laravel/framework/src/Illuminate/Pipeline/Pipeline.php(209): Illuminate/Http/Middleware/ValidatePostSize->handle(Object(Illuminate/Http/Request), Object(Closure))
#79 C:/xampp/htdocs/hp/vendor/laravel/framework/src/Illuminate/Foundation/Http/Middleware/PreventRequestsDuringMaintenance.php(110): Illuminate/Pipeline/Pipeline->Illuminate/Pipeline/{closure}(Object(Illuminate/Http/Request))
#80 C:/xampp/htdocs/hp/vendor/laravel/framework/src/Illuminate/Pipeline/Pipeline.php(209): Illuminate/Foundation/Http/Middleware/PreventRequestsDuringMaintenance->handle(Object(Illuminate/Http/Request), Object(Closure))
#81 C:/xampp/htdocs/hp/vendor/laravel/framework/src/Illuminate/Http/Middleware/HandleCors.php(49): Illuminate/Pipeline/Pipeline->Illuminate/Pipeline/{closure}(Object(Illuminate/Http/Request))
#82 C:/xampp/htdocs/hp/vendor/laravel/framework/src/Illuminate/Pipeline/Pipeline.php(209): Illuminate/Http/Middleware/HandleCors->handle(Object(Illuminate/Http/Request), Object(Closure))
#83 C:/xampp/htdocs/hp/vendor/laravel/framework/src/Illuminate/Http/Middleware/TrustProxies.php(58): Illuminate/Pipeline/Pipeline->Illuminate/Pipeline/{closure}(Object(Illuminate/Http/Request))
#84 C:/xampp/htdocs/hp/vendor/laravel/framework/src/Illuminate/Pipeline/Pipeline.php(209): Illuminate/Http/Middleware/TrustProxies->handle(Object(Illuminate/Http/Request), Object(Closure))
#85 C:/xampp/htdocs/hp/vendor/laravel/framework/src/Illuminate/Foundation/Http/Middleware/InvokeDeferredCallbacks.php(22): Illuminate/Pipeline/Pipeline->Illuminate/Pipeline/{closure}(Object(Illuminate/Http/Request))
#86 C:/xampp/htdocs/hp/vendor/laravel/framework/src/Illuminate/Pipeline/Pipeline.php(209): Illuminate/Foundation/Http/Middleware/InvokeDeferredCallbacks->handle(Object(Illuminate/Http/Request), Object(Closure))
#87 C:/xampp/htdocs/hp/vendor/laravel/framework/src/Illuminate/Pipeline/Pipeline.php(127): Illuminate/Pipeline/Pipeline->Illuminate/Pipeline/{closure}(Object(Illuminate/Http/Request))
#88 C:/xampp/htdocs/hp/vendor/laravel/framework/src/Illuminate/Foundation/Http/Kernel.php(176): Illuminate/Pipeline/Pipeline->then(Object(Closure))
#89 C:/xampp/htdocs/hp/vendor/laravel/framework/src/Illuminate/Foundation/Http/Kernel.php(145): Illuminate/Foundation/Http/Kernel->sendRequestThroughRouter(Object(Illuminate/Http/Request))
#90 C:/xampp/htdocs/hp/vendor/laravel/framework/src/Illuminate/Foundation/Application.php(1220): Illuminate/Foundation/Http/Kernel->handle(Object(Illuminate/Http/Request))
#91 C:/xampp/htdocs/hp/public/index.php(17): Illuminate/Foundation/Application->handleRequest(Object(Illuminate/Http/Request))
#92 C:/xampp/htdocs/hp/vendor/laravel/framework/src/Illuminate/Foundation/resources/server.php(23): require_once('C://xampp//htdocs...')
#93 {main}

[previous exception] [object] (RuntimeException(code: 0): The \"intl\" PHP extension is required to use the [format] method. at C:/xampp/htdocs/hp/vendor/laravel/framework/src/Illuminate/Support/Number.php:385)
[stacktrace]
#0 C:/xampp/htdocs/hp/vendor/laravel/framework/src/Illuminate/Support/Number.php(38): Illuminate/Support/Number::ensureIntlExtensionIsInstalled()
#1 C:/xampp/htdocs/hp/storage/framework/views/dc96bd85b482a801c44f1fda8976f247.php(98): Illuminate/Support/Number::format(1)
#2 C:/xampp/htdocs/hp/vendor/livewire/livewire/src/Mechanisms/ExtendBlade/ExtendedCompilerEngine.php(37): include('C://xampp//htdocs...')
#3 C:/xampp/htdocs/hp/vendor/livewire/livewire/src/Mechanisms/ExtendBlade/ExtendedCompilerEngine.php(38): App/Filament/Resources/AppointmentResource/Pages/ListAppointments->Livewire/Mechanisms/ExtendBlade/{closure}()
#4 C:/xampp/htdocs/hp/vendor/laravel/framework/src/Illuminate/View/Engines/CompilerEngine.php(75): Livewire/Mechanisms/ExtendBlade/ExtendedCompilerEngine->evaluatePath('C://xampp//htdocs...', Array)
#5 C:/xampp/htdocs/hp/vendor/livewire/livewire/src/Mechanisms/ExtendBlade/ExtendedCompilerEngine.php(16): Illuminate/View/Engines/CompilerEngine->get('C://xampp//htdocs...', Array)
#6 C:/xampp/htdocs/hp/vendor/laravel/framework/src/Illuminate/View/View.php(209): Livewire/Mechanisms/ExtendBlade/ExtendedCompilerEngine->get('C://xampp//htdocs...', Array)
#7 C:/xampp/htdocs/hp/vendor/laravel/framework/src/Illuminate/View/View.php(192): Illuminate/View/View->getContents()
#8 C:/xampp/htdocs/hp/vendor/laravel/framework/src/Illuminate/View/View.php(161): Illuminate/View/View->renderContents()
#9 C:/xampp/htdocs/hp/vendor/laravel/framework/src/Illuminate/View/Concerns/ManagesComponents.php(103): Illuminate/View/View->render()
#10 C:/xampp/htdocs/hp/storage/framework/views/6477c3f58b3f6bca4ff1555fac23c21c.php(2458): Illuminate/View/Factory->renderComponent()
#11 C:/xampp/htdocs/hp/vendor/livewire/livewire/src/Mechanisms/ExtendBlade/ExtendedCompilerEngine.php(37): include('C://xampp//htdocs...')
#12 C:/xampp/htdocs/hp/vendor/livewire/livewire/src/Mechanisms/ExtendBlade/ExtendedCompilerEngine.php(38): App/Filament/Resources/AppointmentResource/Pages/ListAppointments->Livewire/Mechanisms/ExtendBlade/{closure}()
#13 C:/xampp/htdocs/hp/vendor/laravel/framework/src/Illuminate/View/Engines/CompilerEngine.php(75): Livewire/Mechanisms/ExtendBlade/ExtendedCompilerEngine->evaluatePath('C://xampp//htdocs...', Array)
#14 C:/xampp/htdocs/hp/vendor/livewire/livewire/src/Mechanisms/ExtendBlade/ExtendedCompilerEngine.php(16): Illuminate/View/Engines/CompilerEngine->get('C://xampp//htdocs...', Array)
#15 C:/xampp/htdocs/hp/vendor/laravel/framework/src/Illuminate/View/View.php(209): Livewire/Mechanisms/ExtendBlade/ExtendedCompilerEngine->get('C://xampp//htdocs...', Array)
#16 C:/xampp/htdocs/hp/vendor/laravel/framework/src/Illuminate/View/View.php(192): Illuminate/View/View->getContents()
#17 C:/xampp/htdocs/hp/vendor/laravel/framework/src/Illuminate/View/View.php(161): Illuminate/View/View->renderContents()
#18 C:/xampp/htdocs/hp/vendor/filament/support/src/Components/ViewComponent.php(115): Illuminate/View/View->render()
#19 C:/xampp/htdocs/hp/vendor/laravel/framework/src/Illuminate/Support/helpers.php(134): Filament/Support/Components/ViewComponent->toHtml()
#20 C:/xampp/htdocs/hp/storage/framework/views/853058402355b8ac6aa7297050bc2a12.php(42): e(Object(Filament/Tables/Table))
#21 C:/xampp/htdocs/hp/vendor/livewire/livewire/src/Mechanisms/ExtendBlade/ExtendedCompilerEngine.php(37): include('C://xampp//htdocs...')
#22 C:/xampp/htdocs/hp/vendor/livewire/livewire/src/Mechanisms/ExtendBlade/ExtendedCompilerEngine.php(38): App/Filament/Resources/AppointmentResource/Pages/ListAppointments->Livewire/Mechanisms/ExtendBlade/{closure}()
#23 C:/xampp/htdocs/hp/vendor/laravel/framework/src/Illuminate/View/Engines/CompilerEngine.php(75): Livewire/Mechanisms/ExtendBlade/ExtendedCompilerEngine->evaluatePath('C://xampp//htdocs...', Array)
#24 C:/xampp/htdocs/hp/vendor/livewire/livewire/src/Mechanisms/ExtendBlade/ExtendedCompilerEngine.php(16): Illuminate/View/Engines/CompilerEngine->get('C://xampp//htdocs...', Array)
#25 C:/xampp/htdocs/hp/vendor/laravel/framework/src/Illuminate/View/View.php(209): Livewire/Mechanisms/ExtendBlade/ExtendedCompilerEngine->get('C://xampp//htdocs...', Array)
#26 C:/xampp/htdocs/hp/vendor/laravel/framework/src/Illuminate/View/View.php(192): Illuminate/View/View->getContents()
#27 C:/xampp/htdocs/hp/vendor/laravel/framework/src/Illuminate/View/View.php(161): Illuminate/View/View->renderContents()
#28 C:/xampp/htdocs/hp/vendor/livewire/livewire/src/Mechanisms/HandleComponents/HandleComponents.php(288): Illuminate/View/View->render(Object(Closure))
#29 C:/xampp/htdocs/hp/vendor/livewire/livewire/src/Mechanisms/HandleComponents/HandleComponents.php(332): Livewire/Mechanisms/HandleComponents/HandleComponents->Livewire/Mechanisms/HandleComponents/{closure}()
#30 C:/xampp/htdocs/hp/vendor/livewire/livewire/src/Mechanisms/HandleComponents/HandleComponents.php(280): Livewire/Mechanisms/HandleComponents/HandleComponents->trackInRenderStack(Object(App/Filament/Resources/AppointmentResource/Pages/ListAppointments), Object(Closure))
#31 C:/xampp/htdocs/hp/vendor/livewire/livewire/src/Mechanisms/HandleComponents/HandleComponents.php(54): Livewire/Mechanisms/HandleComponents/HandleComponents->render(Object(App/Filament/Resources/AppointmentResource/Pages/ListAppointments), '<div></div>')
#32 C:/xampp/htdocs/hp/vendor/livewire/livewire/src/LivewireManager.php(73): Livewire/Mechanisms/HandleComponents/HandleComponents->mount('App//Filament//Re...', Array, NULL)
#33 C:/xampp/htdocs/hp/vendor/livewire/livewire/src/Features/SupportPageComponents/HandlesPageComponents.php(17): Livewire/LivewireManager->mount('App//Filament//Re...', Array)
#34 C:/xampp/htdocs/hp/vendor/livewire/livewire/src/Features/SupportPageComponents/SupportPageComponents.php(117): Livewire/Component->Livewire/Features/SupportPageComponents/{closure}()
#35 C:/xampp/htdocs/hp/vendor/livewire/livewire/src/Features/SupportPageComponents/HandlesPageComponents.php(14): Livewire/Features/SupportPageComponents/SupportPageComponents::interceptTheRenderOfTheComponentAndRetreiveTheLayoutConfiguration(Object(Closure))
#36 C:/xampp/htdocs/hp/vendor/laravel/framework/src/Illuminate/Routing/ControllerDispatcher.php(47): Livewire/Component->__invoke()
#37 C:/xampp/htdocs/hp/vendor/laravel/framework/src/Illuminate/Routing/Route.php(266): Illuminate/Routing/ControllerDispatcher->dispatch(Object(Illuminate/Routing/Route), Object(App/Filament/Resources/AppointmentResource/Pages/ListAppointments), '__invoke')
#38 C:/xampp/htdocs/hp/vendor/laravel/framework/src/Illuminate/Routing/Route.php(212): Illuminate/Routing/Route->runController()
#39 C:/xampp/htdocs/hp/vendor/laravel/framework/src/Illuminate/Routing/Router.php(808): Illuminate/Routing/Route->run()
#40 C:/xampp/htdocs/hp/vendor/laravel/framework/src/Illuminate/Pipeline/Pipeline.php(170): Illuminate/Routing/Router->Illuminate/Routing/{closure}(Object(Illuminate/Http/Request))
#41 C:/xampp/htdocs/hp/vendor/filament/filament/src/Http/Middleware/DispatchServingFilamentEvent.php(15): Illuminate/Pipeline/Pipeline->Illuminate/Pipeline/{closure}(Object(Illuminate/Http/Request))
#42 C:/xampp/htdocs/hp/vendor/laravel/framework/src/Illuminate/Pipeline/Pipeline.php(209): Filament/Http/Middleware/DispatchServingFilamentEvent->handle(Object(Illuminate/Http/Request), Object(Closure))
#43 C:/xampp/htdocs/hp/vendor/filament/filament/src/Http/Middleware/DisableBladeIconComponents.php(14): Illuminate/Pipeline/Pipeline->Illuminate/Pipeline/{closure}(Object(Illuminate/Http/Request))
#44 C:/xampp/htdocs/hp/vendor/laravel/framework/src/Illuminate/Pipeline/Pipeline.php(209): Filament/Http/Middleware/DisableBladeIconComponents->handle(Object(Illuminate/Http/Request), Object(Closure))
#45 C:/xampp/htdocs/hp/vendor/laravel/framework/src/Illuminate/Routing/Middleware/SubstituteBindings.php(51): Illuminate/Pipeline/Pipeline->Illuminate/Pipeline/{closure}(Object(Illuminate/Http/Request))
#46 C:/xampp/htdocs/hp/vendor/laravel/framework/src/Illuminate/Pipeline/Pipeline.php(209): Illuminate/Routing/Middleware/SubstituteBindings->handle(Object(Illuminate/Http/Request), Object(Closure))
#47 C:/xampp/htdocs/hp/vendor/laravel/framework/src/Illuminate/Foundation/Http/Middleware/VerifyCsrfToken.php(88): Illuminate/Pipeline/Pipeline->Illuminate/Pipeline/{closure}(Object(Illuminate/Http/Request))
#48 C:/xampp/htdocs/hp/vendor/laravel/framework/src/Illuminate/Pipeline/Pipeline.php(209): Illuminate/Foundation/Http/Middleware/VerifyCsrfToken->handle(Object(Illuminate/Http/Request), Object(Closure))
#49 C:/xampp/htdocs/hp/vendor/laravel/framework/src/Illuminate/Session/Middleware/AuthenticateSession.php(67): Illuminate/Pipeline/Pipeline->Illuminate/Pipeline/{closure}(Object(Illuminate/Http/Request))
#50 C:/xampp/htdocs/hp/vendor/laravel/framework/src/Illuminate/Pipeline/Pipeline.php(209): Illuminate/Session/Middleware/AuthenticateSession->handle(Object(Illuminate/Http/Request), Object(Closure))
#51 C:/xampp/htdocs/hp/vendor/laravel/framework/src/Illuminate/Auth/Middleware/Authenticate.php(64): Illuminate/Pipeline/Pipeline->Illuminate/Pipeline/{closure}(Object(Illuminate/Http/Request))
#52 C:/xampp/htdocs/hp/vendor/laravel/framework/src/Illuminate/Pipeline/Pipeline.php(209): Illuminate/Auth/Middleware/Authenticate->handle(Object(Illuminate/Http/Request), Object(Closure))
#53 C:/xampp/htdocs/hp/vendor/laravel/framework/src/Illuminate/View/Middleware/ShareErrorsFromSession.php(49): Illuminate/Pipeline/Pipeline->Illuminate/Pipeline/{closure}(Object(Illuminate/Http/Request))
#54 C:/xampp/htdocs/hp/vendor/laravel/framework/src/Illuminate/Pipeline/Pipeline.php(209): Illuminate/View/Middleware/ShareErrorsFromSession->handle(Object(Illuminate/Http/Request), Object(Closure))
#55 C:/xampp/htdocs/hp/vendor/laravel/framework/src/Illuminate/Session/Middleware/StartSession.php(121): Illuminate/Pipeline/Pipeline->Illuminate/Pipeline/{closure}(Object(Illuminate/Http/Request))
#56 C:/xampp/htdocs/hp/vendor/laravel/framework/src/Illuminate/Session/Middleware/StartSession.php(64): Illuminate/Session/Middleware/StartSession->handleStatefulRequest(Object(Illuminate/Http/Request), Object(Illuminate/Session/Store), Object(Closure))
#57 C:/xampp/htdocs/hp/vendor/laravel/framework/src/Illuminate/Pipeline/Pipeline.php(209): Illuminate/Session/Middleware/StartSession->handle(Object(Illuminate/Http/Request), Object(Closure))
#58 C:/xampp/htdocs/hp/vendor/laravel/framework/src/Illuminate/Cookie/Middleware/AddQueuedCookiesToResponse.php(37): Illuminate/Pipeline/Pipeline->Illuminate/Pipeline/{closure}(Object(Illuminate/Http/Request))
#59 C:/xampp/htdocs/hp/vendor/laravel/framework/src/Illuminate/Pipeline/Pipeline.php(209): Illuminate/Cookie/Middleware/AddQueuedCookiesToResponse->handle(Object(Illuminate/Http/Request), Object(Closure))
#60 C:/xampp/htdocs/hp/vendor/laravel/framework/src/Illuminate/Cookie/Middleware/EncryptCookies.php(75): Illuminate/Pipeline/Pipeline->Illuminate/Pipeline/{closure}(Object(Illuminate/Http/Request))
#61 C:/xampp/htdocs/hp/vendor/laravel/framework/src/Illuminate/Pipeline/Pipeline.php(209): Illuminate/Cookie/Middleware/EncryptCookies->handle(Object(Illuminate/Http/Request), Object(Closure))
#62 C:/xampp/htdocs/hp/vendor/filament/filament/src/Http/Middleware/SetUpPanel.php(19): Illuminate/Pipeline/Pipeline->Illuminate/Pipeline/{closure}(Object(Illuminate/Http/Request))
#63 C:/xampp/htdocs/hp/vendor/laravel/framework/src/Illuminate/Pipeline/Pipeline.php(209): Filament/Http/Middleware/SetUpPanel->handle(Object(Illuminate/Http/Request), Object(Closure), Object(Filament/Panel))
#64 C:/xampp/htdocs/hp/vendor/laravel/framework/src/Illuminate/Pipeline/Pipeline.php(127): Illuminate/Pipeline/Pipeline->Illuminate/Pipeline/{closure}(Object(Illuminate/Http/Request))
#65 C:/xampp/htdocs/hp/vendor/laravel/framework/src/Illuminate/Routing/Router.php(807): Illuminate/Pipeline/Pipeline->then(Object(Closure))
#66 C:/xampp/htdocs/hp/vendor/laravel/framework/src/Illuminate/Routing/Router.php(786): Illuminate/Routing/Router->runRouteWithinStack(Object(Illuminate/Routing/Route), Object(Illuminate/Http/Request))
#67 C:/xampp/htdocs/hp/vendor/laravel/framework/src/Illuminate/Routing/Router.php(750): Illuminate/Routing/Router->runRoute(Object(Illuminate/Http/Request), Object(Illuminate/Routing/Route))
#68 C:/xampp/htdocs/hp/vendor/laravel/framework/src/Illuminate/Routing/Router.php(739): Illuminate/Routing/Router->dispatchToRoute(Object(Illuminate/Http/Request))
#69 C:/xampp/htdocs/hp/vendor/laravel/framework/src/Illuminate/Foundation/Http/Kernel.php(201): Illuminate/Routing/Router->dispatch(Object(Illuminate/Http/Request))
#70 C:/xampp/htdocs/hp/vendor/laravel/framework/src/Illuminate/Pipeline/Pipeline.php(170): Illuminate/Foundation/Http/Kernel->Illuminate/Foundation/Http/{closure}(Object(Illuminate/Http/Request))
#71 C:/xampp/htdocs/hp/vendor/livewire/livewire/src/Features/SupportDisablingBackButtonCache/DisableBackButtonCacheMiddleware.php(19): Illuminate/Pipeline/Pipeline->Illuminate/Pipeline/{closure}(Object(Illuminate/Http/Request))
#72 C:/xampp/htdocs/hp/vendor/laravel/framework/src/Illuminate/Pipeline/Pipeline.php(209): Livewire/Features/SupportDisablingBackButtonCache/DisableBackButtonCacheMiddleware->handle(Object(Illuminate/Http/Request), Object(Closure))
#73 C:/xampp/htdocs/hp/vendor/laravel/framework/src/Illuminate/Foundation/Http/Middleware/TransformsRequest.php(21): Illuminate/Pipeline/Pipeline->Illuminate/Pipeline/{closure}(Object(Illuminate/Http/Request))
#74 C:/xampp/htdocs/hp/vendor/laravel/framework/src/Illuminate/Foundation/Http/Middleware/ConvertEmptyStringsToNull.php(31): Illuminate/Foundation/Http/Middleware/TransformsRequest->handle(Object(Illuminate/Http/Request), Object(Closure))
#75 C:/xampp/htdocs/hp/vendor/laravel/framework/src/Illuminate/Pipeline/Pipeline.php(209): Illuminate/Foundation/Http/Middleware/ConvertEmptyStringsToNull->handle(Object(Illuminate/Http/Request), Object(Closure))
#76 C:/xampp/htdocs/hp/vendor/laravel/framework/src/Illuminate/Foundation/Http/Middleware/TransformsRequest.php(21): Illuminate/Pipeline/Pipeline->Illuminate/Pipeline/{closure}(Object(Illuminate/Http/Request))
#77 C:/xampp/htdocs/hp/vendor/laravel/framework/src/Illuminate/Foundation/Http/Middleware/TrimStrings.php(51): Illuminate/Foundation/Http/Middleware/TransformsRequest->handle(Object(Illuminate/Http/Request), Object(Closure))
#78 C:/xampp/htdocs/hp/vendor/laravel/framework/src/Illuminate/Pipeline/Pipeline.php(209): Illuminate/Foundation/Http/Middleware/TrimStrings->handle(Object(Illuminate/Http/Request), Object(Closure))
#79 C:/xampp/htdocs/hp/vendor/laravel/framework/src/Illuminate/Http/Middleware/ValidatePostSize.php(27): Illuminate/Pipeline/Pipeline->Illuminate/Pipeline/{closure}(Object(Illuminate/Http/Request))
#80 C:/xampp/htdocs/hp/vendor/laravel/framework/src/Illuminate/Pipeline/Pipeline.php(209): Illuminate/Http/Middleware/ValidatePostSize->handle(Object(Illuminate/Http/Request), Object(Closure))
#81 C:/xampp/htdocs/hp/vendor/laravel/framework/src/Illuminate/Foundation/Http/Middleware/PreventRequestsDuringMaintenance.php(110): Illuminate/Pipeline/Pipeline->Illuminate/Pipeline/{closure}(Object(Illuminate/Http/Request))
#82 C:/xampp/htdocs/hp/vendor/laravel/framework/src/Illuminate/Pipeline/Pipeline.php(209): Illuminate/Foundation/Http/Middleware/PreventRequestsDuringMaintenance->handle(Object(Illuminate/Http/Request), Object(Closure))
#83 C:/xampp/htdocs/hp/vendor/laravel/framework/src/Illuminate/Http/Middleware/HandleCors.php(49): Illuminate/Pipeline/Pipeline->Illuminate/Pipeline/{closure}(Object(Illuminate/Http/Request))
#84 C:/xampp/htdocs/hp/vendor/laravel/framework/src/Illuminate/Pipeline/Pipeline.php(209): Illuminate/Http/Middleware/HandleCors->handle(Object(Illuminate/Http/Request), Object(Closure))
#85 C:/xampp/htdocs/hp/vendor/laravel/framework/src/Illuminate/Http/Middleware/TrustProxies.php(58): Illuminate/Pipeline/Pipeline->Illuminate/Pipeline/{closure}(Object(Illuminate/Http/Request))
#86 C:/xampp/htdocs/hp/vendor/laravel/framework/src/Illuminate/Pipeline/Pipeline.php(209): Illuminate/Http/Middleware/TrustProxies->handle(Object(Illuminate/Http/Request), Object(Closure))
#87 C:/xampp/htdocs/hp/vendor/laravel/framework/src/Illuminate/Foundation/Http/Middleware/InvokeDeferredCallbacks.php(22): Illuminate/Pipeline/Pipeline->Illuminate/Pipeline/{closure}(Object(Illuminate/Http/Request))
#88 C:/xampp/htdocs/hp/vendor/laravel/framework/src/Illuminate/Pipeline/Pipeline.php(209): Illuminate/Foundation/Http/Middleware/InvokeDeferredCallbacks->handle(Object(Illuminate/Http/Request), Object(Closure))
#89 C:/xampp/htdocs/hp/vendor/laravel/framework/src/Illuminate/Pipeline/Pipeline.php(127): Illuminate/Pipeline/Pipeline->Illuminate/Pipeline/{closure}(Object(Illuminate/Http/Request))
#90 C:/xampp/htdocs/hp/vendor/laravel/framework/src/Illuminate/Foundation/Http/Kernel.php(176): Illuminate/Pipeline/Pipeline->then(Object(Closure))
#91 C:/xampp/htdocs/hp/vendor/laravel/framework/src/Illuminate/Foundation/Http/Kernel.php(145): Illuminate/Foundation/Http/Kernel->sendRequestThroughRouter(Object(Illuminate/Http/Request))
#92 C:/xampp/htdocs/hp/vendor/laravel/framework/src/Illuminate/Foundation/Application.php(1220): Illuminate/Foundation/Http/Kernel->handle(Object(Illuminate/Http/Request))
#93 C:/xampp/htdocs/hp/public/index.php(17): Illuminate/Foundation/Application->handleRequest(Object(Illuminate/Http/Request))
#94 C:/xampp/htdocs/hp/vendor/laravel/framework/src/Illuminate/Foundation/resources/server.php(23): require_once('C://xampp//htdocs...')
#95 {main}
"} 
[2026-09-30 12:00:39] local.ERROR: The "intl" PHP extension is required to use the [format] method. (View: C:\xampp\htdocs\hp\vendor\filament\tables\resources\views\components\selection\indicator.blade.php) (View: C:\xampp\htdocs\hp\vendor\filament\tables\resources\views\components\selection\indicator.blade.php) (View: C:\xampp\htdocs\hp\vendor\filament\tables\resources\views\components\selection\indicator.blade.php) {"userId":1,"exception":"[object] (Illuminate\\View\\ViewException(code: 0): The \"intl\" PHP extension is required to use the [format] method. (View: C:\\xampp\\htdocs\\hp\\vendor\\filament\\tables\\resources\\views\\components\\selection\\indicator.blade.php) (View: C:\\xampp\\htdocs\\hp\\vendor\\filament\\tables\\resources\\views\\components\\selection\\indicator.blade.php) (View: C:\\xampp\\htdocs\\hp\\vendor\\filament\\tables\\resources\\views\\components\\selection\\indicator.blade.php) at C:/xampp/htdocs/hp/vendor/laravel/framework/src/Illuminate/Support/Number.php:385)
[stacktrace]
#0 C:/xampp/htdocs/hp/vendor/livewire/livewire/src/Mechanisms/ExtendBlade/ExtendedCompilerEngine.php(58): Illuminate/View/Engines/CompilerEngine->handleViewException(Object(Illuminate/View/ViewException), 1)
#1 C:/xampp/htdocs/hp/vendor/livewire/livewire/src/Mechanisms/ExtendBlade/ExtendedCompilerEngine.php(40): Livewire/Mechanisms/ExtendBlade/ExtendedCompilerEngine->handleViewException(Object(Illuminate/View/ViewException), 1)
#2 C:/xampp/htdocs/hp/vendor/laravel/framework/src/Illuminate/View/Engines/CompilerEngine.php(75): Livewire/Mechanisms/ExtendBlade/ExtendedCompilerEngine->evaluatePath('C://xampp//htdocs...', Array)
#3 C:/xampp/htdocs/hp/vendor/livewire/livewire/src/Mechanisms/ExtendBlade/ExtendedCompilerEngine.php(16): Illuminate/View/Engines/CompilerEngine->get('C://xampp//htdocs...', Array)
#4 C:/xampp/htdocs/hp/vendor/laravel/framework/src/Illuminate/View/View.php(209): Livewire/Mechanisms/ExtendBlade/ExtendedCompilerEngine->get('C://xampp//htdocs...', Array)
#5 C:/xampp/htdocs/hp/vendor/laravel/framework/src/Illuminate/View/View.php(192): Illuminate/View/View->getContents()
#6 C:/xampp/htdocs/hp/vendor/laravel/framework/src/Illuminate/View/View.php(161): Illuminate/View/View->renderContents()
#7 C:/xampp/htdocs/hp/vendor/livewire/livewire/src/Mechanisms/HandleComponents/HandleComponents.php(288): Illuminate/View/View->render(Object(Closure))
#8 C:/xampp/htdocs/hp/vendor/livewire/livewire/src/Mechanisms/HandleComponents/HandleComponents.php(332): Livewire/Mechanisms/HandleComponents/HandleComponents->Livewire/Mechanisms/HandleComponents/{closure}()
#9 C:/xampp/htdocs/hp/vendor/livewire/livewire/src/Mechanisms/HandleComponents/HandleComponents.php(280): Livewire/Mechanisms/HandleComponents/HandleComponents->trackInRenderStack(Object(App/Filament/Resources/PageResource/Pages/ListPages), Object(Closure))
#10 C:/xampp/htdocs/hp/vendor/livewire/livewire/src/Mechanisms/HandleComponents/HandleComponents.php(54): Livewire/Mechanisms/HandleComponents/HandleComponents->render(Object(App/Filament/Resources/PageResource/Pages/ListPages), '<div></div>')
#11 C:/xampp/htdocs/hp/vendor/livewire/livewire/src/LivewireManager.php(73): Livewire/Mechanisms/HandleComponents/HandleComponents->mount('App//Filament//Re...', Array, NULL)
#12 C:/xampp/htdocs/hp/vendor/livewire/livewire/src/Features/SupportPageComponents/HandlesPageComponents.php(17): Livewire/LivewireManager->mount('App//Filament//Re...', Array)
#13 C:/xampp/htdocs/hp/vendor/livewire/livewire/src/Features/SupportPageComponents/SupportPageComponents.php(117): Livewire/Component->Livewire/Features/SupportPageComponents/{closure}()
#14 C:/xampp/htdocs/hp/vendor/livewire/livewire/src/Features/SupportPageComponents/HandlesPageComponents.php(14): Livewire/Features/SupportPageComponents/SupportPageComponents::interceptTheRenderOfTheComponentAndRetreiveTheLayoutConfiguration(Object(Closure))
#15 C:/xampp/htdocs/hp/vendor/laravel/framework/src/Illuminate/Routing/ControllerDispatcher.php(47): Livewire/Component->__invoke()
#16 C:/xampp/htdocs/hp/vendor/laravel/framework/src/Illuminate/Routing/Route.php(266): Illuminate/Routing/ControllerDispatcher->dispatch(Object(Illuminate/Routing/Route), Object(App/Filament/Resources/PageResource/Pages/ListPages), '__invoke')
#17 C:/xampp/htdocs/hp/vendor/laravel/framework/src/Illuminate/Routing/Route.php(212): Illuminate/Routing/Route->runController()
#18 C:/xampp/htdocs/hp/vendor/laravel/framework/src/Illuminate/Routing/Router.php(808): Illuminate/Routing/Route->run()
#19 C:/xampp/htdocs/hp/vendor/laravel/framework/src/Illuminate/Pipeline/Pipeline.php(170): Illuminate/Routing/Router->Illuminate/Routing/{closure}(Object(Illuminate/Http/Request))
#20 C:/xampp/htdocs/hp/vendor/filament/filament/src/Http/Middleware/DispatchServingFilamentEvent.php(15): Illuminate/Pipeline/Pipeline->Illuminate/Pipeline/{closure}(Object(Illuminate/Http/Request))
#21 C:/xampp/htdocs/hp/vendor/laravel/framework/src/Illuminate/Pipeline/Pipeline.php(209): Filament/Http/Middleware/DispatchServingFilamentEvent->handle(Object(Illuminate/Http/Request), Object(Closure))
#22 C:/xampp/htdocs/hp/vendor/filament/filament/src/Http/Middleware/DisableBladeIconComponents.php(14): Illuminate/Pipeline/Pipeline->Illuminate/Pipeline/{closure}(Object(Illuminate/Http/Request))
#23 C:/xampp/htdocs/hp/vendor/laravel/framework/src/Illuminate/Pipeline/Pipeline.php(209): Filament/Http/Middleware/DisableBladeIconComponents->handle(Object(Illuminate/Http/Request), Object(Closure))
#24 C:/xampp/htdocs/hp/vendor/laravel/framework/src/Illuminate/Routing/Middleware/SubstituteBindings.php(51): Illuminate/Pipeline/Pipeline->Illuminate/Pipeline/{closure}(Object(Illuminate/Http/Request))
#25 C:/xampp/htdocs/hp/vendor/laravel/framework/src/Illuminate/Pipeline/Pipeline.php(209): Illuminate/Routing/Middleware/SubstituteBindings->handle(Object(Illuminate/Http/Request), Object(Closure))
#26 C:/xampp/htdocs/hp/vendor/laravel/framework/src/Illuminate/Foundation/Http/Middleware/VerifyCsrfToken.php(88): Illuminate/Pipeline/Pipeline->Illuminate/Pipeline/{closure}(Object(Illuminate/Http/Request))
#27 C:/xampp/htdocs/hp/vendor/laravel/framework/src/Illuminate/Pipeline/Pipeline.php(209): Illuminate/Foundation/Http/Middleware/VerifyCsrfToken->handle(Object(Illuminate/Http/Request), Object(Closure))
#28 C:/xampp/htdocs/hp/vendor/laravel/framework/src/Illuminate/Session/Middleware/AuthenticateSession.php(67): Illuminate/Pipeline/Pipeline->Illuminate/Pipeline/{closure}(Object(Illuminate/Http/Request))
#29 C:/xampp/htdocs/hp/vendor/laravel/framework/src/Illuminate/Pipeline/Pipeline.php(209): Illuminate/Session/Middleware/AuthenticateSession->handle(Object(Illuminate/Http/Request), Object(Closure))
#30 C:/xampp/htdocs/hp/vendor/laravel/framework/src/Illuminate/Auth/Middleware/Authenticate.php(64): Illuminate/Pipeline/Pipeline->Illuminate/Pipeline/{closure}(Object(Illuminate/Http/Request))
#31 C:/xampp/htdocs/hp/vendor/laravel/framework/src/Illuminate/Pipeline/Pipeline.php(209): Illuminate/Auth/Middleware/Authenticate->handle(Object(Illuminate/Http/Request), Object(Closure))
#32 C:/xampp/htdocs/hp/vendor/laravel/framework/src/Illuminate/View/Middleware/ShareErrorsFromSession.php(49): Illuminate/Pipeline/Pipeline->Illuminate/Pipeline/{closure}(Object(Illuminate/Http/Request))
#33 C:/xampp/htdocs/hp/vendor/laravel/framework/src/Illuminate/Pipeline/Pipeline.php(209): Illuminate/View/Middleware/ShareErrorsFromSession->handle(Object(Illuminate/Http/Request), Object(Closure))
#34 C:/xampp/htdocs/hp/vendor/laravel/framework/src/Illuminate/Session/Middleware/StartSession.php(121): Illuminate/Pipeline/Pipeline->Illuminate/Pipeline/{closure}(Object(Illuminate/Http/Request))
#35 C:/xampp/htdocs/hp/vendor/laravel/framework/src/Illuminate/Session/Middleware/StartSession.php(64): Illuminate/Session/Middleware/StartSession->handleStatefulRequest(Object(Illuminate/Http/Request), Object(Illuminate/Session/Store), Object(Closure))
#36 C:/xampp/htdocs/hp/vendor/laravel/framework/src/Illuminate/Pipeline/Pipeline.php(209): Illuminate/Session/Middleware/StartSession->handle(Object(Illuminate/Http/Request), Object(Closure))
#37 C:/xampp/htdocs/hp/vendor/laravel/framework/src/Illuminate/Cookie/Middleware/AddQueuedCookiesToResponse.php(37): Illuminate/Pipeline/Pipeline->Illuminate/Pipeline/{closure}(Object(Illuminate/Http/Request))
#38 C:/xampp/htdocs/hp/vendor/laravel/framework/src/Illuminate/Pipeline/Pipeline.php(209): Illuminate/Cookie/Middleware/AddQueuedCookiesToResponse->handle(Object(Illuminate/Http/Request), Object(Closure))
#39 C:/xampp/htdocs/hp/vendor/laravel/framework/src/Illuminate/Cookie/Middleware/EncryptCookies.php(75): Illuminate/Pipeline/Pipeline->Illuminate/Pipeline/{closure}(Object(Illuminate/Http/Request))
#40 C:/xampp/htdocs/hp/vendor/laravel/framework/src/Illuminate/Pipeline/Pipeline.php(209): Illuminate/Cookie/Middleware/EncryptCookies->handle(Object(Illuminate/Http/Request), Object(Closure))
#41 C:/xampp/htdocs/hp/vendor/filament/filament/src/Http/Middleware/SetUpPanel.php(19): Illuminate/Pipeline/Pipeline->Illuminate/Pipeline/{closure}(Object(Illuminate/Http/Request))
#42 C:/xampp/htdocs/hp/vendor/laravel/framework/src/Illuminate/Pipeline/Pipeline.php(209): Filament/Http/Middleware/SetUpPanel->handle(Object(Illuminate/Http/Request), Object(Closure), Object(Filament/Panel))
#43 C:/xampp/htdocs/hp/vendor/laravel/framework/src/Illuminate/Pipeline/Pipeline.php(127): Illuminate/Pipeline/Pipeline->Illuminate/Pipeline/{closure}(Object(Illuminate/Http/Request))
#44 C:/xampp/htdocs/hp/vendor/laravel/framework/src/Illuminate/Routing/Router.php(807): Illuminate/Pipeline/Pipeline->then(Object(Closure))
#45 C:/xampp/htdocs/hp/vendor/laravel/framework/src/Illuminate/Routing/Router.php(786): Illuminate/Routing/Router->runRouteWithinStack(Object(Illuminate/Routing/Route), Object(Illuminate/Http/Request))
#46 C:/xampp/htdocs/hp/vendor/laravel/framework/src/Illuminate/Routing/Router.php(750): Illuminate/Routing/Router->runRoute(Object(Illuminate/Http/Request), Object(Illuminate/Routing/Route))
#47 C:/xampp/htdocs/hp/vendor/laravel/framework/src/Illuminate/Routing/Router.php(739): Illuminate/Routing/Router->dispatchToRoute(Object(Illuminate/Http/Request))
#48 C:/xampp/htdocs/hp/vendor/laravel/framework/src/Illuminate/Foundation/Http/Kernel.php(201): Illuminate/Routing/Router->dispatch(Object(Illuminate/Http/Request))
#49 C:/xampp/htdocs/hp/vendor/laravel/framework/src/Illuminate/Pipeline/Pipeline.php(170): Illuminate/Foundation/Http/Kernel->Illuminate/Foundation/Http/{closure}(Object(Illuminate/Http/Request))
#50 C:/xampp/htdocs/hp/vendor/livewire/livewire/src/Features/SupportDisablingBackButtonCache/DisableBackButtonCacheMiddleware.php(19): Illuminate/Pipeline/Pipeline->Illuminate/Pipeline/{closure}(Object(Illuminate/Http/Request))
#51 C:/xampp/htdocs/hp/vendor/laravel/framework/src/Illuminate/Pipeline/Pipeline.php(209): Livewire/Features/SupportDisablingBackButtonCache/DisableBackButtonCacheMiddleware->handle(Object(Illuminate/Http/Request), Object(Closure))
#52 C:/xampp/htdocs/hp/vendor/laravel/framework/src/Illuminate/Foundation/Http/Middleware/TransformsRequest.php(21): Illuminate/Pipeline/Pipeline->Illuminate/Pipeline/{closure}(Object(Illuminate/Http/Request))
#53 C:/xampp/htdocs/hp/vendor/laravel/framework/src/Illuminate/Foundation/Http/Middleware/ConvertEmptyStringsToNull.php(31): Illuminate/Foundation/Http/Middleware/TransformsRequest->handle(Object(Illuminate/Http/Request), Object(Closure))
#54 C:/xampp/htdocs/hp/vendor/laravel/framework/src/Illuminate/Pipeline/Pipeline.php(209): Illuminate/Foundation/Http/Middleware/ConvertEmptyStringsToNull->handle(Object(Illuminate/Http/Request), Object(Closure))
#55 C:/xampp/htdocs/hp/vendor/laravel/framework/src/Illuminate/Foundation/Http/Middleware/TransformsRequest.php(21): Illuminate/Pipeline/Pipeline->Illuminate/Pipeline/{closure}(Object(Illuminate/Http/Request))
#56 C:/xampp/htdocs/hp/vendor/laravel/framework/src/Illuminate/Foundation/Http/Middleware/TrimStrings.php(51): Illuminate/Foundation/Http/Middleware/TransformsRequest->handle(Object(Illuminate/Http/Request), Object(Closure))
#57 C:/xampp/htdocs/hp/vendor/laravel/framework/src/Illuminate/Pipeline/Pipeline.php(209): Illuminate/Foundation/Http/Middleware/TrimStrings->handle(Object(Illuminate/Http/Request), Object(Closure))
#58 C:/xampp/htdocs/hp/vendor/laravel/framework/src/Illuminate/Http/Middleware/ValidatePostSize.php(27): Illuminate/Pipeline/Pipeline->Illuminate/Pipeline/{closure}(Object(Illuminate/Http/Request))
#59 C:/xampp/htdocs/hp/vendor/laravel/framework/src/Illuminate/Pipeline/Pipeline.php(209): Illuminate/Http/Middleware/ValidatePostSize->handle(Object(Illuminate/Http/Request), Object(Closure))
#60 C:/xampp/htdocs/hp/vendor/laravel/framework/src/Illuminate/Foundation/Http/Middleware/PreventRequestsDuringMaintenance.php(110): Illuminate/Pipeline/Pipeline->Illuminate/Pipeline/{closure}(Object(Illuminate/Http/Request))
#61 C:/xampp/htdocs/hp/vendor/laravel/framework/src/Illuminate/Pipeline/Pipeline.php(209): Illuminate/Foundation/Http/Middleware/PreventRequestsDuringMaintenance->handle(Object(Illuminate/Http/Request), Object(Closure))
#62 C:/xampp/htdocs/hp/vendor/laravel/framework/src/Illuminate/Http/Middleware/HandleCors.php(49): Illuminate/Pipeline/Pipeline->Illuminate/Pipeline/{closure}(Object(Illuminate/Http/Request))
#63 C:/xampp/htdocs/hp/vendor/laravel/framework/src/Illuminate/Pipeline/Pipeline.php(209): Illuminate/Http/Middleware/HandleCors->handle(Object(Illuminate/Http/Request), Object(Closure))
#64 C:/xampp/htdocs/hp/vendor/laravel/framework/src/Illuminate/Http/Middleware/TrustProxies.php(58): Illuminate/Pipeline/Pipeline->Illuminate/Pipeline/{closure}(Object(Illuminate/Http/Request))
#65 C:/xampp/htdocs/hp/vendor/laravel/framework/src/Illuminate/Pipeline/Pipeline.php(209): Illuminate/Http/Middleware/TrustProxies->handle(Object(Illuminate/Http/Request), Object(Closure))
#66 C:/xampp/htdocs/hp/vendor/laravel/framework/src/Illuminate/Foundation/Http/Middleware/InvokeDeferredCallbacks.php(22): Illuminate/Pipeline/Pipeline->Illuminate/Pipeline/{closure}(Object(Illuminate/Http/Request))
#67 C:/xampp/htdocs/hp/vendor/laravel/framework/src/Illuminate/Pipeline/Pipeline.php(209): Illuminate/Foundation/Http/Middleware/InvokeDeferredCallbacks->handle(Object(Illuminate/Http/Request), Object(Closure))
#68 C:/xampp/htdocs/hp/vendor/laravel/framework/src/Illuminate/Pipeline/Pipeline.php(127): Illuminate/Pipeline/Pipeline->Illuminate/Pipeline/{closure}(Object(Illuminate/Http/Request))
#69 C:/xampp/htdocs/hp/vendor/laravel/framework/src/Illuminate/Foundation/Http/Kernel.php(176): Illuminate/Pipeline/Pipeline->then(Object(Closure))
#70 C:/xampp/htdocs/hp/vendor/laravel/framework/src/Illuminate/Foundation/Http/Kernel.php(145): Illuminate/Foundation/Http/Kernel->sendRequestThroughRouter(Object(Illuminate/Http/Request))
#71 C:/xampp/htdocs/hp/vendor/laravel/framework/src/Illuminate/Foundation/Application.php(1220): Illuminate/Foundation/Http/Kernel->handle(Object(Illuminate/Http/Request))
#72 C:/xampp/htdocs/hp/public/index.php(17): Illuminate/Foundation/Application->handleRequest(Object(Illuminate/Http/Request))
#73 C:/xampp/htdocs/hp/vendor/laravel/framework/src/Illuminate/Foundation/resources/server.php(23): require_once('C://xampp//htdocs...')
#74 {main}

[previous exception] [object] (Illuminate\\View\\ViewException(code: 0): The \"intl\" PHP extension is required to use the [format] method. (View: C:\\xampp\\htdocs\\hp\\vendor\\filament\\tables\\resources\\views\\components\\selection\\indicator.blade.php) (View: C:\\xampp\\htdocs\\hp\\vendor\\filament\\tables\\resources\\views\\components\\selection\\indicator.blade.php) at C:/xampp/htdocs/hp/vendor/laravel/framework/src/Illuminate/Support/Number.php:385)
[stacktrace]
#0 C:/xampp/htdocs/hp/vendor/livewire/livewire/src/Mechanisms/ExtendBlade/ExtendedCompilerEngine.php(58): Illuminate/View/Engines/CompilerEngine->handleViewException(Object(Illuminate/View/ViewException), 3)
#1 C:/xampp/htdocs/hp/vendor/livewire/livewire/src/Mechanisms/ExtendBlade/ExtendedCompilerEngine.php(40): Livewire/Mechanisms/ExtendBlade/ExtendedCompilerEngine->handleViewException(Object(Illuminate/View/ViewException), 3)
#2 C:/xampp/htdocs/hp/vendor/laravel/framework/src/Illuminate/View/Engines/CompilerEngine.php(75): Livewire/Mechanisms/ExtendBlade/ExtendedCompilerEngine->evaluatePath('C://xampp//htdocs...', Array)
#3 C:/xampp/htdocs/hp/vendor/livewire/livewire/src/Mechanisms/ExtendBlade/ExtendedCompilerEngine.php(16): Illuminate/View/Engines/CompilerEngine->get('C://xampp//htdocs...', Array)
#4 C:/xampp/htdocs/hp/vendor/laravel/framework/src/Illuminate/View/View.php(209): Livewire/Mechanisms/ExtendBlade/ExtendedCompilerEngine->get('C://xampp//htdocs...', Array)
#5 C:/xampp/htdocs/hp/vendor/laravel/framework/src/Illuminate/View/View.php(192): Illuminate/View/View->getContents()
#6 C:/xampp/htdocs/hp/vendor/laravel/framework/src/Illuminate/View/View.php(161): Illuminate/View/View->renderContents()
#7 C:/xampp/htdocs/hp/vendor/filament/support/src/Components/ViewComponent.php(115): Illuminate/View/View->render()
#8 C:/xampp/htdocs/hp/vendor/laravel/framework/src/Illuminate/Support/helpers.php(134): Filament/Support/Components/ViewComponent->toHtml()
#9 C:/xampp/htdocs/hp/storage/framework/views/853058402355b8ac6aa7297050bc2a12.php(42): e(Object(Filament/Tables/Table))
#10 C:/xampp/htdocs/hp/vendor/livewire/livewire/src/Mechanisms/ExtendBlade/ExtendedCompilerEngine.php(37): include('C://xampp//htdocs...')
#11 C:/xampp/htdocs/hp/vendor/livewire/livewire/src/Mechanisms/ExtendBlade/ExtendedCompilerEngine.php(38): App/Filament/Resources/PageResource/Pages/ListPages->Livewire/Mechanisms/ExtendBlade/{closure}()
#12 C:/xampp/htdocs/hp/vendor/laravel/framework/src/Illuminate/View/Engines/CompilerEngine.php(75): Livewire/Mechanisms/ExtendBlade/ExtendedCompilerEngine->evaluatePath('C://xampp//htdocs...', Array)
#13 C:/xampp/htdocs/hp/vendor/livewire/livewire/src/Mechanisms/ExtendBlade/ExtendedCompilerEngine.php(16): Illuminate/View/Engines/CompilerEngine->get('C://xampp//htdocs...', Array)
#14 C:/xampp/htdocs/hp/vendor/laravel/framework/src/Illuminate/View/View.php(209): Livewire/Mechanisms/ExtendBlade/ExtendedCompilerEngine->get('C://xampp//htdocs...', Array)
#15 C:/xampp/htdocs/hp/vendor/laravel/framework/src/Illuminate/View/View.php(192): Illuminate/View/View->getContents()
#16 C:/xampp/htdocs/hp/vendor/laravel/framework/src/Illuminate/View/View.php(161): Illuminate/View/View->renderContents()
#17 C:/xampp/htdocs/hp/vendor/livewire/livewire/src/Mechanisms/HandleComponents/HandleComponents.php(288): Illuminate/View/View->render(Object(Closure))
#18 C:/xampp/htdocs/hp/vendor/livewire/livewire/src/Mechanisms/HandleComponents/HandleComponents.php(332): Livewire/Mechanisms/HandleComponents/HandleComponents->Livewire/Mechanisms/HandleComponents/{closure}()
#19 C:/xampp/htdocs/hp/vendor/livewire/livewire/src/Mechanisms/HandleComponents/HandleComponents.php(280): Livewire/Mechanisms/HandleComponents/HandleComponents->trackInRenderStack(Object(App/Filament/Resources/PageResource/Pages/ListPages), Object(Closure))
#20 C:/xampp/htdocs/hp/vendor/livewire/livewire/src/Mechanisms/HandleComponents/HandleComponents.php(54): Livewire/Mechanisms/HandleComponents/HandleComponents->render(Object(App/Filament/Resources/PageResource/Pages/ListPages), '<div></div>')
#21 C:/xampp/htdocs/hp/vendor/livewire/livewire/src/LivewireManager.php(73): Livewire/Mechanisms/HandleComponents/HandleComponents->mount('App//Filament//Re...', Array, NULL)
#22 C:/xampp/htdocs/hp/vendor/livewire/livewire/src/Features/SupportPageComponents/HandlesPageComponents.php(17): Livewire/LivewireManager->mount('App//Filament//Re...', Array)
#23 C:/xampp/htdocs/hp/vendor/livewire/livewire/src/Features/SupportPageComponents/SupportPageComponents.php(117): Livewire/Component->Livewire/Features/SupportPageComponents/{closure}()
#24 C:/xampp/htdocs/hp/vendor/livewire/livewire/src/Features/SupportPageComponents/HandlesPageComponents.php(14): Livewire/Features/SupportPageComponents/SupportPageComponents::interceptTheRenderOfTheComponentAndRetreiveTheLayoutConfiguration(Object(Closure))
#25 C:/xampp/htdocs/hp/vendor/laravel/framework/src/Illuminate/Routing/ControllerDispatcher.php(47): Livewire/Component->__invoke()
#26 C:/xampp/htdocs/hp/vendor/laravel/framework/src/Illuminate/Routing/Route.php(266): Illuminate/Routing/ControllerDispatcher->dispatch(Object(Illuminate/Routing/Route), Object(App/Filament/Resources/PageResource/Pages/ListPages), '__invoke')
#27 C:/xampp/htdocs/hp/vendor/laravel/framework/src/Illuminate/Routing/Route.php(212): Illuminate/Routing/Route->runController()
#28 C:/xampp/htdocs/hp/vendor/laravel/framework/src/Illuminate/Routing/Router.php(808): Illuminate/Routing/Route->run()
#29 C:/xampp/htdocs/hp/vendor/laravel/framework/src/Illuminate/Pipeline/Pipeline.php(170): Illuminate/Routing/Router->Illuminate/Routing/{closure}(Object(Illuminate/Http/Request))
#30 C:/xampp/htdocs/hp/vendor/filament/filament/src/Http/Middleware/DispatchServingFilamentEvent.php(15): Illuminate/Pipeline/Pipeline->Illuminate/Pipeline/{closure}(Object(Illuminate/Http/Request))
#31 C:/xampp/htdocs/hp/vendor/laravel/framework/src/Illuminate/Pipeline/Pipeline.php(209): Filament/Http/Middleware/DispatchServingFilamentEvent->handle(Object(Illuminate/Http/Request), Object(Closure))
#32 C:/xampp/htdocs/hp/vendor/filament/filament/src/Http/Middleware/DisableBladeIconComponents.php(14): Illuminate/Pipeline/Pipeline->Illuminate/Pipeline/{closure}(Object(Illuminate/Http/Request))
#33 C:/xampp/htdocs/hp/vendor/laravel/framework/src/Illuminate/Pipeline/Pipeline.php(209): Filament/Http/Middleware/DisableBladeIconComponents->handle(Object(Illuminate/Http/Request), Object(Closure))
#34 C:/xampp/htdocs/hp/vendor/laravel/framework/src/Illuminate/Routing/Middleware/SubstituteBindings.php(51): Illuminate/Pipeline/Pipeline->Illuminate/Pipeline/{closure}(Object(Illuminate/Http/Request))
#35 C:/xampp/htdocs/hp/vendor/laravel/framework/src/Illuminate/Pipeline/Pipeline.php(209): Illuminate/Routing/Middleware/SubstituteBindings->handle(Object(Illuminate/Http/Request), Object(Closure))
#36 C:/xampp/htdocs/hp/vendor/laravel/framework/src/Illuminate/Foundation/Http/Middleware/VerifyCsrfToken.php(88): Illuminate/Pipeline/Pipeline->Illuminate/Pipeline/{closure}(Object(Illuminate/Http/Request))
#37 C:/xampp/htdocs/hp/vendor/laravel/framework/src/Illuminate/Pipeline/Pipeline.php(209): Illuminate/Foundation/Http/Middleware/VerifyCsrfToken->handle(Object(Illuminate/Http/Request), Object(Closure))
#38 C:/xampp/htdocs/hp/vendor/laravel/framework/src/Illuminate/Session/Middleware/AuthenticateSession.php(67): Illuminate/Pipeline/Pipeline->Illuminate/Pipeline/{closure}(Object(Illuminate/Http/Request))
#39 C:/xampp/htdocs/hp/vendor/laravel/framework/src/Illuminate/Pipeline/Pipeline.php(209): Illuminate/Session/Middleware/AuthenticateSession->handle(Object(Illuminate/Http/Request), Object(Closure))
#40 C:/xampp/htdocs/hp/vendor/laravel/framework/src/Illuminate/Auth/Middleware/Authenticate.php(64): Illuminate/Pipeline/Pipeline->Illuminate/Pipeline/{closure}(Object(Illuminate/Http/Request))
#41 C:/xampp/htdocs/hp/vendor/laravel/framework/src/Illuminate/Pipeline/Pipeline.php(209): Illuminate/Auth/Middleware/Authenticate->handle(Object(Illuminate/Http/Request), Object(Closure))
#42 C:/xampp/htdocs/hp/vendor/laravel/framework/src/Illuminate/View/Middleware/ShareErrorsFromSession.php(49): Illuminate/Pipeline/Pipeline->Illuminate/Pipeline/{closure}(Object(Illuminate/Http/Request))
#43 C:/xampp/htdocs/hp/vendor/laravel/framework/src/Illuminate/Pipeline/Pipeline.php(209): Illuminate/View/Middleware/ShareErrorsFromSession->handle(Object(Illuminate/Http/Request), Object(Closure))
#44 C:/xampp/htdocs/hp/vendor/laravel/framework/src/Illuminate/Session/Middleware/StartSession.php(121): Illuminate/Pipeline/Pipeline->Illuminate/Pipeline/{closure}(Object(Illuminate/Http/Request))
#45 C:/xampp/htdocs/hp/vendor/laravel/framework/src/Illuminate/Session/Middleware/StartSession.php(64): Illuminate/Session/Middleware/StartSession->handleStatefulRequest(Object(Illuminate/Http/Request), Object(Illuminate/Session/Store), Object(Closure))
#46 C:/xampp/htdocs/hp/vendor/laravel/framework/src/Illuminate/Pipeline/Pipeline.php(209): Illuminate/Session/Middleware/StartSession->handle(Object(Illuminate/Http/Request), Object(Closure))
#47 C:/xampp/htdocs/hp/vendor/laravel/framework/src/Illuminate/Cookie/Middleware/AddQueuedCookiesToResponse.php(37): Illuminate/Pipeline/Pipeline->Illuminate/Pipeline/{closure}(Object(Illuminate/Http/Request))
#48 C:/xampp/htdocs/hp/vendor/laravel/framework/src/Illuminate/Pipeline/Pipeline.php(209): Illuminate/Cookie/Middleware/AddQueuedCookiesToResponse->handle(Object(Illuminate/Http/Request), Object(Closure))
#49 C:/xampp/htdocs/hp/vendor/laravel/framework/src/Illuminate/Cookie/Middleware/EncryptCookies.php(75): Illuminate/Pipeline/Pipeline->Illuminate/Pipeline/{closure}(Object(Illuminate/Http/Request))
#50 C:/xampp/htdocs/hp/vendor/laravel/framework/src/Illuminate/Pipeline/Pipeline.php(209): Illuminate/Cookie/Middleware/EncryptCookies->handle(Object(Illuminate/Http/Request), Object(Closure))
#51 C:/xampp/htdocs/hp/vendor/filament/filament/src/Http/Middleware/SetUpPanel.php(19): Illuminate/Pipeline/Pipeline->Illuminate/Pipeline/{closure}(Object(Illuminate/Http/Request))
#52 C:/xampp/htdocs/hp/vendor/laravel/framework/src/Illuminate/Pipeline/Pipeline.php(209): Filament/Http/Middleware/SetUpPanel->handle(Object(Illuminate/Http/Request), Object(Closure), Object(Filament/Panel))
#53 C:/xampp/htdocs/hp/vendor/laravel/framework/src/Illuminate/Pipeline/Pipeline.php(127): Illuminate/Pipeline/Pipeline->Illuminate/Pipeline/{closure}(Object(Illuminate/Http/Request))
#54 C:/xampp/htdocs/hp/vendor/laravel/framework/src/Illuminate/Routing/Router.php(807): Illuminate/Pipeline/Pipeline->then(Object(Closure))
#55 C:/xampp/htdocs/hp/vendor/laravel/framework/src/Illuminate/Routing/Router.php(786): Illuminate/Routing/Router->runRouteWithinStack(Object(Illuminate/Routing/Route), Object(Illuminate/Http/Request))
#56 C:/xampp/htdocs/hp/vendor/laravel/framework/src/Illuminate/Routing/Router.php(750): Illuminate/Routing/Router->runRoute(Object(Illuminate/Http/Request), Object(Illuminate/Routing/Route))
#57 C:/xampp/htdocs/hp/vendor/laravel/framework/src/Illuminate/Routing/Router.php(739): Illuminate/Routing/Router->dispatchToRoute(Object(Illuminate/Http/Request))
#58 C:/xampp/htdocs/hp/vendor/laravel/framework/src/Illuminate/Foundation/Http/Kernel.php(201): Illuminate/Routing/Router->dispatch(Object(Illuminate/Http/Request))
#59 C:/xampp/htdocs/hp/vendor/laravel/framework/src/Illuminate/Pipeline/Pipeline.php(170): Illuminate/Foundation/Http/Kernel->Illuminate/Foundation/Http/{closure}(Object(Illuminate/Http/Request))
#60 C:/xampp/htdocs/hp/vendor/livewire/livewire/src/Features/SupportDisablingBackButtonCache/DisableBackButtonCacheMiddleware.php(19): Illuminate/Pipeline/Pipeline->Illuminate/Pipeline/{closure}(Object(Illuminate/Http/Request))
#61 C:/xampp/htdocs/hp/vendor/laravel/framework/src/Illuminate/Pipeline/Pipeline.php(209): Livewire/Features/SupportDisablingBackButtonCache/DisableBackButtonCacheMiddleware->handle(Object(Illuminate/Http/Request), Object(Closure))
#62 C:/xampp/htdocs/hp/vendor/laravel/framework/src/Illuminate/Foundation/Http/Middleware/TransformsRequest.php(21): Illuminate/Pipeline/Pipeline->Illuminate/Pipeline/{closure}(Object(Illuminate/Http/Request))
#63 C:/xampp/htdocs/hp/vendor/laravel/framework/src/Illuminate/Foundation/Http/Middleware/ConvertEmptyStringsToNull.php(31): Illuminate/Foundation/Http/Middleware/TransformsRequest->handle(Object(Illuminate/Http/Request), Object(Closure))
#64 C:/xampp/htdocs/hp/vendor/laravel/framework/src/Illuminate/Pipeline/Pipeline.php(209): Illuminate/Foundation/Http/Middleware/ConvertEmptyStringsToNull->handle(Object(Illuminate/Http/Request), Object(Closure))
#65 C:/xampp/htdocs/hp/vendor/laravel/framework/src/Illuminate/Foundation/Http/Middleware/TransformsRequest.php(21): Illuminate/Pipeline/Pipeline->Illuminate/Pipeline/{closure}(Object(Illuminate/Http/Request))
#66 C:/xampp/htdocs/hp/vendor/laravel/framework/src/Illuminate/Foundation/Http/Middleware/TrimStrings.php(51): Illuminate/Foundation/Http/Middleware/TransformsRequest->handle(Object(Illuminate/Http/Request), Object(Closure))
#67 C:/xampp/htdocs/hp/vendor/laravel/framework/src/Illuminate/Pipeline/Pipeline.php(209): Illuminate/Foundation/Http/Middleware/TrimStrings->handle(Object(Illuminate/Http/Request), Object(Closure))
#68 C:/xampp/htdocs/hp/vendor/laravel/framework/src/Illuminate/Http/Middleware/ValidatePostSize.php(27): Illuminate/Pipeline/Pipeline->Illuminate/Pipeline/{closure}(Object(Illuminate/Http/Request))
#69 C:/xampp/htdocs/hp/vendor/laravel/framework/src/Illuminate/Pipeline/Pipeline.php(209): Illuminate/Http/Middleware/ValidatePostSize->handle(Object(Illuminate/Http/Request), Object(Closure))
#70 C:/xampp/htdocs/hp/vendor/laravel/framework/src/Illuminate/Foundation/Http/Middleware/PreventRequestsDuringMaintenance.php(110): Illuminate/Pipeline/Pipeline->Illuminate/Pipeline/{closure}(Object(Illuminate/Http/Request))
#71 C:/xampp/htdocs/hp/vendor/laravel/framework/src/Illuminate/Pipeline/Pipeline.php(209): Illuminate/Foundation/Http/Middleware/PreventRequestsDuringMaintenance->handle(Object(Illuminate/Http/Request), Object(Closure))
#72 C:/xampp/htdocs/hp/vendor/laravel/framework/src/Illuminate/Http/Middleware/HandleCors.php(49): Illuminate/Pipeline/Pipeline->Illuminate/Pipeline/{closure}(Object(Illuminate/Http/Request))
#73 C:/xampp/htdocs/hp/vendor/laravel/framework/src/Illuminate/Pipeline/Pipeline.php(209): Illuminate/Http/Middleware/HandleCors->handle(Object(Illuminate/Http/Request), Object(Closure))
#74 C:/xampp/htdocs/hp/vendor/laravel/framework/src/Illuminate/Http/Middleware/TrustProxies.php(58): Illuminate/Pipeline/Pipeline->Illuminate/Pipeline/{closure}(Object(Illuminate/Http/Request))
#75 C:/xampp/htdocs/hp/vendor/laravel/framework/src/Illuminate/Pipeline/Pipeline.php(209): Illuminate/Http/Middleware/TrustProxies->handle(Object(Illuminate/Http/Request), Object(Closure))
#76 C:/xampp/htdocs/hp/vendor/laravel/framework/src/Illuminate/Foundation/Http/Middleware/InvokeDeferredCallbacks.php(22): Illuminate/Pipeline/Pipeline->Illuminate/Pipeline/{closure}(Object(Illuminate/Http/Request))
#77 C:/xampp/htdocs/hp/vendor/laravel/framework/src/Illuminate/Pipeline/Pipeline.php(209): Illuminate/Foundation/Http/Middleware/InvokeDeferredCallbacks->handle(Object(Illuminate/Http/Request), Object(Closure))
#78 C:/xampp/htdocs/hp/vendor/laravel/framework/src/Illuminate/Pipeline/Pipeline.php(127): Illuminate/Pipeline/Pipeline->Illuminate/Pipeline/{closure}(Object(Illuminate/Http/Request))
#79 C:/xampp/htdocs/hp/vendor/laravel/framework/src/Illuminate/Foundation/Http/Kernel.php(176): Illuminate/Pipeline/Pipeline->then(Object(Closure))
#80 C:/xampp/htdocs/hp/vendor/laravel/framework/src/Illuminate/Foundation/Http/Kernel.php(145): Illuminate/Foundation/Http/Kernel->sendRequestThroughRouter(Object(Illuminate/Http/Request))
#81 C:/xampp/htdocs/hp/vendor/laravel/framework/src/Illuminate/Foundation/Application.php(1220): Illuminate/Foundation/Http/Kernel->handle(Object(Illuminate/Http/Request))
#82 C:/xampp/htdocs/hp/public/index.php(17): Illuminate/Foundation/Application->handleRequest(Object(Illuminate/Http/Request))
#83 C:/xampp/htdocs/hp/vendor/laravel/framework/src/Illuminate/Foundation/resources/server.php(23): require_once('C://xampp//htdocs...')
#84 {main}

[previous exception] [object] (Illuminate\\View\\ViewException(code: 0): The \"intl\" PHP extension is required to use the [format] method. (View: C:\\xampp\\htdocs\\hp\\vendor\\filament\\tables\\resources\\views\\components\\selection\\indicator.blade.php) at C:/xampp/htdocs/hp/vendor/laravel/framework/src/Illuminate/Support/Number.php:385)
[stacktrace]
#0 C:/xampp/htdocs/hp/vendor/livewire/livewire/src/Mechanisms/ExtendBlade/ExtendedCompilerEngine.php(58): Illuminate/View/Engines/CompilerEngine->handleViewException(Object(RuntimeException), 5)
#1 C:/xampp/htdocs/hp/vendor/livewire/livewire/src/Mechanisms/ExtendBlade/ExtendedCompilerEngine.php(40): Livewire/Mechanisms/ExtendBlade/ExtendedCompilerEngine->handleViewException(Object(RuntimeException), 5)
#2 C:/xampp/htdocs/hp/vendor/laravel/framework/src/Illuminate/View/Engines/CompilerEngine.php(75): Livewire/Mechanisms/ExtendBlade/ExtendedCompilerEngine->evaluatePath('C://xampp//htdocs...', Array)
#3 C:/xampp/htdocs/hp/vendor/livewire/livewire/src/Mechanisms/ExtendBlade/ExtendedCompilerEngine.php(16): Illuminate/View/Engines/CompilerEngine->get('C://xampp//htdocs...', Array)
#4 C:/xampp/htdocs/hp/vendor/laravel/framework/src/Illuminate/View/View.php(209): Livewire/Mechanisms/ExtendBlade/ExtendedCompilerEngine->get('C://xampp//htdocs...', Array)
#5 C:/xampp/htdocs/hp/vendor/laravel/framework/src/Illuminate/View/View.php(192): Illuminate/View/View->getContents()
#6 C:/xampp/htdocs/hp/vendor/laravel/framework/src/Illuminate/View/View.php(161): Illuminate/View/View->renderContents()
#7 C:/xampp/htdocs/hp/vendor/laravel/framework/src/Illuminate/View/Concerns/ManagesComponents.php(103): Illuminate/View/View->render()
#8 C:/xampp/htdocs/hp/storage/framework/views/6477c3f58b3f6bca4ff1555fac23c21c.php(422): Illuminate/View/Factory->renderComponent()
#9 C:/xampp/htdocs/hp/vendor/livewire/livewire/src/Mechanisms/ExtendBlade/ExtendedCompilerEngine.php(37): include('C://xampp//htdocs...')
#10 C:/xampp/htdocs/hp/vendor/livewire/livewire/src/Mechanisms/ExtendBlade/ExtendedCompilerEngine.php(38): App/Filament/Resources/PageResource/Pages/ListPages->Livewire/Mechanisms/ExtendBlade/{closure}()
#11 C:/xampp/htdocs/hp/vendor/laravel/framework/src/Illuminate/View/Engines/CompilerEngine.php(75): Livewire/Mechanisms/ExtendBlade/ExtendedCompilerEngine->evaluatePath('C://xampp//htdocs...', Array)
#12 C:/xampp/htdocs/hp/vendor/livewire/livewire/src/Mechanisms/ExtendBlade/ExtendedCompilerEngine.php(16): Illuminate/View/Engines/CompilerEngine->get('C://xampp//htdocs...', Array)
#13 C:/xampp/htdocs/hp/vendor/laravel/framework/src/Illuminate/View/View.php(209): Livewire/Mechanisms/ExtendBlade/ExtendedCompilerEngine->get('C://xampp//htdocs...', Array)
#14 C:/xampp/htdocs/hp/vendor/laravel/framework/src/Illuminate/View/View.php(192): Illuminate/View/View->getContents()
#15 C:/xampp/htdocs/hp/vendor/laravel/framework/src/Illuminate/View/View.php(161): Illuminate/View/View->renderContents()
#16 C:/xampp/htdocs/hp/vendor/filament/support/src/Components/ViewComponent.php(115): Illuminate/View/View->render()
#17 C:/xampp/htdocs/hp/vendor/laravel/framework/src/Illuminate/Support/helpers.php(134): Filament/Support/Components/ViewComponent->toHtml()
#18 C:/xampp/htdocs/hp/storage/framework/views/853058402355b8ac6aa7297050bc2a12.php(42): e(Object(Filament/Tables/Table))
#19 C:/xampp/htdocs/hp/vendor/livewire/livewire/src/Mechanisms/ExtendBlade/ExtendedCompilerEngine.php(37): include('C://xampp//htdocs...')
#20 C:/xampp/htdocs/hp/vendor/livewire/livewire/src/Mechanisms/ExtendBlade/ExtendedCompilerEngine.php(38): App/Filament/Resources/PageResource/Pages/ListPages->Livewire/Mechanisms/ExtendBlade/{closure}()
#21 C:/xampp/htdocs/hp/vendor/laravel/framework/src/Illuminate/View/Engines/CompilerEngine.php(75): Livewire/Mechanisms/ExtendBlade/ExtendedCompilerEngine->evaluatePath('C://xampp//htdocs...', Array)
#22 C:/xampp/htdocs/hp/vendor/livewire/livewire/src/Mechanisms/ExtendBlade/ExtendedCompilerEngine.php(16): Illuminate/View/Engines/CompilerEngine->get('C://xampp//htdocs...', Array)
#23 C:/xampp/htdocs/hp/vendor/laravel/framework/src/Illuminate/View/View.php(209): Livewire/Mechanisms/ExtendBlade/ExtendedCompilerEngine->get('C://xampp//htdocs...', Array)
#24 C:/xampp/htdocs/hp/vendor/laravel/framework/src/Illuminate/View/View.php(192): Illuminate/View/View->getContents()
#25 C:/xampp/htdocs/hp/vendor/laravel/framework/src/Illuminate/View/View.php(161): Illuminate/View/View->renderContents()
#26 C:/xampp/htdocs/hp/vendor/livewire/livewire/src/Mechanisms/HandleComponents/HandleComponents.php(288): Illuminate/View/View->render(Object(Closure))
#27 C:/xampp/htdocs/hp/vendor/livewire/livewire/src/Mechanisms/HandleComponents/HandleComponents.php(332): Livewire/Mechanisms/HandleComponents/HandleComponents->Livewire/Mechanisms/HandleComponents/{closure}()
#28 C:/xampp/htdocs/hp/vendor/livewire/livewire/src/Mechanisms/HandleComponents/HandleComponents.php(280): Livewire/Mechanisms/HandleComponents/HandleComponents->trackInRenderStack(Object(App/Filament/Resources/PageResource/Pages/ListPages), Object(Closure))
#29 C:/xampp/htdocs/hp/vendor/livewire/livewire/src/Mechanisms/HandleComponents/HandleComponents.php(54): Livewire/Mechanisms/HandleComponents/HandleComponents->render(Object(App/Filament/Resources/PageResource/Pages/ListPages), '<div></div>')
#30 C:/xampp/htdocs/hp/vendor/livewire/livewire/src/LivewireManager.php(73): Livewire/Mechanisms/HandleComponents/HandleComponents->mount('App//Filament//Re...', Array, NULL)
#31 C:/xampp/htdocs/hp/vendor/livewire/livewire/src/Features/SupportPageComponents/HandlesPageComponents.php(17): Livewire/LivewireManager->mount('App//Filament//Re...', Array)
#32 C:/xampp/htdocs/hp/vendor/livewire/livewire/src/Features/SupportPageComponents/SupportPageComponents.php(117): Livewire/Component->Livewire/Features/SupportPageComponents/{closure}()
#33 C:/xampp/htdocs/hp/vendor/livewire/livewire/src/Features/SupportPageComponents/HandlesPageComponents.php(14): Livewire/Features/SupportPageComponents/SupportPageComponents::interceptTheRenderOfTheComponentAndRetreiveTheLayoutConfiguration(Object(Closure))
#34 C:/xampp/htdocs/hp/vendor/laravel/framework/src/Illuminate/Routing/ControllerDispatcher.php(47): Livewire/Component->__invoke()
#35 C:/xampp/htdocs/hp/vendor/laravel/framework/src/Illuminate/Routing/Route.php(266): Illuminate/Routing/ControllerDispatcher->dispatch(Object(Illuminate/Routing/Route), Object(App/Filament/Resources/PageResource/Pages/ListPages), '__invoke')
#36 C:/xampp/htdocs/hp/vendor/laravel/framework/src/Illuminate/Routing/Route.php(212): Illuminate/Routing/Route->runController()
#37 C:/xampp/htdocs/hp/vendor/laravel/framework/src/Illuminate/Routing/Router.php(808): Illuminate/Routing/Route->run()
#38 C:/xampp/htdocs/hp/vendor/laravel/framework/src/Illuminate/Pipeline/Pipeline.php(170): Illuminate/Routing/Router->Illuminate/Routing/{closure}(Object(Illuminate/Http/Request))
#39 C:/xampp/htdocs/hp/vendor/filament/filament/src/Http/Middleware/DispatchServingFilamentEvent.php(15): Illuminate/Pipeline/Pipeline->Illuminate/Pipeline/{closure}(Object(Illuminate/Http/Request))
#40 C:/xampp/htdocs/hp/vendor/laravel/framework/src/Illuminate/Pipeline/Pipeline.php(209): Filament/Http/Middleware/DispatchServingFilamentEvent->handle(Object(Illuminate/Http/Request), Object(Closure))
#41 C:/xampp/htdocs/hp/vendor/filament/filament/src/Http/Middleware/DisableBladeIconComponents.php(14): Illuminate/Pipeline/Pipeline->Illuminate/Pipeline/{closure}(Object(Illuminate/Http/Request))
#42 C:/xampp/htdocs/hp/vendor/laravel/framework/src/Illuminate/Pipeline/Pipeline.php(209): Filament/Http/Middleware/DisableBladeIconComponents->handle(Object(Illuminate/Http/Request), Object(Closure))
#43 C:/xampp/htdocs/hp/vendor/laravel/framework/src/Illuminate/Routing/Middleware/SubstituteBindings.php(51): Illuminate/Pipeline/Pipeline->Illuminate/Pipeline/{closure}(Object(Illuminate/Http/Request))
#44 C:/xampp/htdocs/hp/vendor/laravel/framework/src/Illuminate/Pipeline/Pipeline.php(209): Illuminate/Routing/Middleware/SubstituteBindings->handle(Object(Illuminate/Http/Request), Object(Closure))
#45 C:/xampp/htdocs/hp/vendor/laravel/framework/src/Illuminate/Foundation/Http/Middleware/VerifyCsrfToken.php(88): Illuminate/Pipeline/Pipeline->Illuminate/Pipeline/{closure}(Object(Illuminate/Http/Request))
#46 C:/xampp/htdocs/hp/vendor/laravel/framework/src/Illuminate/Pipeline/Pipeline.php(209): Illuminate/Foundation/Http/Middleware/VerifyCsrfToken->handle(Object(Illuminate/Http/Request), Object(Closure))
#47 C:/xampp/htdocs/hp/vendor/laravel/framework/src/Illuminate/Session/Middleware/AuthenticateSession.php(67): Illuminate/Pipeline/Pipeline->Illuminate/Pipeline/{closure}(Object(Illuminate/Http/Request))
#48 C:/xampp/htdocs/hp/vendor/laravel/framework/src/Illuminate/Pipeline/Pipeline.php(209): Illuminate/Session/Middleware/AuthenticateSession->handle(Object(Illuminate/Http/Request), Object(Closure))
#49 C:/xampp/htdocs/hp/vendor/laravel/framework/src/Illuminate/Auth/Middleware/Authenticate.php(64): Illuminate/Pipeline/Pipeline->Illuminate/Pipeline/{closure}(Object(Illuminate/Http/Request))
#50 C:/xampp/htdocs/hp/vendor/laravel/framework/src/Illuminate/Pipeline/Pipeline.php(209): Illuminate/Auth/Middleware/Authenticate->handle(Object(Illuminate/Http/Request), Object(Closure))
#51 C:/xampp/htdocs/hp/vendor/laravel/framework/src/Illuminate/View/Middleware/ShareErrorsFromSession.php(49): Illuminate/Pipeline/Pipeline->Illuminate/Pipeline/{closure}(Object(Illuminate/Http/Request))
#52 C:/xampp/htdocs/hp/vendor/laravel/framework/src/Illuminate/Pipeline/Pipeline.php(209): Illuminate/View/Middleware/ShareErrorsFromSession->handle(Object(Illuminate/Http/Request), Object(Closure))
#53 C:/xampp/htdocs/hp/vendor/laravel/framework/src/Illuminate/Session/Middleware/StartSession.php(121): Illuminate/Pipeline/Pipeline->Illuminate/Pipeline/{closure}(Object(Illuminate/Http/Request))
#54 C:/xampp/htdocs/hp/vendor/laravel/framework/src/Illuminate/Session/Middleware/StartSession.php(64): Illuminate/Session/Middleware/StartSession->handleStatefulRequest(Object(Illuminate/Http/Request), Object(Illuminate/Session/Store), Object(Closure))
#55 C:/xampp/htdocs/hp/vendor/laravel/framework/src/Illuminate/Pipeline/Pipeline.php(209): Illuminate/Session/Middleware/StartSession->handle(Object(Illuminate/Http/Request), Object(Closure))
#56 C:/xampp/htdocs/hp/vendor/laravel/framework/src/Illuminate/Cookie/Middleware/AddQueuedCookiesToResponse.php(37): Illuminate/Pipeline/Pipeline->Illuminate/Pipeline/{closure}(Object(Illuminate/Http/Request))
#57 C:/xampp/htdocs/hp/vendor/laravel/framework/src/Illuminate/Pipeline/Pipeline.php(209): Illuminate/Cookie/Middleware/AddQueuedCookiesToResponse->handle(Object(Illuminate/Http/Request), Object(Closure))
#58 C:/xampp/htdocs/hp/vendor/laravel/framework/src/Illuminate/Cookie/Middleware/EncryptCookies.php(75): Illuminate/Pipeline/Pipeline->Illuminate/Pipeline/{closure}(Object(Illuminate/Http/Request))
#59 C:/xampp/htdocs/hp/vendor/laravel/framework/src/Illuminate/Pipeline/Pipeline.php(209): Illuminate/Cookie/Middleware/EncryptCookies->handle(Object(Illuminate/Http/Request), Object(Closure))
#60 C:/xampp/htdocs/hp/vendor/filament/filament/src/Http/Middleware/SetUpPanel.php(19): Illuminate/Pipeline/Pipeline->Illuminate/Pipeline/{closure}(Object(Illuminate/Http/Request))
#61 C:/xampp/htdocs/hp/vendor/laravel/framework/src/Illuminate/Pipeline/Pipeline.php(209): Filament/Http/Middleware/SetUpPanel->handle(Object(Illuminate/Http/Request), Object(Closure), Object(Filament/Panel))
#62 C:/xampp/htdocs/hp/vendor/laravel/framework/src/Illuminate/Pipeline/Pipeline.php(127): Illuminate/Pipeline/Pipeline->Illuminate/Pipeline/{closure}(Object(Illuminate/Http/Request))
#63 C:/xampp/htdocs/hp/vendor/laravel/framework/src/Illuminate/Routing/Router.php(807): Illuminate/Pipeline/Pipeline->then(Object(Closure))
#64 C:/xampp/htdocs/hp/vendor/laravel/framework/src/Illuminate/Routing/Router.php(786): Illuminate/Routing/Router->runRouteWithinStack(Object(Illuminate/Routing/Route), Object(Illuminate/Http/Request))
#65 C:/xampp/htdocs/hp/vendor/laravel/framework/src/Illuminate/Routing/Router.php(750): Illuminate/Routing/Router->runRoute(Object(Illuminate/Http/Request), Object(Illuminate/Routing/Route))
#66 C:/xampp/htdocs/hp/vendor/laravel/framework/src/Illuminate/Routing/Router.php(739): Illuminate/Routing/Router->dispatchToRoute(Object(Illuminate/Http/Request))
#67 C:/xampp/htdocs/hp/vendor/laravel/framework/src/Illuminate/Foundation/Http/Kernel.php(201): Illuminate/Routing/Router->dispatch(Object(Illuminate/Http/Request))
#68 C:/xampp/htdocs/hp/vendor/laravel/framework/src/Illuminate/Pipeline/Pipeline.php(170): Illuminate/Foundation/Http/Kernel->Illuminate/Foundation/Http/{closure}(Object(Illuminate/Http/Request))
#69 C:/xampp/htdocs/hp/vendor/livewire/livewire/src/Features/SupportDisablingBackButtonCache/DisableBackButtonCacheMiddleware.php(19): Illuminate/Pipeline/Pipeline->Illuminate/Pipeline/{closure}(Object(Illuminate/Http/Request))
#70 C:/xampp/htdocs/hp/vendor/laravel/framework/src/Illuminate/Pipeline/Pipeline.php(209): Livewire/Features/SupportDisablingBackButtonCache/DisableBackButtonCacheMiddleware->handle(Object(Illuminate/Http/Request), Object(Closure))
#71 C:/xampp/htdocs/hp/vendor/laravel/framework/src/Illuminate/Foundation/Http/Middleware/TransformsRequest.php(21): Illuminate/Pipeline/Pipeline->Illuminate/Pipeline/{closure}(Object(Illuminate/Http/Request))
#72 C:/xampp/htdocs/hp/vendor/laravel/framework/src/Illuminate/Foundation/Http/Middleware/ConvertEmptyStringsToNull.php(31): Illuminate/Foundation/Http/Middleware/TransformsRequest->handle(Object(Illuminate/Http/Request), Object(Closure))
#73 C:/xampp/htdocs/hp/vendor/laravel/framework/src/Illuminate/Pipeline/Pipeline.php(209): Illuminate/Foundation/Http/Middleware/ConvertEmptyStringsToNull->handle(Object(Illuminate/Http/Request), Object(Closure))
#74 C:/xampp/htdocs/hp/vendor/laravel/framework/src/Illuminate/Foundation/Http/Middleware/TransformsRequest.php(21): Illuminate/Pipeline/Pipeline->Illuminate/Pipeline/{closure}(Object(Illuminate/Http/Request))
#75 C:/xampp/htdocs/hp/vendor/laravel/framework/src/Illuminate/Foundation/Http/Middleware/TrimStrings.php(51): Illuminate/Foundation/Http/Middleware/TransformsRequest->handle(Object(Illuminate/Http/Request), Object(Closure))
#76 C:/xampp/htdocs/hp/vendor/laravel/framework/src/Illuminate/Pipeline/Pipeline.php(209): Illuminate/Foundation/Http/Middleware/TrimStrings->handle(Object(Illuminate/Http/Request), Object(Closure))
#77 C:/xampp/htdocs/hp/vendor/laravel/framework/src/Illuminate/Http/Middleware/ValidatePostSize.php(27): Illuminate/Pipeline/Pipeline->Illuminate/Pipeline/{closure}(Object(Illuminate/Http/Request))
#78 C:/xampp/htdocs/hp/vendor/laravel/framework/src/Illuminate/Pipeline/Pipeline.php(209): Illuminate/Http/Middleware/ValidatePostSize->handle(Object(Illuminate/Http/Request), Object(Closure))
#79 C:/xampp/htdocs/hp/vendor/laravel/framework/src/Illuminate/Foundation/Http/Middleware/PreventRequestsDuringMaintenance.php(110): Illuminate/Pipeline/Pipeline->Illuminate/Pipeline/{closure}(Object(Illuminate/Http/Request))
#80 C:/xampp/htdocs/hp/vendor/laravel/framework/src/Illuminate/Pipeline/Pipeline.php(209): Illuminate/Foundation/Http/Middleware/PreventRequestsDuringMaintenance->handle(Object(Illuminate/Http/Request), Object(Closure))
#81 C:/xampp/htdocs/hp/vendor/laravel/framework/src/Illuminate/Http/Middleware/HandleCors.php(49): Illuminate/Pipeline/Pipeline->Illuminate/Pipeline/{closure}(Object(Illuminate/Http/Request))
#82 C:/xampp/htdocs/hp/vendor/laravel/framework/src/Illuminate/Pipeline/Pipeline.php(209): Illuminate/Http/Middleware/HandleCors->handle(Object(Illuminate/Http/Request), Object(Closure))
#83 C:/xampp/htdocs/hp/vendor/laravel/framework/src/Illuminate/Http/Middleware/TrustProxies.php(58): Illuminate/Pipeline/Pipeline->Illuminate/Pipeline/{closure}(Object(Illuminate/Http/Request))
#84 C:/xampp/htdocs/hp/vendor/laravel/framework/src/Illuminate/Pipeline/Pipeline.php(209): Illuminate/Http/Middleware/TrustProxies->handle(Object(Illuminate/Http/Request), Object(Closure))
#85 C:/xampp/htdocs/hp/vendor/laravel/framework/src/Illuminate/Foundation/Http/Middleware/InvokeDeferredCallbacks.php(22): Illuminate/Pipeline/Pipeline->Illuminate/Pipeline/{closure}(Object(Illuminate/Http/Request))
#86 C:/xampp/htdocs/hp/vendor/laravel/framework/src/Illuminate/Pipeline/Pipeline.php(209): Illuminate/Foundation/Http/Middleware/InvokeDeferredCallbacks->handle(Object(Illuminate/Http/Request), Object(Closure))
#87 C:/xampp/htdocs/hp/vendor/laravel/framework/src/Illuminate/Pipeline/Pipeline.php(127): Illuminate/Pipeline/Pipeline->Illuminate/Pipeline/{closure}(Object(Illuminate/Http/Request))
#88 C:/xampp/htdocs/hp/vendor/laravel/framework/src/Illuminate/Foundation/Http/Kernel.php(176): Illuminate/Pipeline/Pipeline->then(Object(Closure))
#89 C:/xampp/htdocs/hp/vendor/laravel/framework/src/Illuminate/Foundation/Http/Kernel.php(145): Illuminate/Foundation/Http/Kernel->sendRequestThroughRouter(Object(Illuminate/Http/Request))
#90 C:/xampp/htdocs/hp/vendor/laravel/framework/src/Illuminate/Foundation/Application.php(1220): Illuminate/Foundation/Http/Kernel->handle(Object(Illuminate/Http/Request))
#91 C:/xampp/htdocs/hp/public/index.php(17): Illuminate/Foundation/Application->handleRequest(Object(Illuminate/Http/Request))
#92 C:/xampp/htdocs/hp/vendor/laravel/framework/src/Illuminate/Foundation/resources/server.php(23): require_once('C://xampp//htdocs...')
#93 {main}

[previous exception] [object] (RuntimeException(code: 0): The \"intl\" PHP extension is required to use the [format] method. at C:/xampp/htdocs/hp/vendor/laravel/framework/src/Illuminate/Support/Number.php:385)
[stacktrace]
#0 C:/xampp/htdocs/hp/vendor/laravel/framework/src/Illuminate/Support/Number.php(38): Illuminate/Support/Number::ensureIntlExtensionIsInstalled()
#1 C:/xampp/htdocs/hp/storage/framework/views/5e865bcb1dd49d174f5d4c4db01fac43.php(113): Illuminate/Support/Number::format(6, NULL, NULL, 'en')
#2 C:/xampp/htdocs/hp/vendor/livewire/livewire/src/Mechanisms/ExtendBlade/ExtendedCompilerEngine.php(37): include('C://xampp//htdocs...')
#3 C:/xampp/htdocs/hp/vendor/livewire/livewire/src/Mechanisms/ExtendBlade/ExtendedCompilerEngine.php(38): App/Filament/Resources/PageResource/Pages/ListPages->Livewire/Mechanisms/ExtendBlade/{closure}()
#4 C:/xampp/htdocs/hp/vendor/laravel/framework/src/Illuminate/View/Engines/CompilerEngine.php(75): Livewire/Mechanisms/ExtendBlade/ExtendedCompilerEngine->evaluatePath('C://xampp//htdocs...', Array)
#5 C:/xampp/htdocs/hp/vendor/livewire/livewire/src/Mechanisms/ExtendBlade/ExtendedCompilerEngine.php(16): Illuminate/View/Engines/CompilerEngine->get('C://xampp//htdocs...', Array)
#6 C:/xampp/htdocs/hp/vendor/laravel/framework/src/Illuminate/View/View.php(209): Livewire/Mechanisms/ExtendBlade/ExtendedCompilerEngine->get('C://xampp//htdocs...', Array)
#7 C:/xampp/htdocs/hp/vendor/laravel/framework/src/Illuminate/View/View.php(192): Illuminate/View/View->getContents()
#8 C:/xampp/htdocs/hp/vendor/laravel/framework/src/Illuminate/View/View.php(161): Illuminate/View/View->renderContents()
#9 C:/xampp/htdocs/hp/vendor/laravel/framework/src/Illuminate/View/Concerns/ManagesComponents.php(103): Illuminate/View/View->render()
#10 C:/xampp/htdocs/hp/storage/framework/views/6477c3f58b3f6bca4ff1555fac23c21c.php(422): Illuminate/View/Factory->renderComponent()
#11 C:/xampp/htdocs/hp/vendor/livewire/livewire/src/Mechanisms/ExtendBlade/ExtendedCompilerEngine.php(37): include('C://xampp//htdocs...')
#12 C:/xampp/htdocs/hp/vendor/livewire/livewire/src/Mechanisms/ExtendBlade/ExtendedCompilerEngine.php(38): App/Filament/Resources/PageResource/Pages/ListPages->Livewire/Mechanisms/ExtendBlade/{closure}()
#13 C:/xampp/htdocs/hp/vendor/laravel/framework/src/Illuminate/View/Engines/CompilerEngine.php(75): Livewire/Mechanisms/ExtendBlade/ExtendedCompilerEngine->evaluatePath('C://xampp//htdocs...', Array)
#14 C:/xampp/htdocs/hp/vendor/livewire/livewire/src/Mechanisms/ExtendBlade/ExtendedCompilerEngine.php(16): Illuminate/View/Engines/CompilerEngine->get('C://xampp//htdocs...', Array)
#15 C:/xampp/htdocs/hp/vendor/laravel/framework/src/Illuminate/View/View.php(209): Livewire/Mechanisms/ExtendBlade/ExtendedCompilerEngine->get('C://xampp//htdocs...', Array)
#16 C:/xampp/htdocs/hp/vendor/laravel/framework/src/Illuminate/View/View.php(192): Illuminate/View/View->getContents()
#17 C:/xampp/htdocs/hp/vendor/laravel/framework/src/Illuminate/View/View.php(161): Illuminate/View/View->renderContents()
#18 C:/xampp/htdocs/hp/vendor/filament/support/src/Components/ViewComponent.php(115): Illuminate/View/View->render()
#19 C:/xampp/htdocs/hp/vendor/laravel/framework/src/Illuminate/Support/helpers.php(134): Filament/Support/Components/ViewComponent->toHtml()
#20 C:/xampp/htdocs/hp/storage/framework/views/853058402355b8ac6aa7297050bc2a12.php(42): e(Object(Filament/Tables/Table))
#21 C:/xampp/htdocs/hp/vendor/livewire/livewire/src/Mechanisms/ExtendBlade/ExtendedCompilerEngine.php(37): include('C://xampp//htdocs...')
#22 C:/xampp/htdocs/hp/vendor/livewire/livewire/src/Mechanisms/ExtendBlade/ExtendedCompilerEngine.php(38): App/Filament/Resources/PageResource/Pages/ListPages->Livewire/Mechanisms/ExtendBlade/{closure}()
#23 C:/xampp/htdocs/hp/vendor/laravel/framework/src/Illuminate/View/Engines/CompilerEngine.php(75): Livewire/Mechanisms/ExtendBlade/ExtendedCompilerEngine->evaluatePath('C://xampp//htdocs...', Array)
#24 C:/xampp/htdocs/hp/vendor/livewire/livewire/src/Mechanisms/ExtendBlade/ExtendedCompilerEngine.php(16): Illuminate/View/Engines/CompilerEngine->get('C://xampp//htdocs...', Array)
#25 C:/xampp/htdocs/hp/vendor/laravel/framework/src/Illuminate/View/View.php(209): Livewire/Mechanisms/ExtendBlade/ExtendedCompilerEngine->get('C://xampp//htdocs...', Array)
#26 C:/xampp/htdocs/hp/vendor/laravel/framework/src/Illuminate/View/View.php(192): Illuminate/View/View->getContents()
#27 C:/xampp/htdocs/hp/vendor/laravel/framework/src/Illuminate/View/View.php(161): Illuminate/View/View->renderContents()
#28 C:/xampp/htdocs/hp/vendor/livewire/livewire/src/Mechanisms/HandleComponents/HandleComponents.php(288): Illuminate/View/View->render(Object(Closure))
#29 C:/xampp/htdocs/hp/vendor/livewire/livewire/src/Mechanisms/HandleComponents/HandleComponents.php(332): Livewire/Mechanisms/HandleComponents/HandleComponents->Livewire/Mechanisms/HandleComponents/{closure}()
#30 C:/xampp/htdocs/hp/vendor/livewire/livewire/src/Mechanisms/HandleComponents/HandleComponents.php(280): Livewire/Mechanisms/HandleComponents/HandleComponents->trackInRenderStack(Object(App/Filament/Resources/PageResource/Pages/ListPages), Object(Closure))
#31 C:/xampp/htdocs/hp/vendor/livewire/livewire/src/Mechanisms/HandleComponents/HandleComponents.php(54): Livewire/Mechanisms/HandleComponents/HandleComponents->render(Object(App/Filament/Resources/PageResource/Pages/ListPages), '<div></div>')
#32 C:/xampp/htdocs/hp/vendor/livewire/livewire/src/LivewireManager.php(73): Livewire/Mechanisms/HandleComponents/HandleComponents->mount('App//Filament//Re...', Array, NULL)
#33 C:/xampp/htdocs/hp/vendor/livewire/livewire/src/Features/SupportPageComponents/HandlesPageComponents.php(17): Livewire/LivewireManager->mount('App//Filament//Re...', Array)
#34 C:/xampp/htdocs/hp/vendor/livewire/livewire/src/Features/SupportPageComponents/SupportPageComponents.php(117): Livewire/Component->Livewire/Features/SupportPageComponents/{closure}()
#35 C:/xampp/htdocs/hp/vendor/livewire/livewire/src/Features/SupportPageComponents/HandlesPageComponents.php(14): Livewire/Features/SupportPageComponents/SupportPageComponents::interceptTheRenderOfTheComponentAndRetreiveTheLayoutConfiguration(Object(Closure))
#36 C:/xampp/htdocs/hp/vendor/laravel/framework/src/Illuminate/Routing/ControllerDispatcher.php(47): Livewire/Component->__invoke()
#37 C:/xampp/htdocs/hp/vendor/laravel/framework/src/Illuminate/Routing/Route.php(266): Illuminate/Routing/ControllerDispatcher->dispatch(Object(Illuminate/Routing/Route), Object(App/Filament/Resources/PageResource/Pages/ListPages), '__invoke')
#38 C:/xampp/htdocs/hp/vendor/laravel/framework/src/Illuminate/Routing/Route.php(212): Illuminate/Routing/Route->runController()
#39 C:/xampp/htdocs/hp/vendor/laravel/framework/src/Illuminate/Routing/Router.php(808): Illuminate/Routing/Route->run()
#40 C:/xampp/htdocs/hp/vendor/laravel/framework/src/Illuminate/Pipeline/Pipeline.php(170): Illuminate/Routing/Router->Illuminate/Routing/{closure}(Object(Illuminate/Http/Request))
#41 C:/xampp/htdocs/hp/vendor/filament/filament/src/Http/Middleware/DispatchServingFilamentEvent.php(15): Illuminate/Pipeline/Pipeline->Illuminate/Pipeline/{closure}(Object(Illuminate/Http/Request))
#42 C:/xampp/htdocs/hp/vendor/laravel/framework/src/Illuminate/Pipeline/Pipeline.php(209): Filament/Http/Middleware/DispatchServingFilamentEvent->handle(Object(Illuminate/Http/Request), Object(Closure))
#43 C:/xampp/htdocs/hp/vendor/filament/filament/src/Http/Middleware/DisableBladeIconComponents.php(14): Illuminate/Pipeline/Pipeline->Illuminate/Pipeline/{closure}(Object(Illuminate/Http/Request))
#44 C:/xampp/htdocs/hp/vendor/laravel/framework/src/Illuminate/Pipeline/Pipeline.php(209): Filament/Http/Middleware/DisableBladeIconComponents->handle(Object(Illuminate/Http/Request), Object(Closure))
#45 C:/xampp/htdocs/hp/vendor/laravel/framework/src/Illuminate/Routing/Middleware/SubstituteBindings.php(51): Illuminate/Pipeline/Pipeline->Illuminate/Pipeline/{closure}(Object(Illuminate/Http/Request))
#46 C:/xampp/htdocs/hp/vendor/laravel/framework/src/Illuminate/Pipeline/Pipeline.php(209): Illuminate/Routing/Middleware/SubstituteBindings->handle(Object(Illuminate/Http/Request), Object(Closure))
#47 C:/xampp/htdocs/hp/vendor/laravel/framework/src/Illuminate/Foundation/Http/Middleware/VerifyCsrfToken.php(88): Illuminate/Pipeline/Pipeline->Illuminate/Pipeline/{closure}(Object(Illuminate/Http/Request))
#48 C:/xampp/htdocs/hp/vendor/laravel/framework/src/Illuminate/Pipeline/Pipeline.php(209): Illuminate/Foundation/Http/Middleware/VerifyCsrfToken->handle(Object(Illuminate/Http/Request), Object(Closure))
#49 C:/xampp/htdocs/hp/vendor/laravel/framework/src/Illuminate/Session/Middleware/AuthenticateSession.php(67): Illuminate/Pipeline/Pipeline->Illuminate/Pipeline/{closure}(Object(Illuminate/Http/Request))
#50 C:/xampp/htdocs/hp/vendor/laravel/framework/src/Illuminate/Pipeline/Pipeline.php(209): Illuminate/Session/Middleware/AuthenticateSession->handle(Object(Illuminate/Http/Request), Object(Closure))
#51 C:/xampp/htdocs/hp/vendor/laravel/framework/src/Illuminate/Auth/Middleware/Authenticate.php(64): Illuminate/Pipeline/Pipeline->Illuminate/Pipeline/{closure}(Object(Illuminate/Http/Request))
#52 C:/xampp/htdocs/hp/vendor/laravel/framework/src/Illuminate/Pipeline/Pipeline.php(209): Illuminate/Auth/Middleware/Authenticate->handle(Object(Illuminate/Http/Request), Object(Closure))
#53 C:/xampp/htdocs/hp/vendor/laravel/framework/src/Illuminate/View/Middleware/ShareErrorsFromSession.php(49): Illuminate/Pipeline/Pipeline->Illuminate/Pipeline/{closure}(Object(Illuminate/Http/Request))
#54 C:/xampp/htdocs/hp/vendor/laravel/framework/src/Illuminate/Pipeline/Pipeline.php(209): Illuminate/View/Middleware/ShareErrorsFromSession->handle(Object(Illuminate/Http/Request), Object(Closure))
#55 C:/xampp/htdocs/hp/vendor/laravel/framework/src/Illuminate/Session/Middleware/StartSession.php(121): Illuminate/Pipeline/Pipeline->Illuminate/Pipeline/{closure}(Object(Illuminate/Http/Request))
#56 C:/xampp/htdocs/hp/vendor/laravel/framework/src/Illuminate/Session/Middleware/StartSession.php(64): Illuminate/Session/Middleware/StartSession->handleStatefulRequest(Object(Illuminate/Http/Request), Object(Illuminate/Session/Store), Object(Closure))
#57 C:/xampp/htdocs/hp/vendor/laravel/framework/src/Illuminate/Pipeline/Pipeline.php(209): Illuminate/Session/Middleware/StartSession->handle(Object(Illuminate/Http/Request), Object(Closure))
#58 C:/xampp/htdocs/hp/vendor/laravel/framework/src/Illuminate/Cookie/Middleware/AddQueuedCookiesToResponse.php(37): Illuminate/Pipeline/Pipeline->Illuminate/Pipeline/{closure}(Object(Illuminate/Http/Request))
#59 C:/xampp/htdocs/hp/vendor/laravel/framework/src/Illuminate/Pipeline/Pipeline.php(209): Illuminate/Cookie/Middleware/AddQueuedCookiesToResponse->handle(Object(Illuminate/Http/Request), Object(Closure))
#60 C:/xampp/htdocs/hp/vendor/laravel/framework/src/Illuminate/Cookie/Middleware/EncryptCookies.php(75): Illuminate/Pipeline/Pipeline->Illuminate/Pipeline/{closure}(Object(Illuminate/Http/Request))
#61 C:/xampp/htdocs/hp/vendor/laravel/framework/src/Illuminate/Pipeline/Pipeline.php(209): Illuminate/Cookie/Middleware/EncryptCookies->handle(Object(Illuminate/Http/Request), Object(Closure))
#62 C:/xampp/htdocs/hp/vendor/filament/filament/src/Http/Middleware/SetUpPanel.php(19): Illuminate/Pipeline/Pipeline->Illuminate/Pipeline/{closure}(Object(Illuminate/Http/Request))
#63 C:/xampp/htdocs/hp/vendor/laravel/framework/src/Illuminate/Pipeline/Pipeline.php(209): Filament/Http/Middleware/SetUpPanel->handle(Object(Illuminate/Http/Request), Object(Closure), Object(Filament/Panel))
#64 C:/xampp/htdocs/hp/vendor/laravel/framework/src/Illuminate/Pipeline/Pipeline.php(127): Illuminate/Pipeline/Pipeline->Illuminate/Pipeline/{closure}(Object(Illuminate/Http/Request))
#65 C:/xampp/htdocs/hp/vendor/laravel/framework/src/Illuminate/Routing/Router.php(807): Illuminate/Pipeline/Pipeline->then(Object(Closure))
#66 C:/xampp/htdocs/hp/vendor/laravel/framework/src/Illuminate/Routing/Router.php(786): Illuminate/Routing/Router->runRouteWithinStack(Object(Illuminate/Routing/Route), Object(Illuminate/Http/Request))
#67 C:/xampp/htdocs/hp/vendor/laravel/framework/src/Illuminate/Routing/Router.php(750): Illuminate/Routing/Router->runRoute(Object(Illuminate/Http/Request), Object(Illuminate/Routing/Route))
#68 C:/xampp/htdocs/hp/vendor/laravel/framework/src/Illuminate/Routing/Router.php(739): Illuminate/Routing/Router->dispatchToRoute(Object(Illuminate/Http/Request))
#69 C:/xampp/htdocs/hp/vendor/laravel/framework/src/Illuminate/Foundation/Http/Kernel.php(201): Illuminate/Routing/Router->dispatch(Object(Illuminate/Http/Request))
#70 C:/xampp/htdocs/hp/vendor/laravel/framework/src/Illuminate/Pipeline/Pipeline.php(170): Illuminate/Foundation/Http/Kernel->Illuminate/Foundation/Http/{closure}(Object(Illuminate/Http/Request))
#71 C:/xampp/htdocs/hp/vendor/livewire/livewire/src/Features/SupportDisablingBackButtonCache/DisableBackButtonCacheMiddleware.php(19): Illuminate/Pipeline/Pipeline->Illuminate/Pipeline/{closure}(Object(Illuminate/Http/Request))
#72 C:/xampp/htdocs/hp/vendor/laravel/framework/src/Illuminate/Pipeline/Pipeline.php(209): Livewire/Features/SupportDisablingBackButtonCache/DisableBackButtonCacheMiddleware->handle(Object(Illuminate/Http/Request), Object(Closure))
#73 C:/xampp/htdocs/hp/vendor/laravel/framework/src/Illuminate/Foundation/Http/Middleware/TransformsRequest.php(21): Illuminate/Pipeline/Pipeline->Illuminate/Pipeline/{closure}(Object(Illuminate/Http/Request))
#74 C:/xampp/htdocs/hp/vendor/laravel/framework/src/Illuminate/Foundation/Http/Middleware/ConvertEmptyStringsToNull.php(31): Illuminate/Foundation/Http/Middleware/TransformsRequest->handle(Object(Illuminate/Http/Request), Object(Closure))
#75 C:/xampp/htdocs/hp/vendor/laravel/framework/src/Illuminate/Pipeline/Pipeline.php(209): Illuminate/Foundation/Http/Middleware/ConvertEmptyStringsToNull->handle(Object(Illuminate/Http/Request), Object(Closure))
#76 C:/xampp/htdocs/hp/vendor/laravel/framework/src/Illuminate/Foundation/Http/Middleware/TransformsRequest.php(21): Illuminate/Pipeline/Pipeline->Illuminate/Pipeline/{closure}(Object(Illuminate/Http/Request))
#77 C:/xampp/htdocs/hp/vendor/laravel/framework/src/Illuminate/Foundation/Http/Middleware/TrimStrings.php(51): Illuminate/Foundation/Http/Middleware/TransformsRequest->handle(Object(Illuminate/Http/Request), Object(Closure))
#78 C:/xampp/htdocs/hp/vendor/laravel/framework/src/Illuminate/Pipeline/Pipeline.php(209): Illuminate/Foundation/Http/Middleware/TrimStrings->handle(Object(Illuminate/Http/Request), Object(Closure))
#79 C:/xampp/htdocs/hp/vendor/laravel/framework/src/Illuminate/Http/Middleware/ValidatePostSize.php(27): Illuminate/Pipeline/Pipeline->Illuminate/Pipeline/{closure}(Object(Illuminate/Http/Request))
#80 C:/xampp/htdocs/hp/vendor/laravel/framework/src/Illuminate/Pipeline/Pipeline.php(209): Illuminate/Http/Middleware/ValidatePostSize->handle(Object(Illuminate/Http/Request), Object(Closure))
#81 C:/xampp/htdocs/hp/vendor/laravel/framework/src/Illuminate/Foundation/Http/Middleware/PreventRequestsDuringMaintenance.php(110): Illuminate/Pipeline/Pipeline->Illuminate/Pipeline/{closure}(Object(Illuminate/Http/Request))
#82 C:/xampp/htdocs/hp/vendor/laravel/framework/src/Illuminate/Pipeline/Pipeline.php(209): Illuminate/Foundation/Http/Middleware/PreventRequestsDuringMaintenance->handle(Object(Illuminate/Http/Request), Object(Closure))
#83 C:/xampp/htdocs/hp/vendor/laravel/framework/src/Illuminate/Http/Middleware/HandleCors.php(49): Illuminate/Pipeline/Pipeline->Illuminate/Pipeline/{closure}(Object(Illuminate/Http/Request))
#84 C:/xampp/htdocs/hp/vendor/laravel/framework/src/Illuminate/Pipeline/Pipeline.php(209): Illuminate/Http/Middleware/HandleCors->handle(Object(Illuminate/Http/Request), Object(Closure))
#85 C:/xampp/htdocs/hp/vendor/laravel/framework/src/Illuminate/Http/Middleware/TrustProxies.php(58): Illuminate/Pipeline/Pipeline->Illuminate/Pipeline/{closure}(Object(Illuminate/Http/Request))
#86 C:/xampp/htdocs/hp/vendor/laravel/framework/src/Illuminate/Pipeline/Pipeline.php(209): Illuminate/Http/Middleware/TrustProxies->handle(Object(Illuminate/Http/Request), Object(Closure))
#87 C:/xampp/htdocs/hp/vendor/laravel/framework/src/Illuminate/Foundation/Http/Middleware/InvokeDeferredCallbacks.php(22): Illuminate/Pipeline/Pipeline->Illuminate/Pipeline/{closure}(Object(Illuminate/Http/Request))
#88 C:/xampp/htdocs/hp/vendor/laravel/framework/src/Illuminate/Pipeline/Pipeline.php(209): Illuminate/Foundation/Http/Middleware/InvokeDeferredCallbacks->handle(Object(Illuminate/Http/Request), Object(Closure))
#89 C:/xampp/htdocs/hp/vendor/laravel/framework/src/Illuminate/Pipeline/Pipeline.php(127): Illuminate/Pipeline/Pipeline->Illuminate/Pipeline/{closure}(Object(Illuminate/Http/Request))
#90 C:/xampp/htdocs/hp/vendor/laravel/framework/src/Illuminate/Foundation/Http/Kernel.php(176): Illuminate/Pipeline/Pipeline->then(Object(Closure))
#91 C:/xampp/htdocs/hp/vendor/laravel/framework/src/Illuminate/Foundation/Http/Kernel.php(145): Illuminate/Foundation/Http/Kernel->sendRequestThroughRouter(Object(Illuminate/Http/Request))
#92 C:/xampp/htdocs/hp/vendor/laravel/framework/src/Illuminate/Foundation/Application.php(1220): Illuminate/Foundation/Http/Kernel->handle(Object(Illuminate/Http/Request))
#93 C:/xampp/htdocs/hp/public/index.php(17): Illuminate/Foundation/Application->handleRequest(Object(Illuminate/Http/Request))
#94 C:/xampp/htdocs/hp/vendor/laravel/framework/src/Illuminate/Foundation/resources/server.php(23): require_once('C://xampp//htdocs...')
#95 {main}
"} 
[2026-09-30 12:00:45] local.ERROR: The "intl" PHP extension is required to use the [format] method. (View: C:\xampp\htdocs\hp\vendor\filament\tables\resources\views\components\selection\indicator.blade.php) (View: C:\xampp\htdocs\hp\vendor\filament\tables\resources\views\components\selection\indicator.blade.php) (View: C:\xampp\htdocs\hp\vendor\filament\tables\resources\views\components\selection\indicator.blade.php) {"userId":1,"exception":"[object] (Illuminate\\View\\ViewException(code: 0): The \"intl\" PHP extension is required to use the [format] method. (View: C:\\xampp\\htdocs\\hp\\vendor\\filament\\tables\\resources\\views\\components\\selection\\indicator.blade.php) (View: C:\\xampp\\htdocs\\hp\\vendor\\filament\\tables\\resources\\views\\components\\selection\\indicator.blade.php) (View: C:\\xampp\\htdocs\\hp\\vendor\\filament\\tables\\resources\\views\\components\\selection\\indicator.blade.php) at C:/xampp/htdocs/hp/vendor/laravel/framework/src/Illuminate/Support/Number.php:385)
[stacktrace]
#0 C:/xampp/htdocs/hp/vendor/livewire/livewire/src/Mechanisms/ExtendBlade/ExtendedCompilerEngine.php(58): Illuminate/View/Engines/CompilerEngine->handleViewException(Object(Illuminate/View/ViewException), 1)
#1 C:/xampp/htdocs/hp/vendor/livewire/livewire/src/Mechanisms/ExtendBlade/ExtendedCompilerEngine.php(40): Livewire/Mechanisms/ExtendBlade/ExtendedCompilerEngine->handleViewException(Object(Illuminate/View/ViewException), 1)
#2 C:/xampp/htdocs/hp/vendor/laravel/framework/src/Illuminate/View/Engines/CompilerEngine.php(75): Livewire/Mechanisms/ExtendBlade/ExtendedCompilerEngine->evaluatePath('C://xampp//htdocs...', Array)
#3 C:/xampp/htdocs/hp/vendor/livewire/livewire/src/Mechanisms/ExtendBlade/ExtendedCompilerEngine.php(16): Illuminate/View/Engines/CompilerEngine->get('C://xampp//htdocs...', Array)
#4 C:/xampp/htdocs/hp/vendor/laravel/framework/src/Illuminate/View/View.php(209): Livewire/Mechanisms/ExtendBlade/ExtendedCompilerEngine->get('C://xampp//htdocs...', Array)
#5 C:/xampp/htdocs/hp/vendor/laravel/framework/src/Illuminate/View/View.php(192): Illuminate/View/View->getContents()
#6 C:/xampp/htdocs/hp/vendor/laravel/framework/src/Illuminate/View/View.php(161): Illuminate/View/View->renderContents()
#7 C:/xampp/htdocs/hp/vendor/livewire/livewire/src/Mechanisms/HandleComponents/HandleComponents.php(288): Illuminate/View/View->render(Object(Closure))
#8 C:/xampp/htdocs/hp/vendor/livewire/livewire/src/Mechanisms/HandleComponents/HandleComponents.php(332): Livewire/Mechanisms/HandleComponents/HandleComponents->Livewire/Mechanisms/HandleComponents/{closure}()
#9 C:/xampp/htdocs/hp/vendor/livewire/livewire/src/Mechanisms/HandleComponents/HandleComponents.php(280): Livewire/Mechanisms/HandleComponents/HandleComponents->trackInRenderStack(Object(App/Filament/Resources/PageResource/Pages/ListPages), Object(Closure))
#10 C:/xampp/htdocs/hp/vendor/livewire/livewire/src/Mechanisms/HandleComponents/HandleComponents.php(54): Livewire/Mechanisms/HandleComponents/HandleComponents->render(Object(App/Filament/Resources/PageResource/Pages/ListPages), '<div></div>')
#11 C:/xampp/htdocs/hp/vendor/livewire/livewire/src/LivewireManager.php(73): Livewire/Mechanisms/HandleComponents/HandleComponents->mount('App//Filament//Re...', Array, NULL)
#12 C:/xampp/htdocs/hp/vendor/livewire/livewire/src/Features/SupportPageComponents/HandlesPageComponents.php(17): Livewire/LivewireManager->mount('App//Filament//Re...', Array)
#13 C:/xampp/htdocs/hp/vendor/livewire/livewire/src/Features/SupportPageComponents/SupportPageComponents.php(117): Livewire/Component->Livewire/Features/SupportPageComponents/{closure}()
#14 C:/xampp/htdocs/hp/vendor/livewire/livewire/src/Features/SupportPageComponents/HandlesPageComponents.php(14): Livewire/Features/SupportPageComponents/SupportPageComponents::interceptTheRenderOfTheComponentAndRetreiveTheLayoutConfiguration(Object(Closure))
#15 C:/xampp/htdocs/hp/vendor/laravel/framework/src/Illuminate/Routing/ControllerDispatcher.php(47): Livewire/Component->__invoke()
#16 C:/xampp/htdocs/hp/vendor/laravel/framework/src/Illuminate/Routing/Route.php(266): Illuminate/Routing/ControllerDispatcher->dispatch(Object(Illuminate/Routing/Route), Object(App/Filament/Resources/PageResource/Pages/ListPages), '__invoke')
#17 C:/xampp/htdocs/hp/vendor/laravel/framework/src/Illuminate/Routing/Route.php(212): Illuminate/Routing/Route->runController()
#18 C:/xampp/htdocs/hp/vendor/laravel/framework/src/Illuminate/Routing/Router.php(808): Illuminate/Routing/Route->run()
#19 C:/xampp/htdocs/hp/vendor/laravel/framework/src/Illuminate/Pipeline/Pipeline.php(170): Illuminate/Routing/Router->Illuminate/Routing/{closure}(Object(Illuminate/Http/Request))
#20 C:/xampp/htdocs/hp/vendor/filament/filament/src/Http/Middleware/DispatchServingFilamentEvent.php(15): Illuminate/Pipeline/Pipeline->Illuminate/Pipeline/{closure}(Object(Illuminate/Http/Request))
#21 C:/xampp/htdocs/hp/vendor/laravel/framework/src/Illuminate/Pipeline/Pipeline.php(209): Filament/Http/Middleware/DispatchServingFilamentEvent->handle(Object(Illuminate/Http/Request), Object(Closure))
#22 C:/xampp/htdocs/hp/vendor/filament/filament/src/Http/Middleware/DisableBladeIconComponents.php(14): Illuminate/Pipeline/Pipeline->Illuminate/Pipeline/{closure}(Object(Illuminate/Http/Request))
#23 C:/xampp/htdocs/hp/vendor/laravel/framework/src/Illuminate/Pipeline/Pipeline.php(209): Filament/Http/Middleware/DisableBladeIconComponents->handle(Object(Illuminate/Http/Request), Object(Closure))
#24 C:/xampp/htdocs/hp/vendor/laravel/framework/src/Illuminate/Routing/Middleware/SubstituteBindings.php(51): Illuminate/Pipeline/Pipeline->Illuminate/Pipeline/{closure}(Object(Illuminate/Http/Request))
#25 C:/xampp/htdocs/hp/vendor/laravel/framework/src/Illuminate/Pipeline/Pipeline.php(209): Illuminate/Routing/Middleware/SubstituteBindings->handle(Object(Illuminate/Http/Request), Object(Closure))
#26 C:/xampp/htdocs/hp/vendor/laravel/framework/src/Illuminate/Foundation/Http/Middleware/VerifyCsrfToken.php(88): Illuminate/Pipeline/Pipeline->Illuminate/Pipeline/{closure}(Object(Illuminate/Http/Request))
#27 C:/xampp/htdocs/hp/vendor/laravel/framework/src/Illuminate/Pipeline/Pipeline.php(209): Illuminate/Foundation/Http/Middleware/VerifyCsrfToken->handle(Object(Illuminate/Http/Request), Object(Closure))
#28 C:/xampp/htdocs/hp/vendor/laravel/framework/src/Illuminate/Session/Middleware/AuthenticateSession.php(67): Illuminate/Pipeline/Pipeline->Illuminate/Pipeline/{closure}(Object(Illuminate/Http/Request))
#29 C:/xampp/htdocs/hp/vendor/laravel/framework/src/Illuminate/Pipeline/Pipeline.php(209): Illuminate/Session/Middleware/AuthenticateSession->handle(Object(Illuminate/Http/Request), Object(Closure))
#30 C:/xampp/htdocs/hp/vendor/laravel/framework/src/Illuminate/Auth/Middleware/Authenticate.php(64): Illuminate/Pipeline/Pipeline->Illuminate/Pipeline/{closure}(Object(Illuminate/Http/Request))
#31 C:/xampp/htdocs/hp/vendor/laravel/framework/src/Illuminate/Pipeline/Pipeline.php(209): Illuminate/Auth/Middleware/Authenticate->handle(Object(Illuminate/Http/Request), Object(Closure))
#32 C:/xampp/htdocs/hp/vendor/laravel/framework/src/Illuminate/View/Middleware/ShareErrorsFromSession.php(49): Illuminate/Pipeline/Pipeline->Illuminate/Pipeline/{closure}(Object(Illuminate/Http/Request))
#33 C:/xampp/htdocs/hp/vendor/laravel/framework/src/Illuminate/Pipeline/Pipeline.php(209): Illuminate/View/Middleware/ShareErrorsFromSession->handle(Object(Illuminate/Http/Request), Object(Closure))
#34 C:/xampp/htdocs/hp/vendor/laravel/framework/src/Illuminate/Session/Middleware/StartSession.php(121): Illuminate/Pipeline/Pipeline->Illuminate/Pipeline/{closure}(Object(Illuminate/Http/Request))
#35 C:/xampp/htdocs/hp/vendor/laravel/framework/src/Illuminate/Session/Middleware/StartSession.php(64): Illuminate/Session/Middleware/StartSession->handleStatefulRequest(Object(Illuminate/Http/Request), Object(Illuminate/Session/Store), Object(Closure))
#36 C:/xampp/htdocs/hp/vendor/laravel/framework/src/Illuminate/Pipeline/Pipeline.php(209): Illuminate/Session/Middleware/StartSession->handle(Object(Illuminate/Http/Request), Object(Closure))
#37 C:/xampp/htdocs/hp/vendor/laravel/framework/src/Illuminate/Cookie/Middleware/AddQueuedCookiesToResponse.php(37): Illuminate/Pipeline/Pipeline->Illuminate/Pipeline/{closure}(Object(Illuminate/Http/Request))
#38 C:/xampp/htdocs/hp/vendor/laravel/framework/src/Illuminate/Pipeline/Pipeline.php(209): Illuminate/Cookie/Middleware/AddQueuedCookiesToResponse->handle(Object(Illuminate/Http/Request), Object(Closure))
#39 C:/xampp/htdocs/hp/vendor/laravel/framework/src/Illuminate/Cookie/Middleware/EncryptCookies.php(75): Illuminate/Pipeline/Pipeline->Illuminate/Pipeline/{closure}(Object(Illuminate/Http/Request))
#40 C:/xampp/htdocs/hp/vendor/laravel/framework/src/Illuminate/Pipeline/Pipeline.php(209): Illuminate/Cookie/Middleware/EncryptCookies->handle(Object(Illuminate/Http/Request), Object(Closure))
#41 C:/xampp/htdocs/hp/vendor/filament/filament/src/Http/Middleware/SetUpPanel.php(19): Illuminate/Pipeline/Pipeline->Illuminate/Pipeline/{closure}(Object(Illuminate/Http/Request))
#42 C:/xampp/htdocs/hp/vendor/laravel/framework/src/Illuminate/Pipeline/Pipeline.php(209): Filament/Http/Middleware/SetUpPanel->handle(Object(Illuminate/Http/Request), Object(Closure), Object(Filament/Panel))
#43 C:/xampp/htdocs/hp/vendor/laravel/framework/src/Illuminate/Pipeline/Pipeline.php(127): Illuminate/Pipeline/Pipeline->Illuminate/Pipeline/{closure}(Object(Illuminate/Http/Request))
#44 C:/xampp/htdocs/hp/vendor/laravel/framework/src/Illuminate/Routing/Router.php(807): Illuminate/Pipeline/Pipeline->then(Object(Closure))
#45 C:/xampp/htdocs/hp/vendor/laravel/framework/src/Illuminate/Routing/Router.php(786): Illuminate/Routing/Router->runRouteWithinStack(Object(Illuminate/Routing/Route), Object(Illuminate/Http/Request))
#46 C:/xampp/htdocs/hp/vendor/laravel/framework/src/Illuminate/Routing/Router.php(750): Illuminate/Routing/Router->runRoute(Object(Illuminate/Http/Request), Object(Illuminate/Routing/Route))
#47 C:/xampp/htdocs/hp/vendor/laravel/framework/src/Illuminate/Routing/Router.php(739): Illuminate/Routing/Router->dispatchToRoute(Object(Illuminate/Http/Request))
#48 C:/xampp/htdocs/hp/vendor/laravel/framework/src/Illuminate/Foundation/Http/Kernel.php(201): Illuminate/Routing/Router->dispatch(Object(Illuminate/Http/Request))
#49 C:/xampp/htdocs/hp/vendor/laravel/framework/src/Illuminate/Pipeline/Pipeline.php(170): Illuminate/Foundation/Http/Kernel->Illuminate/Foundation/Http/{closure}(Object(Illuminate/Http/Request))
#50 C:/xampp/htdocs/hp/vendor/livewire/livewire/src/Features/SupportDisablingBackButtonCache/DisableBackButtonCacheMiddleware.php(19): Illuminate/Pipeline/Pipeline->Illuminate/Pipeline/{closure}(Object(Illuminate/Http/Request))
#51 C:/xampp/htdocs/hp/vendor/laravel/framework/src/Illuminate/Pipeline/Pipeline.php(209): Livewire/Features/SupportDisablingBackButtonCache/DisableBackButtonCacheMiddleware->handle(Object(Illuminate/Http/Request), Object(Closure))
#52 C:/xampp/htdocs/hp/vendor/laravel/framework/src/Illuminate/Foundation/Http/Middleware/TransformsRequest.php(21): Illuminate/Pipeline/Pipeline->Illuminate/Pipeline/{closure}(Object(Illuminate/Http/Request))
#53 C:/xampp/htdocs/hp/vendor/laravel/framework/src/Illuminate/Foundation/Http/Middleware/ConvertEmptyStringsToNull.php(31): Illuminate/Foundation/Http/Middleware/TransformsRequest->handle(Object(Illuminate/Http/Request), Object(Closure))
#54 C:/xampp/htdocs/hp/vendor/laravel/framework/src/Illuminate/Pipeline/Pipeline.php(209): Illuminate/Foundation/Http/Middleware/ConvertEmptyStringsToNull->handle(Object(Illuminate/Http/Request), Object(Closure))
#55 C:/xampp/htdocs/hp/vendor/laravel/framework/src/Illuminate/Foundation/Http/Middleware/TransformsRequest.php(21): Illuminate/Pipeline/Pipeline->Illuminate/Pipeline/{closure}(Object(Illuminate/Http/Request))
#56 C:/xampp/htdocs/hp/vendor/laravel/framework/src/Illuminate/Foundation/Http/Middleware/TrimStrings.php(51): Illuminate/Foundation/Http/Middleware/TransformsRequest->handle(Object(Illuminate/Http/Request), Object(Closure))
#57 C:/xampp/htdocs/hp/vendor/laravel/framework/src/Illuminate/Pipeline/Pipeline.php(209): Illuminate/Foundation/Http/Middleware/TrimStrings->handle(Object(Illuminate/Http/Request), Object(Closure))
#58 C:/xampp/htdocs/hp/vendor/laravel/framework/src/Illuminate/Http/Middleware/ValidatePostSize.php(27): Illuminate/Pipeline/Pipeline->Illuminate/Pipeline/{closure}(Object(Illuminate/Http/Request))
#59 C:/xampp/htdocs/hp/vendor/laravel/framework/src/Illuminate/Pipeline/Pipeline.php(209): Illuminate/Http/Middleware/ValidatePostSize->handle(Object(Illuminate/Http/Request), Object(Closure))
#60 C:/xampp/htdocs/hp/vendor/laravel/framework/src/Illuminate/Foundation/Http/Middleware/PreventRequestsDuringMaintenance.php(110): Illuminate/Pipeline/Pipeline->Illuminate/Pipeline/{closure}(Object(Illuminate/Http/Request))
#61 C:/xampp/htdocs/hp/vendor/laravel/framework/src/Illuminate/Pipeline/Pipeline.php(209): Illuminate/Foundation/Http/Middleware/PreventRequestsDuringMaintenance->handle(Object(Illuminate/Http/Request), Object(Closure))
#62 C:/xampp/htdocs/hp/vendor/laravel/framework/src/Illuminate/Http/Middleware/HandleCors.php(49): Illuminate/Pipeline/Pipeline->Illuminate/Pipeline/{closure}(Object(Illuminate/Http/Request))
#63 C:/xampp/htdocs/hp/vendor/laravel/framework/src/Illuminate/Pipeline/Pipeline.php(209): Illuminate/Http/Middleware/HandleCors->handle(Object(Illuminate/Http/Request), Object(Closure))
#64 C:/xampp/htdocs/hp/vendor/laravel/framework/src/Illuminate/Http/Middleware/TrustProxies.php(58): Illuminate/Pipeline/Pipeline->Illuminate/Pipeline/{closure}(Object(Illuminate/Http/Request))
#65 C:/xampp/htdocs/hp/vendor/laravel/framework/src/Illuminate/Pipeline/Pipeline.php(209): Illuminate/Http/Middleware/TrustProxies->handle(Object(Illuminate/Http/Request), Object(Closure))
#66 C:/xampp/htdocs/hp/vendor/laravel/framework/src/Illuminate/Foundation/Http/Middleware/InvokeDeferredCallbacks.php(22): Illuminate/Pipeline/Pipeline->Illuminate/Pipeline/{closure}(Object(Illuminate/Http/Request))
#67 C:/xampp/htdocs/hp/vendor/laravel/framework/src/Illuminate/Pipeline/Pipeline.php(209): Illuminate/Foundation/Http/Middleware/InvokeDeferredCallbacks->handle(Object(Illuminate/Http/Request), Object(Closure))
#68 C:/xampp/htdocs/hp/vendor/laravel/framework/src/Illuminate/Pipeline/Pipeline.php(127): Illuminate/Pipeline/Pipeline->Illuminate/Pipeline/{closure}(Object(Illuminate/Http/Request))
#69 C:/xampp/htdocs/hp/vendor/laravel/framework/src/Illuminate/Foundation/Http/Kernel.php(176): Illuminate/Pipeline/Pipeline->then(Object(Closure))
#70 C:/xampp/htdocs/hp/vendor/laravel/framework/src/Illuminate/Foundation/Http/Kernel.php(145): Illuminate/Foundation/Http/Kernel->sendRequestThroughRouter(Object(Illuminate/Http/Request))
#71 C:/xampp/htdocs/hp/vendor/laravel/framework/src/Illuminate/Foundation/Application.php(1220): Illuminate/Foundation/Http/Kernel->handle(Object(Illuminate/Http/Request))
#72 C:/xampp/htdocs/hp/public/index.php(17): Illuminate/Foundation/Application->handleRequest(Object(Illuminate/Http/Request))
#73 C:/xampp/htdocs/hp/vendor/laravel/framework/src/Illuminate/Foundation/resources/server.php(23): require_once('C://xampp//htdocs...')
#74 {main}

[previous exception] [object] (Illuminate\\View\\ViewException(code: 0): The \"intl\" PHP extension is required to use the [format] method. (View: C:\\xampp\\htdocs\\hp\\vendor\\filament\\tables\\resources\\views\\components\\selection\\indicator.blade.php) (View: C:\\xampp\\htdocs\\hp\\vendor\\filament\\tables\\resources\\views\\components\\selection\\indicator.blade.php) at C:/xampp/htdocs/hp/vendor/laravel/framework/src/Illuminate/Support/Number.php:385)
[stacktrace]
#0 C:/xampp/htdocs/hp/vendor/livewire/livewire/src/Mechanisms/ExtendBlade/ExtendedCompilerEngine.php(58): Illuminate/View/Engines/CompilerEngine->handleViewException(Object(Illuminate/View/ViewException), 3)
#1 C:/xampp/htdocs/hp/vendor/livewire/livewire/src/Mechanisms/ExtendBlade/ExtendedCompilerEngine.php(40): Livewire/Mechanisms/ExtendBlade/ExtendedCompilerEngine->handleViewException(Object(Illuminate/View/ViewException), 3)
#2 C:/xampp/htdocs/hp/vendor/laravel/framework/src/Illuminate/View/Engines/CompilerEngine.php(75): Livewire/Mechanisms/ExtendBlade/ExtendedCompilerEngine->evaluatePath('C://xampp//htdocs...', Array)
#3 C:/xampp/htdocs/hp/vendor/livewire/livewire/src/Mechanisms/ExtendBlade/ExtendedCompilerEngine.php(16): Illuminate/View/Engines/CompilerEngine->get('C://xampp//htdocs...', Array)
#4 C:/xampp/htdocs/hp/vendor/laravel/framework/src/Illuminate/View/View.php(209): Livewire/Mechanisms/ExtendBlade/ExtendedCompilerEngine->get('C://xampp//htdocs...', Array)
#5 C:/xampp/htdocs/hp/vendor/laravel/framework/src/Illuminate/View/View.php(192): Illuminate/View/View->getContents()
#6 C:/xampp/htdocs/hp/vendor/laravel/framework/src/Illuminate/View/View.php(161): Illuminate/View/View->renderContents()
#7 C:/xampp/htdocs/hp/vendor/filament/support/src/Components/ViewComponent.php(115): Illuminate/View/View->render()
#8 C:/xampp/htdocs/hp/vendor/laravel/framework/src/Illuminate/Support/helpers.php(134): Filament/Support/Components/ViewComponent->toHtml()
#9 C:/xampp/htdocs/hp/storage/framework/views/853058402355b8ac6aa7297050bc2a12.php(42): e(Object(Filament/Tables/Table))
#10 C:/xampp/htdocs/hp/vendor/livewire/livewire/src/Mechanisms/ExtendBlade/ExtendedCompilerEngine.php(37): include('C://xampp//htdocs...')
#11 C:/xampp/htdocs/hp/vendor/livewire/livewire/src/Mechanisms/ExtendBlade/ExtendedCompilerEngine.php(38): App/Filament/Resources/PageResource/Pages/ListPages->Livewire/Mechanisms/ExtendBlade/{closure}()
#12 C:/xampp/htdocs/hp/vendor/laravel/framework/src/Illuminate/View/Engines/CompilerEngine.php(75): Livewire/Mechanisms/ExtendBlade/ExtendedCompilerEngine->evaluatePath('C://xampp//htdocs...', Array)
#13 C:/xampp/htdocs/hp/vendor/livewire/livewire/src/Mechanisms/ExtendBlade/ExtendedCompilerEngine.php(16): Illuminate/View/Engines/CompilerEngine->get('C://xampp//htdocs...', Array)
#14 C:/xampp/htdocs/hp/vendor/laravel/framework/src/Illuminate/View/View.php(209): Livewire/Mechanisms/ExtendBlade/ExtendedCompilerEngine->get('C://xampp//htdocs...', Array)
#15 C:/xampp/htdocs/hp/vendor/laravel/framework/src/Illuminate/View/View.php(192): Illuminate/View/View->getContents()
#16 C:/xampp/htdocs/hp/vendor/laravel/framework/src/Illuminate/View/View.php(161): Illuminate/View/View->renderContents()
#17 C:/xampp/htdocs/hp/vendor/livewire/livewire/src/Mechanisms/HandleComponents/HandleComponents.php(288): Illuminate/View/View->render(Object(Closure))
#18 C:/xampp/htdocs/hp/vendor/livewire/livewire/src/Mechanisms/HandleComponents/HandleComponents.php(332): Livewire/Mechanisms/HandleComponents/HandleComponents->Livewire/Mechanisms/HandleComponents/{closure}()
#19 C:/xampp/htdocs/hp/vendor/livewire/livewire/src/Mechanisms/HandleComponents/HandleComponents.php(280): Livewire/Mechanisms/HandleComponents/HandleComponents->trackInRenderStack(Object(App/Filament/Resources/PageResource/Pages/ListPages), Object(Closure))
#20 C:/xampp/htdocs/hp/vendor/livewire/livewire/src/Mechanisms/HandleComponents/HandleComponents.php(54): Livewire/Mechanisms/HandleComponents/HandleComponents->render(Object(App/Filament/Resources/PageResource/Pages/ListPages), '<div></div>')
#21 C:/xampp/htdocs/hp/vendor/livewire/livewire/src/LivewireManager.php(73): Livewire/Mechanisms/HandleComponents/HandleComponents->mount('App//Filament//Re...', Array, NULL)
#22 C:/xampp/htdocs/hp/vendor/livewire/livewire/src/Features/SupportPageComponents/HandlesPageComponents.php(17): Livewire/LivewireManager->mount('App//Filament//Re...', Array)
#23 C:/xampp/htdocs/hp/vendor/livewire/livewire/src/Features/SupportPageComponents/SupportPageComponents.php(117): Livewire/Component->Livewire/Features/SupportPageComponents/{closure}()
#24 C:/xampp/htdocs/hp/vendor/livewire/livewire/src/Features/SupportPageComponents/HandlesPageComponents.php(14): Livewire/Features/SupportPageComponents/SupportPageComponents::interceptTheRenderOfTheComponentAndRetreiveTheLayoutConfiguration(Object(Closure))
#25 C:/xampp/htdocs/hp/vendor/laravel/framework/src/Illuminate/Routing/ControllerDispatcher.php(47): Livewire/Component->__invoke()
#26 C:/xampp/htdocs/hp/vendor/laravel/framework/src/Illuminate/Routing/Route.php(266): Illuminate/Routing/ControllerDispatcher->dispatch(Object(Illuminate/Routing/Route), Object(App/Filament/Resources/PageResource/Pages/ListPages), '__invoke')
#27 C:/xampp/htdocs/hp/vendor/laravel/framework/src/Illuminate/Routing/Route.php(212): Illuminate/Routing/Route->runController()
#28 C:/xampp/htdocs/hp/vendor/laravel/framework/src/Illuminate/Routing/Router.php(808): Illuminate/Routing/Route->run()
#29 C:/xampp/htdocs/hp/vendor/laravel/framework/src/Illuminate/Pipeline/Pipeline.php(170): Illuminate/Routing/Router->Illuminate/Routing/{closure}(Object(Illuminate/Http/Request))
#30 C:/xampp/htdocs/hp/vendor/filament/filament/src/Http/Middleware/DispatchServingFilamentEvent.php(15): Illuminate/Pipeline/Pipeline->Illuminate/Pipeline/{closure}(Object(Illuminate/Http/Request))
#31 C:/xampp/htdocs/hp/vendor/laravel/framework/src/Illuminate/Pipeline/Pipeline.php(209): Filament/Http/Middleware/DispatchServingFilamentEvent->handle(Object(Illuminate/Http/Request), Object(Closure))
#32 C:/xampp/htdocs/hp/vendor/filament/filament/src/Http/Middleware/DisableBladeIconComponents.php(14): Illuminate/Pipeline/Pipeline->Illuminate/Pipeline/{closure}(Object(Illuminate/Http/Request))
#33 C:/xampp/htdocs/hp/vendor/laravel/framework/src/Illuminate/Pipeline/Pipeline.php(209): Filament/Http/Middleware/DisableBladeIconComponents->handle(Object(Illuminate/Http/Request), Object(Closure))
#34 C:/xampp/htdocs/hp/vendor/laravel/framework/src/Illuminate/Routing/Middleware/SubstituteBindings.php(51): Illuminate/Pipeline/Pipeline->Illuminate/Pipeline/{closure}(Object(Illuminate/Http/Request))
#35 C:/xampp/htdocs/hp/vendor/laravel/framework/src/Illuminate/Pipeline/Pipeline.php(209): Illuminate/Routing/Middleware/SubstituteBindings->handle(Object(Illuminate/Http/Request), Object(Closure))
#36 C:/xampp/htdocs/hp/vendor/laravel/framework/src/Illuminate/Foundation/Http/Middleware/VerifyCsrfToken.php(88): Illuminate/Pipeline/Pipeline->Illuminate/Pipeline/{closure}(Object(Illuminate/Http/Request))
#37 C:/xampp/htdocs/hp/vendor/laravel/framework/src/Illuminate/Pipeline/Pipeline.php(209): Illuminate/Foundation/Http/Middleware/VerifyCsrfToken->handle(Object(Illuminate/Http/Request), Object(Closure))
#38 C:/xampp/htdocs/hp/vendor/laravel/framework/src/Illuminate/Session/Middleware/AuthenticateSession.php(67): Illuminate/Pipeline/Pipeline->Illuminate/Pipeline/{closure}(Object(Illuminate/Http/Request))
#39 C:/xampp/htdocs/hp/vendor/laravel/framework/src/Illuminate/Pipeline/Pipeline.php(209): Illuminate/Session/Middleware/AuthenticateSession->handle(Object(Illuminate/Http/Request), Object(Closure))
#40 C:/xampp/htdocs/hp/vendor/laravel/framework/src/Illuminate/Auth/Middleware/Authenticate.php(64): Illuminate/Pipeline/Pipeline->Illuminate/Pipeline/{closure}(Object(Illuminate/Http/Request))
#41 C:/xampp/htdocs/hp/vendor/laravel/framework/src/Illuminate/Pipeline/Pipeline.php(209): Illuminate/Auth/Middleware/Authenticate->handle(Object(Illuminate/Http/Request), Object(Closure))
#42 C:/xampp/htdocs/hp/vendor/laravel/framework/src/Illuminate/View/Middleware/ShareErrorsFromSession.php(49): Illuminate/Pipeline/Pipeline->Illuminate/Pipeline/{closure}(Object(Illuminate/Http/Request))
#43 C:/xampp/htdocs/hp/vendor/laravel/framework/src/Illuminate/Pipeline/Pipeline.php(209): Illuminate/View/Middleware/ShareErrorsFromSession->handle(Object(Illuminate/Http/Request), Object(Closure))
#44 C:/xampp/htdocs/hp/vendor/laravel/framework/src/Illuminate/Session/Middleware/StartSession.php(121): Illuminate/Pipeline/Pipeline->Illuminate/Pipeline/{closure}(Object(Illuminate/Http/Request))
#45 C:/xampp/htdocs/hp/vendor/laravel/framework/src/Illuminate/Session/Middleware/StartSession.php(64): Illuminate/Session/Middleware/StartSession->handleStatefulRequest(Object(Illuminate/Http/Request), Object(Illuminate/Session/Store), Object(Closure))
#46 C:/xampp/htdocs/hp/vendor/laravel/framework/src/Illuminate/Pipeline/Pipeline.php(209): Illuminate/Session/Middleware/StartSession->handle(Object(Illuminate/Http/Request), Object(Closure))
#47 C:/xampp/htdocs/hp/vendor/laravel/framework/src/Illuminate/Cookie/Middleware/AddQueuedCookiesToResponse.php(37): Illuminate/Pipeline/Pipeline->Illuminate/Pipeline/{closure}(Object(Illuminate/Http/Request))
#48 C:/xampp/htdocs/hp/vendor/laravel/framework/src/Illuminate/Pipeline/Pipeline.php(209): Illuminate/Cookie/Middleware/AddQueuedCookiesToResponse->handle(Object(Illuminate/Http/Request), Object(Closure))
#49 C:/xampp/htdocs/hp/vendor/laravel/framework/src/Illuminate/Cookie/Middleware/EncryptCookies.php(75): Illuminate/Pipeline/Pipeline->Illuminate/Pipeline/{closure}(Object(Illuminate/Http/Request))
#50 C:/xampp/htdocs/hp/vendor/laravel/framework/src/Illuminate/Pipeline/Pipeline.php(209): Illuminate/Cookie/Middleware/EncryptCookies->handle(Object(Illuminate/Http/Request), Object(Closure))
#51 C:/xampp/htdocs/hp/vendor/filament/filament/src/Http/Middleware/SetUpPanel.php(19): Illuminate/Pipeline/Pipeline->Illuminate/Pipeline/{closure}(Object(Illuminate/Http/Request))
#52 C:/xampp/htdocs/hp/vendor/laravel/framework/src/Illuminate/Pipeline/Pipeline.php(209): Filament/Http/Middleware/SetUpPanel->handle(Object(Illuminate/Http/Request), Object(Closure), Object(Filament/Panel))
#53 C:/xampp/htdocs/hp/vendor/laravel/framework/src/Illuminate/Pipeline/Pipeline.php(127): Illuminate/Pipeline/Pipeline->Illuminate/Pipeline/{closure}(Object(Illuminate/Http/Request))
#54 C:/xampp/htdocs/hp/vendor/laravel/framework/src/Illuminate/Routing/Router.php(807): Illuminate/Pipeline/Pipeline->then(Object(Closure))
#55 C:/xampp/htdocs/hp/vendor/laravel/framework/src/Illuminate/Routing/Router.php(786): Illuminate/Routing/Router->runRouteWithinStack(Object(Illuminate/Routing/Route), Object(Illuminate/Http/Request))
#56 C:/xampp/htdocs/hp/vendor/laravel/framework/src/Illuminate/Routing/Router.php(750): Illuminate/Routing/Router->runRoute(Object(Illuminate/Http/Request), Object(Illuminate/Routing/Route))
#57 C:/xampp/htdocs/hp/vendor/laravel/framework/src/Illuminate/Routing/Router.php(739): Illuminate/Routing/Router->dispatchToRoute(Object(Illuminate/Http/Request))
#58 C:/xampp/htdocs/hp/vendor/laravel/framework/src/Illuminate/Foundation/Http/Kernel.php(201): Illuminate/Routing/Router->dispatch(Object(Illuminate/Http/Request))
#59 C:/xampp/htdocs/hp/vendor/laravel/framework/src/Illuminate/Pipeline/Pipeline.php(170): Illuminate/Foundation/Http/Kernel->Illuminate/Foundation/Http/{closure}(Object(Illuminate/Http/Request))
#60 C:/xampp/htdocs/hp/vendor/livewire/livewire/src/Features/SupportDisablingBackButtonCache/DisableBackButtonCacheMiddleware.php(19): Illuminate/Pipeline/Pipeline->Illuminate/Pipeline/{closure}(Object(Illuminate/Http/Request))
#61 C:/xampp/htdocs/hp/vendor/laravel/framework/src/Illuminate/Pipeline/Pipeline.php(209): Livewire/Features/SupportDisablingBackButtonCache/DisableBackButtonCacheMiddleware->handle(Object(Illuminate/Http/Request), Object(Closure))
#62 C:/xampp/htdocs/hp/vendor/laravel/framework/src/Illuminate/Foundation/Http/Middleware/TransformsRequest.php(21): Illuminate/Pipeline/Pipeline->Illuminate/Pipeline/{closure}(Object(Illuminate/Http/Request))
#63 C:/xampp/htdocs/hp/vendor/laravel/framework/src/Illuminate/Foundation/Http/Middleware/ConvertEmptyStringsToNull.php(31): Illuminate/Foundation/Http/Middleware/TransformsRequest->handle(Object(Illuminate/Http/Request), Object(Closure))
#64 C:/xampp/htdocs/hp/vendor/laravel/framework/src/Illuminate/Pipeline/Pipeline.php(209): Illuminate/Foundation/Http/Middleware/ConvertEmptyStringsToNull->handle(Object(Illuminate/Http/Request), Object(Closure))
#65 C:/xampp/htdocs/hp/vendor/laravel/framework/src/Illuminate/Foundation/Http/Middleware/TransformsRequest.php(21): Illuminate/Pipeline/Pipeline->Illuminate/Pipeline/{closure}(Object(Illuminate/Http/Request))
#66 C:/xampp/htdocs/hp/vendor/laravel/framework/src/Illuminate/Foundation/Http/Middleware/TrimStrings.php(51): Illuminate/Foundation/Http/Middleware/TransformsRequest->handle(Object(Illuminate/Http/Request), Object(Closure))
#67 C:/xampp/htdocs/hp/vendor/laravel/framework/src/Illuminate/Pipeline/Pipeline.php(209): Illuminate/Foundation/Http/Middleware/TrimStrings->handle(Object(Illuminate/Http/Request), Object(Closure))
#68 C:/xampp/htdocs/hp/vendor/laravel/framework/src/Illuminate/Http/Middleware/ValidatePostSize.php(27): Illuminate/Pipeline/Pipeline->Illuminate/Pipeline/{closure}(Object(Illuminate/Http/Request))
#69 C:/xampp/htdocs/hp/vendor/laravel/framework/src/Illuminate/Pipeline/Pipeline.php(209): Illuminate/Http/Middleware/ValidatePostSize->handle(Object(Illuminate/Http/Request), Object(Closure))
#70 C:/xampp/htdocs/hp/vendor/laravel/framework/src/Illuminate/Foundation/Http/Middleware/PreventRequestsDuringMaintenance.php(110): Illuminate/Pipeline/Pipeline->Illuminate/Pipeline/{closure}(Object(Illuminate/Http/Request))
#71 C:/xampp/htdocs/hp/vendor/laravel/framework/src/Illuminate/Pipeline/Pipeline.php(209): Illuminate/Foundation/Http/Middleware/PreventRequestsDuringMaintenance->handle(Object(Illuminate/Http/Request), Object(Closure))
#72 C:/xampp/htdocs/hp/vendor/laravel/framework/src/Illuminate/Http/Middleware/HandleCors.php(49): Illuminate/Pipeline/Pipeline->Illuminate/Pipeline/{closure}(Object(Illuminate/Http/Request))
#73 C:/xampp/htdocs/hp/vendor/laravel/framework/src/Illuminate/Pipeline/Pipeline.php(209): Illuminate/Http/Middleware/HandleCors->handle(Object(Illuminate/Http/Request), Object(Closure))
#74 C:/xampp/htdocs/hp/vendor/laravel/framework/src/Illuminate/Http/Middleware/TrustProxies.php(58): Illuminate/Pipeline/Pipeline->Illuminate/Pipeline/{closure}(Object(Illuminate/Http/Request))
#75 C:/xampp/htdocs/hp/vendor/laravel/framework/src/Illuminate/Pipeline/Pipeline.php(209): Illuminate/Http/Middleware/TrustProxies->handle(Object(Illuminate/Http/Request), Object(Closure))
#76 C:/xampp/htdocs/hp/vendor/laravel/framework/src/Illuminate/Foundation/Http/Middleware/InvokeDeferredCallbacks.php(22): Illuminate/Pipeline/Pipeline->Illuminate/Pipeline/{closure}(Object(Illuminate/Http/Request))
#77 C:/xampp/htdocs/hp/vendor/laravel/framework/src/Illuminate/Pipeline/Pipeline.php(209): Illuminate/Foundation/Http/Middleware/InvokeDeferredCallbacks->handle(Object(Illuminate/Http/Request), Object(Closure))
#78 C:/xampp/htdocs/hp/vendor/laravel/framework/src/Illuminate/Pipeline/Pipeline.php(127): Illuminate/Pipeline/Pipeline->Illuminate/Pipeline/{closure}(Object(Illuminate/Http/Request))
#79 C:/xampp/htdocs/hp/vendor/laravel/framework/src/Illuminate/Foundation/Http/Kernel.php(176): Illuminate/Pipeline/Pipeline->then(Object(Closure))
#80 C:/xampp/htdocs/hp/vendor/laravel/framework/src/Illuminate/Foundation/Http/Kernel.php(145): Illuminate/Foundation/Http/Kernel->sendRequestThroughRouter(Object(Illuminate/Http/Request))
#81 C:/xampp/htdocs/hp/vendor/laravel/framework/src/Illuminate/Foundation/Application.php(1220): Illuminate/Foundation/Http/Kernel->handle(Object(Illuminate/Http/Request))
#82 C:/xampp/htdocs/hp/public/index.php(17): Illuminate/Foundation/Application->handleRequest(Object(Illuminate/Http/Request))
#83 C:/xampp/htdocs/hp/vendor/laravel/framework/src/Illuminate/Foundation/resources/server.php(23): require_once('C://xampp//htdocs...')
#84 {main}

[previous exception] [object] (Illuminate\\View\\ViewException(code: 0): The \"intl\" PHP extension is required to use the [format] method. (View: C:\\xampp\\htdocs\\hp\\vendor\\filament\\tables\\resources\\views\\components\\selection\\indicator.blade.php) at C:/xampp/htdocs/hp/vendor/laravel/framework/src/Illuminate/Support/Number.php:385)
[stacktrace]
#0 C:/xampp/htdocs/hp/vendor/livewire/livewire/src/Mechanisms/ExtendBlade/ExtendedCompilerEngine.php(58): Illuminate/View/Engines/CompilerEngine->handleViewException(Object(RuntimeException), 5)
#1 C:/xampp/htdocs/hp/vendor/livewire/livewire/src/Mechanisms/ExtendBlade/ExtendedCompilerEngine.php(40): Livewire/Mechanisms/ExtendBlade/ExtendedCompilerEngine->handleViewException(Object(RuntimeException), 5)
#2 C:/xampp/htdocs/hp/vendor/laravel/framework/src/Illuminate/View/Engines/CompilerEngine.php(75): Livewire/Mechanisms/ExtendBlade/ExtendedCompilerEngine->evaluatePath('C://xampp//htdocs...', Array)
#3 C:/xampp/htdocs/hp/vendor/livewire/livewire/src/Mechanisms/ExtendBlade/ExtendedCompilerEngine.php(16): Illuminate/View/Engines/CompilerEngine->get('C://xampp//htdocs...', Array)
#4 C:/xampp/htdocs/hp/vendor/laravel/framework/src/Illuminate/View/View.php(209): Livewire/Mechanisms/ExtendBlade/ExtendedCompilerEngine->get('C://xampp//htdocs...', Array)
#5 C:/xampp/htdocs/hp/vendor/laravel/framework/src/Illuminate/View/View.php(192): Illuminate/View/View->getContents()
#6 C:/xampp/htdocs/hp/vendor/laravel/framework/src/Illuminate/View/View.php(161): Illuminate/View/View->renderContents()
#7 C:/xampp/htdocs/hp/vendor/laravel/framework/src/Illuminate/View/Concerns/ManagesComponents.php(103): Illuminate/View/View->render()
#8 C:/xampp/htdocs/hp/storage/framework/views/6477c3f58b3f6bca4ff1555fac23c21c.php(422): Illuminate/View/Factory->renderComponent()
#9 C:/xampp/htdocs/hp/vendor/livewire/livewire/src/Mechanisms/ExtendBlade/ExtendedCompilerEngine.php(37): include('C://xampp//htdocs...')
#10 C:/xampp/htdocs/hp/vendor/livewire/livewire/src/Mechanisms/ExtendBlade/ExtendedCompilerEngine.php(38): App/Filament/Resources/PageResource/Pages/ListPages->Livewire/Mechanisms/ExtendBlade/{closure}()
#11 C:/xampp/htdocs/hp/vendor/laravel/framework/src/Illuminate/View/Engines/CompilerEngine.php(75): Livewire/Mechanisms/ExtendBlade/ExtendedCompilerEngine->evaluatePath('C://xampp//htdocs...', Array)
#12 C:/xampp/htdocs/hp/vendor/livewire/livewire/src/Mechanisms/ExtendBlade/ExtendedCompilerEngine.php(16): Illuminate/View/Engines/CompilerEngine->get('C://xampp//htdocs...', Array)
#13 C:/xampp/htdocs/hp/vendor/laravel/framework/src/Illuminate/View/View.php(209): Livewire/Mechanisms/ExtendBlade/ExtendedCompilerEngine->get('C://xampp//htdocs...', Array)
#14 C:/xampp/htdocs/hp/vendor/laravel/framework/src/Illuminate/View/View.php(192): Illuminate/View/View->getContents()
#15 C:/xampp/htdocs/hp/vendor/laravel/framework/src/Illuminate/View/View.php(161): Illuminate/View/View->renderContents()
#16 C:/xampp/htdocs/hp/vendor/filament/support/src/Components/ViewComponent.php(115): Illuminate/View/View->render()
#17 C:/xampp/htdocs/hp/vendor/laravel/framework/src/Illuminate/Support/helpers.php(134): Filament/Support/Components/ViewComponent->toHtml()
#18 C:/xampp/htdocs/hp/storage/framework/views/853058402355b8ac6aa7297050bc2a12.php(42): e(Object(Filament/Tables/Table))
#19 C:/xampp/htdocs/hp/vendor/livewire/livewire/src/Mechanisms/ExtendBlade/ExtendedCompilerEngine.php(37): include('C://xampp//htdocs...')
#20 C:/xampp/htdocs/hp/vendor/livewire/livewire/src/Mechanisms/ExtendBlade/ExtendedCompilerEngine.php(38): App/Filament/Resources/PageResource/Pages/ListPages->Livewire/Mechanisms/ExtendBlade/{closure}()
#21 C:/xampp/htdocs/hp/vendor/laravel/framework/src/Illuminate/View/Engines/CompilerEngine.php(75): Livewire/Mechanisms/ExtendBlade/ExtendedCompilerEngine->evaluatePath('C://xampp//htdocs...', Array)
#22 C:/xampp/htdocs/hp/vendor/livewire/livewire/src/Mechanisms/ExtendBlade/ExtendedCompilerEngine.php(16): Illuminate/View/Engines/CompilerEngine->get('C://xampp//htdocs...', Array)
#23 C:/xampp/htdocs/hp/vendor/laravel/framework/src/Illuminate/View/View.php(209): Livewire/Mechanisms/ExtendBlade/ExtendedCompilerEngine->get('C://xampp//htdocs...', Array)
#24 C:/xampp/htdocs/hp/vendor/laravel/framework/src/Illuminate/View/View.php(192): Illuminate/View/View->getContents()
#25 C:/xampp/htdocs/hp/vendor/laravel/framework/src/Illuminate/View/View.php(161): Illuminate/View/View->renderContents()
#26 C:/xampp/htdocs/hp/vendor/livewire/livewire/src/Mechanisms/HandleComponents/HandleComponents.php(288): Illuminate/View/View->render(Object(Closure))
#27 C:/xampp/htdocs/hp/vendor/livewire/livewire/src/Mechanisms/HandleComponents/HandleComponents.php(332): Livewire/Mechanisms/HandleComponents/HandleComponents->Livewire/Mechanisms/HandleComponents/{closure}()
#28 C:/xampp/htdocs/hp/vendor/livewire/livewire/src/Mechanisms/HandleComponents/HandleComponents.php(280): Livewire/Mechanisms/HandleComponents/HandleComponents->trackInRenderStack(Object(App/Filament/Resources/PageResource/Pages/ListPages), Object(Closure))
#29 C:/xampp/htdocs/hp/vendor/livewire/livewire/src/Mechanisms/HandleComponents/HandleComponents.php(54): Livewire/Mechanisms/HandleComponents/HandleComponents->render(Object(App/Filament/Resources/PageResource/Pages/ListPages), '<div></div>')
#30 C:/xampp/htdocs/hp/vendor/livewire/livewire/src/LivewireManager.php(73): Livewire/Mechanisms/HandleComponents/HandleComponents->mount('App//Filament//Re...', Array, NULL)
#31 C:/xampp/htdocs/hp/vendor/livewire/livewire/src/Features/SupportPageComponents/HandlesPageComponents.php(17): Livewire/LivewireManager->mount('App//Filament//Re...', Array)
#32 C:/xampp/htdocs/hp/vendor/livewire/livewire/src/Features/SupportPageComponents/SupportPageComponents.php(117): Livewire/Component->Livewire/Features/SupportPageComponents/{closure}()
#33 C:/xampp/htdocs/hp/vendor/livewire/livewire/src/Features/SupportPageComponents/HandlesPageComponents.php(14): Livewire/Features/SupportPageComponents/SupportPageComponents::interceptTheRenderOfTheComponentAndRetreiveTheLayoutConfiguration(Object(Closure))
#34 C:/xampp/htdocs/hp/vendor/laravel/framework/src/Illuminate/Routing/ControllerDispatcher.php(47): Livewire/Component->__invoke()
#35 C:/xampp/htdocs/hp/vendor/laravel/framework/src/Illuminate/Routing/Route.php(266): Illuminate/Routing/ControllerDispatcher->dispatch(Object(Illuminate/Routing/Route), Object(App/Filament/Resources/PageResource/Pages/ListPages), '__invoke')
#36 C:/xampp/htdocs/hp/vendor/laravel/framework/src/Illuminate/Routing/Route.php(212): Illuminate/Routing/Route->runController()
#37 C:/xampp/htdocs/hp/vendor/laravel/framework/src/Illuminate/Routing/Router.php(808): Illuminate/Routing/Route->run()
#38 C:/xampp/htdocs/hp/vendor/laravel/framework/src/Illuminate/Pipeline/Pipeline.php(170): Illuminate/Routing/Router->Illuminate/Routing/{closure}(Object(Illuminate/Http/Request))
#39 C:/xampp/htdocs/hp/vendor/filament/filament/src/Http/Middleware/DispatchServingFilamentEvent.php(15): Illuminate/Pipeline/Pipeline->Illuminate/Pipeline/{closure}(Object(Illuminate/Http/Request))
#40 C:/xampp/htdocs/hp/vendor/laravel/framework/src/Illuminate/Pipeline/Pipeline.php(209): Filament/Http/Middleware/DispatchServingFilamentEvent->handle(Object(Illuminate/Http/Request), Object(Closure))
#41 C:/xampp/htdocs/hp/vendor/filament/filament/src/Http/Middleware/DisableBladeIconComponents.php(14): Illuminate/Pipeline/Pipeline->Illuminate/Pipeline/{closure}(Object(Illuminate/Http/Request))
#42 C:/xampp/htdocs/hp/vendor/laravel/framework/src/Illuminate/Pipeline/Pipeline.php(209): Filament/Http/Middleware/DisableBladeIconComponents->handle(Object(Illuminate/Http/Request), Object(Closure))
#43 C:/xampp/htdocs/hp/vendor/laravel/framework/src/Illuminate/Routing/Middleware/SubstituteBindings.php(51): Illuminate/Pipeline/Pipeline->Illuminate/Pipeline/{closure}(Object(Illuminate/Http/Request))
#44 C:/xampp/htdocs/hp/vendor/laravel/framework/src/Illuminate/Pipeline/Pipeline.php(209): Illuminate/Routing/Middleware/SubstituteBindings->handle(Object(Illuminate/Http/Request), Object(Closure))
#45 C:/xampp/htdocs/hp/vendor/laravel/framework/src/Illuminate/Foundation/Http/Middleware/VerifyCsrfToken.php(88): Illuminate/Pipeline/Pipeline->Illuminate/Pipeline/{closure}(Object(Illuminate/Http/Request))
#46 C:/xampp/htdocs/hp/vendor/laravel/framework/src/Illuminate/Pipeline/Pipeline.php(209): Illuminate/Foundation/Http/Middleware/VerifyCsrfToken->handle(Object(Illuminate/Http/Request), Object(Closure))
#47 C:/xampp/htdocs/hp/vendor/laravel/framework/src/Illuminate/Session/Middleware/AuthenticateSession.php(67): Illuminate/Pipeline/Pipeline->Illuminate/Pipeline/{closure}(Object(Illuminate/Http/Request))
#48 C:/xampp/htdocs/hp/vendor/laravel/framework/src/Illuminate/Pipeline/Pipeline.php(209): Illuminate/Session/Middleware/AuthenticateSession->handle(Object(Illuminate/Http/Request), Object(Closure))
#49 C:/xampp/htdocs/hp/vendor/laravel/framework/src/Illuminate/Auth/Middleware/Authenticate.php(64): Illuminate/Pipeline/Pipeline->Illuminate/Pipeline/{closure}(Object(Illuminate/Http/Request))
#50 C:/xampp/htdocs/hp/vendor/laravel/framework/src/Illuminate/Pipeline/Pipeline.php(209): Illuminate/Auth/Middleware/Authenticate->handle(Object(Illuminate/Http/Request), Object(Closure))
#51 C:/xampp/htdocs/hp/vendor/laravel/framework/src/Illuminate/View/Middleware/ShareErrorsFromSession.php(49): Illuminate/Pipeline/Pipeline->Illuminate/Pipeline/{closure}(Object(Illuminate/Http/Request))
#52 C:/xampp/htdocs/hp/vendor/laravel/framework/src/Illuminate/Pipeline/Pipeline.php(209): Illuminate/View/Middleware/ShareErrorsFromSession->handle(Object(Illuminate/Http/Request), Object(Closure))
#53 C:/xampp/htdocs/hp/vendor/laravel/framework/src/Illuminate/Session/Middleware/StartSession.php(121): Illuminate/Pipeline/Pipeline->Illuminate/Pipeline/{closure}(Object(Illuminate/Http/Request))
#54 C:/xampp/htdocs/hp/vendor/laravel/framework/src/Illuminate/Session/Middleware/StartSession.php(64): Illuminate/Session/Middleware/StartSession->handleStatefulRequest(Object(Illuminate/Http/Request), Object(Illuminate/Session/Store), Object(Closure))
#55 C:/xampp/htdocs/hp/vendor/laravel/framework/src/Illuminate/Pipeline/Pipeline.php(209): Illuminate/Session/Middleware/StartSession->handle(Object(Illuminate/Http/Request), Object(Closure))
#56 C:/xampp/htdocs/hp/vendor/laravel/framework/src/Illuminate/Cookie/Middleware/AddQueuedCookiesToResponse.php(37): Illuminate/Pipeline/Pipeline->Illuminate/Pipeline/{closure}(Object(Illuminate/Http/Request))
#57 C:/xampp/htdocs/hp/vendor/laravel/framework/src/Illuminate/Pipeline/Pipeline.php(209): Illuminate/Cookie/Middleware/AddQueuedCookiesToResponse->handle(Object(Illuminate/Http/Request), Object(Closure))
#58 C:/xampp/htdocs/hp/vendor/laravel/framework/src/Illuminate/Cookie/Middleware/EncryptCookies.php(75): Illuminate/Pipeline/Pipeline->Illuminate/Pipeline/{closure}(Object(Illuminate/Http/Request))
#59 C:/xampp/htdocs/hp/vendor/laravel/framework/src/Illuminate/Pipeline/Pipeline.php(209): Illuminate/Cookie/Middleware/EncryptCookies->handle(Object(Illuminate/Http/Request), Object(Closure))
#60 C:/xampp/htdocs/hp/vendor/filament/filament/src/Http/Middleware/SetUpPanel.php(19): Illuminate/Pipeline/Pipeline->Illuminate/Pipeline/{closure}(Object(Illuminate/Http/Request))
#61 C:/xampp/htdocs/hp/vendor/laravel/framework/src/Illuminate/Pipeline/Pipeline.php(209): Filament/Http/Middleware/SetUpPanel->handle(Object(Illuminate/Http/Request), Object(Closure), Object(Filament/Panel))
#62 C:/xampp/htdocs/hp/vendor/laravel/framework/src/Illuminate/Pipeline/Pipeline.php(127): Illuminate/Pipeline/Pipeline->Illuminate/Pipeline/{closure}(Object(Illuminate/Http/Request))
#63 C:/xampp/htdocs/hp/vendor/laravel/framework/src/Illuminate/Routing/Router.php(807): Illuminate/Pipeline/Pipeline->then(Object(Closure))
#64 C:/xampp/htdocs/hp/vendor/laravel/framework/src/Illuminate/Routing/Router.php(786): Illuminate/Routing/Router->runRouteWithinStack(Object(Illuminate/Routing/Route), Object(Illuminate/Http/Request))
#65 C:/xampp/htdocs/hp/vendor/laravel/framework/src/Illuminate/Routing/Router.php(750): Illuminate/Routing/Router->runRoute(Object(Illuminate/Http/Request), Object(Illuminate/Routing/Route))
#66 C:/xampp/htdocs/hp/vendor/laravel/framework/src/Illuminate/Routing/Router.php(739): Illuminate/Routing/Router->dispatchToRoute(Object(Illuminate/Http/Request))
#67 C:/xampp/htdocs/hp/vendor/laravel/framework/src/Illuminate/Foundation/Http/Kernel.php(201): Illuminate/Routing/Router->dispatch(Object(Illuminate/Http/Request))
#68 C:/xampp/htdocs/hp/vendor/laravel/framework/src/Illuminate/Pipeline/Pipeline.php(170): Illuminate/Foundation/Http/Kernel->Illuminate/Foundation/Http/{closure}(Object(Illuminate/Http/Request))
#69 C:/xampp/htdocs/hp/vendor/livewire/livewire/src/Features/SupportDisablingBackButtonCache/DisableBackButtonCacheMiddleware.php(19): Illuminate/Pipeline/Pipeline->Illuminate/Pipeline/{closure}(Object(Illuminate/Http/Request))
#70 C:/xampp/htdocs/hp/vendor/laravel/framework/src/Illuminate/Pipeline/Pipeline.php(209): Livewire/Features/SupportDisablingBackButtonCache/DisableBackButtonCacheMiddleware->handle(Object(Illuminate/Http/Request), Object(Closure))
#71 C:/xampp/htdocs/hp/vendor/laravel/framework/src/Illuminate/Foundation/Http/Middleware/TransformsRequest.php(21): Illuminate/Pipeline/Pipeline->Illuminate/Pipeline/{closure}(Object(Illuminate/Http/Request))
#72 C:/xampp/htdocs/hp/vendor/laravel/framework/src/Illuminate/Foundation/Http/Middleware/ConvertEmptyStringsToNull.php(31): Illuminate/Foundation/Http/Middleware/TransformsRequest->handle(Object(Illuminate/Http/Request), Object(Closure))
#73 C:/xampp/htdocs/hp/vendor/laravel/framework/src/Illuminate/Pipeline/Pipeline.php(209): Illuminate/Foundation/Http/Middleware/ConvertEmptyStringsToNull->handle(Object(Illuminate/Http/Request), Object(Closure))
#74 C:/xampp/htdocs/hp/vendor/laravel/framework/src/Illuminate/Foundation/Http/Middleware/TransformsRequest.php(21): Illuminate/Pipeline/Pipeline->Illuminate/Pipeline/{closure}(Object(Illuminate/Http/Request))
#75 C:/xampp/htdocs/hp/vendor/laravel/framework/src/Illuminate/Foundation/Http/Middleware/TrimStrings.php(51): Illuminate/Foundation/Http/Middleware/TransformsRequest->handle(Object(Illuminate/Http/Request), Object(Closure))
#76 C:/xampp/htdocs/hp/vendor/laravel/framework/src/Illuminate/Pipeline/Pipeline.php(209): Illuminate/Foundation/Http/Middleware/TrimStrings->handle(Object(Illuminate/Http/Request), Object(Closure))
#77 C:/xampp/htdocs/hp/vendor/laravel/framework/src/Illuminate/Http/Middleware/ValidatePostSize.php(27): Illuminate/Pipeline/Pipeline->Illuminate/Pipeline/{closure}(Object(Illuminate/Http/Request))
#78 C:/xampp/htdocs/hp/vendor/laravel/framework/src/Illuminate/Pipeline/Pipeline.php(209): Illuminate/Http/Middleware/ValidatePostSize->handle(Object(Illuminate/Http/Request), Object(Closure))
#79 C:/xampp/htdocs/hp/vendor/laravel/framework/src/Illuminate/Foundation/Http/Middleware/PreventRequestsDuringMaintenance.php(110): Illuminate/Pipeline/Pipeline->Illuminate/Pipeline/{closure}(Object(Illuminate/Http/Request))
#80 C:/xampp/htdocs/hp/vendor/laravel/framework/src/Illuminate/Pipeline/Pipeline.php(209): Illuminate/Foundation/Http/Middleware/PreventRequestsDuringMaintenance->handle(Object(Illuminate/Http/Request), Object(Closure))
#81 C:/xampp/htdocs/hp/vendor/laravel/framework/src/Illuminate/Http/Middleware/HandleCors.php(49): Illuminate/Pipeline/Pipeline->Illuminate/Pipeline/{closure}(Object(Illuminate/Http/Request))
#82 C:/xampp/htdocs/hp/vendor/laravel/framework/src/Illuminate/Pipeline/Pipeline.php(209): Illuminate/Http/Middleware/HandleCors->handle(Object(Illuminate/Http/Request), Object(Closure))
#83 C:/xampp/htdocs/hp/vendor/laravel/framework/src/Illuminate/Http/Middleware/TrustProxies.php(58): Illuminate/Pipeline/Pipeline->Illuminate/Pipeline/{closure}(Object(Illuminate/Http/Request))
#84 C:/xampp/htdocs/hp/vendor/laravel/framework/src/Illuminate/Pipeline/Pipeline.php(209): Illuminate/Http/Middleware/TrustProxies->handle(Object(Illuminate/Http/Request), Object(Closure))
#85 C:/xampp/htdocs/hp/vendor/laravel/framework/src/Illuminate/Foundation/Http/Middleware/InvokeDeferredCallbacks.php(22): Illuminate/Pipeline/Pipeline->Illuminate/Pipeline/{closure}(Object(Illuminate/Http/Request))
#86 C:/xampp/htdocs/hp/vendor/laravel/framework/src/Illuminate/Pipeline/Pipeline.php(209): Illuminate/Foundation/Http/Middleware/InvokeDeferredCallbacks->handle(Object(Illuminate/Http/Request), Object(Closure))
#87 C:/xampp/htdocs/hp/vendor/laravel/framework/src/Illuminate/Pipeline/Pipeline.php(127): Illuminate/Pipeline/Pipeline->Illuminate/Pipeline/{closure}(Object(Illuminate/Http/Request))
#88 C:/xampp/htdocs/hp/vendor/laravel/framework/src/Illuminate/Foundation/Http/Kernel.php(176): Illuminate/Pipeline/Pipeline->then(Object(Closure))
#89 C:/xampp/htdocs/hp/vendor/laravel/framework/src/Illuminate/Foundation/Http/Kernel.php(145): Illuminate/Foundation/Http/Kernel->sendRequestThroughRouter(Object(Illuminate/Http/Request))
#90 C:/xampp/htdocs/hp/vendor/laravel/framework/src/Illuminate/Foundation/Application.php(1220): Illuminate/Foundation/Http/Kernel->handle(Object(Illuminate/Http/Request))
#91 C:/xampp/htdocs/hp/public/index.php(17): Illuminate/Foundation/Application->handleRequest(Object(Illuminate/Http/Request))
#92 C:/xampp/htdocs/hp/vendor/laravel/framework/src/Illuminate/Foundation/resources/server.php(23): require_once('C://xampp//htdocs...')
#93 {main}

[previous exception] [object] (RuntimeException(code: 0): The \"intl\" PHP extension is required to use the [format] method. at C:/xampp/htdocs/hp/vendor/laravel/framework/src/Illuminate/Support/Number.php:385)
[stacktrace]
#0 C:/xampp/htdocs/hp/vendor/laravel/framework/src/Illuminate/Support/Number.php(38): Illuminate/Support/Number::ensureIntlExtensionIsInstalled()
#1 C:/xampp/htdocs/hp/storage/framework/views/5e865bcb1dd49d174f5d4c4db01fac43.php(113): Illuminate/Support/Number::format(6, NULL, NULL, 'en')
#2 C:/xampp/htdocs/hp/vendor/livewire/livewire/src/Mechanisms/ExtendBlade/ExtendedCompilerEngine.php(37): include('C://xampp//htdocs...')
#3 C:/xampp/htdocs/hp/vendor/livewire/livewire/src/Mechanisms/ExtendBlade/ExtendedCompilerEngine.php(38): App/Filament/Resources/PageResource/Pages/ListPages->Livewire/Mechanisms/ExtendBlade/{closure}()
#4 C:/xampp/htdocs/hp/vendor/laravel/framework/src/Illuminate/View/Engines/CompilerEngine.php(75): Livewire/Mechanisms/ExtendBlade/ExtendedCompilerEngine->evaluatePath('C://xampp//htdocs...', Array)
#5 C:/xampp/htdocs/hp/vendor/livewire/livewire/src/Mechanisms/ExtendBlade/ExtendedCompilerEngine.php(16): Illuminate/View/Engines/CompilerEngine->get('C://xampp//htdocs...', Array)
#6 C:/xampp/htdocs/hp/vendor/laravel/framework/src/Illuminate/View/View.php(209): Livewire/Mechanisms/ExtendBlade/ExtendedCompilerEngine->get('C://xampp//htdocs...', Array)
#7 C:/xampp/htdocs/hp/vendor/laravel/framework/src/Illuminate/View/View.php(192): Illuminate/View/View->getContents()
#8 C:/xampp/htdocs/hp/vendor/laravel/framework/src/Illuminate/View/View.php(161): Illuminate/View/View->renderContents()
#9 C:/xampp/htdocs/hp/vendor/laravel/framework/src/Illuminate/View/Concerns/ManagesComponents.php(103): Illuminate/View/View->render()
#10 C:/xampp/htdocs/hp/storage/framework/views/6477c3f58b3f6bca4ff1555fac23c21c.php(422): Illuminate/View/Factory->renderComponent()
#11 C:/xampp/htdocs/hp/vendor/livewire/livewire/src/Mechanisms/ExtendBlade/ExtendedCompilerEngine.php(37): include('C://xampp//htdocs...')
#12 C:/xampp/htdocs/hp/vendor/livewire/livewire/src/Mechanisms/ExtendBlade/ExtendedCompilerEngine.php(38): App/Filament/Resources/PageResource/Pages/ListPages->Livewire/Mechanisms/ExtendBlade/{closure}()
#13 C:/xampp/htdocs/hp/vendor/laravel/framework/src/Illuminate/View/Engines/CompilerEngine.php(75): Livewire/Mechanisms/ExtendBlade/ExtendedCompilerEngine->evaluatePath('C://xampp//htdocs...', Array)
#14 C:/xampp/htdocs/hp/vendor/livewire/livewire/src/Mechanisms/ExtendBlade/ExtendedCompilerEngine.php(16): Illuminate/View/Engines/CompilerEngine->get('C://xampp//htdocs...', Array)
#15 C:/xampp/htdocs/hp/vendor/laravel/framework/src/Illuminate/View/View.php(209): Livewire/Mechanisms/ExtendBlade/ExtendedCompilerEngine->get('C://xampp//htdocs...', Array)
#16 C:/xampp/htdocs/hp/vendor/laravel/framework/src/Illuminate/View/View.php(192): Illuminate/View/View->getContents()
#17 C:/xampp/htdocs/hp/vendor/laravel/framework/src/Illuminate/View/View.php(161): Illuminate/View/View->renderContents()
#18 C:/xampp/htdocs/hp/vendor/filament/support/src/Components/ViewComponent.php(115): Illuminate/View/View->render()
#19 C:/xampp/htdocs/hp/vendor/laravel/framework/src/Illuminate/Support/helpers.php(134): Filament/Support/Components/ViewComponent->toHtml()
#20 C:/xampp/htdocs/hp/storage/framework/views/853058402355b8ac6aa7297050bc2a12.php(42): e(Object(Filament/Tables/Table))
#21 C:/xampp/htdocs/hp/vendor/livewire/livewire/src/Mechanisms/ExtendBlade/ExtendedCompilerEngine.php(37): include('C://xampp//htdocs...')
#22 C:/xampp/htdocs/hp/vendor/livewire/livewire/src/Mechanisms/ExtendBlade/ExtendedCompilerEngine.php(38): App/Filament/Resources/PageResource/Pages/ListPages->Livewire/Mechanisms/ExtendBlade/{closure}()
#23 C:/xampp/htdocs/hp/vendor/laravel/framework/src/Illuminate/View/Engines/CompilerEngine.php(75): Livewire/Mechanisms/ExtendBlade/ExtendedCompilerEngine->evaluatePath('C://xampp//htdocs...', Array)
#24 C:/xampp/htdocs/hp/vendor/livewire/livewire/src/Mechanisms/ExtendBlade/ExtendedCompilerEngine.php(16): Illuminate/View/Engines/CompilerEngine->get('C://xampp//htdocs...', Array)
#25 C:/xampp/htdocs/hp/vendor/laravel/framework/src/Illuminate/View/View.php(209): Livewire/Mechanisms/ExtendBlade/ExtendedCompilerEngine->get('C://xampp//htdocs...', Array)
#26 C:/xampp/htdocs/hp/vendor/laravel/framework/src/Illuminate/View/View.php(192): Illuminate/View/View->getContents()
#27 C:/xampp/htdocs/hp/vendor/laravel/framework/src/Illuminate/View/View.php(161): Illuminate/View/View->renderContents()
#28 C:/xampp/htdocs/hp/vendor/livewire/livewire/src/Mechanisms/HandleComponents/HandleComponents.php(288): Illuminate/View/View->render(Object(Closure))
#29 C:/xampp/htdocs/hp/vendor/livewire/livewire/src/Mechanisms/HandleComponents/HandleComponents.php(332): Livewire/Mechanisms/HandleComponents/HandleComponents->Livewire/Mechanisms/HandleComponents/{closure}()
#30 C:/xampp/htdocs/hp/vendor/livewire/livewire/src/Mechanisms/HandleComponents/HandleComponents.php(280): Livewire/Mechanisms/HandleComponents/HandleComponents->trackInRenderStack(Object(App/Filament/Resources/PageResource/Pages/ListPages), Object(Closure))
#31 C:/xampp/htdocs/hp/vendor/livewire/livewire/src/Mechanisms/HandleComponents/HandleComponents.php(54): Livewire/Mechanisms/HandleComponents/HandleComponents->render(Object(App/Filament/Resources/PageResource/Pages/ListPages), '<div></div>')
#32 C:/xampp/htdocs/hp/vendor/livewire/livewire/src/LivewireManager.php(73): Livewire/Mechanisms/HandleComponents/HandleComponents->mount('App//Filament//Re...', Array, NULL)
#33 C:/xampp/htdocs/hp/vendor/livewire/livewire/src/Features/SupportPageComponents/HandlesPageComponents.php(17): Livewire/LivewireManager->mount('App//Filament//Re...', Array)
#34 C:/xampp/htdocs/hp/vendor/livewire/livewire/src/Features/SupportPageComponents/SupportPageComponents.php(117): Livewire/Component->Livewire/Features/SupportPageComponents/{closure}()
#35 C:/xampp/htdocs/hp/vendor/livewire/livewire/src/Features/SupportPageComponents/HandlesPageComponents.php(14): Livewire/Features/SupportPageComponents/SupportPageComponents::interceptTheRenderOfTheComponentAndRetreiveTheLayoutConfiguration(Object(Closure))
#36 C:/xampp/htdocs/hp/vendor/laravel/framework/src/Illuminate/Routing/ControllerDispatcher.php(47): Livewire/Component->__invoke()
#37 C:/xampp/htdocs/hp/vendor/laravel/framework/src/Illuminate/Routing/Route.php(266): Illuminate/Routing/ControllerDispatcher->dispatch(Object(Illuminate/Routing/Route), Object(App/Filament/Resources/PageResource/Pages/ListPages), '__invoke')
#38 C:/xampp/htdocs/hp/vendor/laravel/framework/src/Illuminate/Routing/Route.php(212): Illuminate/Routing/Route->runController()
#39 C:/xampp/htdocs/hp/vendor/laravel/framework/src/Illuminate/Routing/Router.php(808): Illuminate/Routing/Route->run()
#40 C:/xampp/htdocs/hp/vendor/laravel/framework/src/Illuminate/Pipeline/Pipeline.php(170): Illuminate/Routing/Router->Illuminate/Routing/{closure}(Object(Illuminate/Http/Request))
#41 C:/xampp/htdocs/hp/vendor/filament/filament/src/Http/Middleware/DispatchServingFilamentEvent.php(15): Illuminate/Pipeline/Pipeline->Illuminate/Pipeline/{closure}(Object(Illuminate/Http/Request))
#42 C:/xampp/htdocs/hp/vendor/laravel/framework/src/Illuminate/Pipeline/Pipeline.php(209): Filament/Http/Middleware/DispatchServingFilamentEvent->handle(Object(Illuminate/Http/Request), Object(Closure))
#43 C:/xampp/htdocs/hp/vendor/filament/filament/src/Http/Middleware/DisableBladeIconComponents.php(14): Illuminate/Pipeline/Pipeline->Illuminate/Pipeline/{closure}(Object(Illuminate/Http/Request))
#44 C:/xampp/htdocs/hp/vendor/laravel/framework/src/Illuminate/Pipeline/Pipeline.php(209): Filament/Http/Middleware/DisableBladeIconComponents->handle(Object(Illuminate/Http/Request), Object(Closure))
#45 C:/xampp/htdocs/hp/vendor/laravel/framework/src/Illuminate/Routing/Middleware/SubstituteBindings.php(51): Illuminate/Pipeline/Pipeline->Illuminate/Pipeline/{closure}(Object(Illuminate/Http/Request))
#46 C:/xampp/htdocs/hp/vendor/laravel/framework/src/Illuminate/Pipeline/Pipeline.php(209): Illuminate/Routing/Middleware/SubstituteBindings->handle(Object(Illuminate/Http/Request), Object(Closure))
#47 C:/xampp/htdocs/hp/vendor/laravel/framework/src/Illuminate/Foundation/Http/Middleware/VerifyCsrfToken.php(88): Illuminate/Pipeline/Pipeline->Illuminate/Pipeline/{closure}(Object(Illuminate/Http/Request))
#48 C:/xampp/htdocs/hp/vendor/laravel/framework/src/Illuminate/Pipeline/Pipeline.php(209): Illuminate/Foundation/Http/Middleware/VerifyCsrfToken->handle(Object(Illuminate/Http/Request), Object(Closure))
#49 C:/xampp/htdocs/hp/vendor/laravel/framework/src/Illuminate/Session/Middleware/AuthenticateSession.php(67): Illuminate/Pipeline/Pipeline->Illuminate/Pipeline/{closure}(Object(Illuminate/Http/Request))
#50 C:/xampp/htdocs/hp/vendor/laravel/framework/src/Illuminate/Pipeline/Pipeline.php(209): Illuminate/Session/Middleware/AuthenticateSession->handle(Object(Illuminate/Http/Request), Object(Closure))
#51 C:/xampp/htdocs/hp/vendor/laravel/framework/src/Illuminate/Auth/Middleware/Authenticate.php(64): Illuminate/Pipeline/Pipeline->Illuminate/Pipeline/{closure}(Object(Illuminate/Http/Request))
#52 C:/xampp/htdocs/hp/vendor/laravel/framework/src/Illuminate/Pipeline/Pipeline.php(209): Illuminate/Auth/Middleware/Authenticate->handle(Object(Illuminate/Http/Request), Object(Closure))
#53 C:/xampp/htdocs/hp/vendor/laravel/framework/src/Illuminate/View/Middleware/ShareErrorsFromSession.php(49): Illuminate/Pipeline/Pipeline->Illuminate/Pipeline/{closure}(Object(Illuminate/Http/Request))
#54 C:/xampp/htdocs/hp/vendor/laravel/framework/src/Illuminate/Pipeline/Pipeline.php(209): Illuminate/View/Middleware/ShareErrorsFromSession->handle(Object(Illuminate/Http/Request), Object(Closure))
#55 C:/xampp/htdocs/hp/vendor/laravel/framework/src/Illuminate/Session/Middleware/StartSession.php(121): Illuminate/Pipeline/Pipeline->Illuminate/Pipeline/{closure}(Object(Illuminate/Http/Request))
#56 C:/xampp/htdocs/hp/vendor/laravel/framework/src/Illuminate/Session/Middleware/StartSession.php(64): Illuminate/Session/Middleware/StartSession->handleStatefulRequest(Object(Illuminate/Http/Request), Object(Illuminate/Session/Store), Object(Closure))
#57 C:/xampp/htdocs/hp/vendor/laravel/framework/src/Illuminate/Pipeline/Pipeline.php(209): Illuminate/Session/Middleware/StartSession->handle(Object(Illuminate/Http/Request), Object(Closure))
#58 C:/xampp/htdocs/hp/vendor/laravel/framework/src/Illuminate/Cookie/Middleware/AddQueuedCookiesToResponse.php(37): Illuminate/Pipeline/Pipeline->Illuminate/Pipeline/{closure}(Object(Illuminate/Http/Request))
#59 C:/xampp/htdocs/hp/vendor/laravel/framework/src/Illuminate/Pipeline/Pipeline.php(209): Illuminate/Cookie/Middleware/AddQueuedCookiesToResponse->handle(Object(Illuminate/Http/Request), Object(Closure))
#60 C:/xampp/htdocs/hp/vendor/laravel/framework/src/Illuminate/Cookie/Middleware/EncryptCookies.php(75): Illuminate/Pipeline/Pipeline->Illuminate/Pipeline/{closure}(Object(Illuminate/Http/Request))
#61 C:/xampp/htdocs/hp/vendor/laravel/framework/src/Illuminate/Pipeline/Pipeline.php(209): Illuminate/Cookie/Middleware/EncryptCookies->handle(Object(Illuminate/Http/Request), Object(Closure))
#62 C:/xampp/htdocs/hp/vendor/filament/filament/src/Http/Middleware/SetUpPanel.php(19): Illuminate/Pipeline/Pipeline->Illuminate/Pipeline/{closure}(Object(Illuminate/Http/Request))
#63 C:/xampp/htdocs/hp/vendor/laravel/framework/src/Illuminate/Pipeline/Pipeline.php(209): Filament/Http/Middleware/SetUpPanel->handle(Object(Illuminate/Http/Request), Object(Closure), Object(Filament/Panel))
#64 C:/xampp/htdocs/hp/vendor/laravel/framework/src/Illuminate/Pipeline/Pipeline.php(127): Illuminate/Pipeline/Pipeline->Illuminate/Pipeline/{closure}(Object(Illuminate/Http/Request))
#65 C:/xampp/htdocs/hp/vendor/laravel/framework/src/Illuminate/Routing/Router.php(807): Illuminate/Pipeline/Pipeline->then(Object(Closure))
#66 C:/xampp/htdocs/hp/vendor/laravel/framework/src/Illuminate/Routing/Router.php(786): Illuminate/Routing/Router->runRouteWithinStack(Object(Illuminate/Routing/Route), Object(Illuminate/Http/Request))
#67 C:/xampp/htdocs/hp/vendor/laravel/framework/src/Illuminate/Routing/Router.php(750): Illuminate/Routing/Router->runRoute(Object(Illuminate/Http/Request), Object(Illuminate/Routing/Route))
#68 C:/xampp/htdocs/hp/vendor/laravel/framework/src/Illuminate/Routing/Router.php(739): Illuminate/Routing/Router->dispatchToRoute(Object(Illuminate/Http/Request))
#69 C:/xampp/htdocs/hp/vendor/laravel/framework/src/Illuminate/Foundation/Http/Kernel.php(201): Illuminate/Routing/Router->dispatch(Object(Illuminate/Http/Request))
#70 C:/xampp/htdocs/hp/vendor/laravel/framework/src/Illuminate/Pipeline/Pipeline.php(170): Illuminate/Foundation/Http/Kernel->Illuminate/Foundation/Http/{closure}(Object(Illuminate/Http/Request))
#71 C:/xampp/htdocs/hp/vendor/livewire/livewire/src/Features/SupportDisablingBackButtonCache/DisableBackButtonCacheMiddleware.php(19): Illuminate/Pipeline/Pipeline->Illuminate/Pipeline/{closure}(Object(Illuminate/Http/Request))
#72 C:/xampp/htdocs/hp/vendor/laravel/framework/src/Illuminate/Pipeline/Pipeline.php(209): Livewire/Features/SupportDisablingBackButtonCache/DisableBackButtonCacheMiddleware->handle(Object(Illuminate/Http/Request), Object(Closure))
#73 C:/xampp/htdocs/hp/vendor/laravel/framework/src/Illuminate/Foundation/Http/Middleware/TransformsRequest.php(21): Illuminate/Pipeline/Pipeline->Illuminate/Pipeline/{closure}(Object(Illuminate/Http/Request))
#74 C:/xampp/htdocs/hp/vendor/laravel/framework/src/Illuminate/Foundation/Http/Middleware/ConvertEmptyStringsToNull.php(31): Illuminate/Foundation/Http/Middleware/TransformsRequest->handle(Object(Illuminate/Http/Request), Object(Closure))
#75 C:/xampp/htdocs/hp/vendor/laravel/framework/src/Illuminate/Pipeline/Pipeline.php(209): Illuminate/Foundation/Http/Middleware/ConvertEmptyStringsToNull->handle(Object(Illuminate/Http/Request), Object(Closure))
#76 C:/xampp/htdocs/hp/vendor/laravel/framework/src/Illuminate/Foundation/Http/Middleware/TransformsRequest.php(21): Illuminate/Pipeline/Pipeline->Illuminate/Pipeline/{closure}(Object(Illuminate/Http/Request))
#77 C:/xampp/htdocs/hp/vendor/laravel/framework/src/Illuminate/Foundation/Http/Middleware/TrimStrings.php(51): Illuminate/Foundation/Http/Middleware/TransformsRequest->handle(Object(Illuminate/Http/Request), Object(Closure))
#78 C:/xampp/htdocs/hp/vendor/laravel/framework/src/Illuminate/Pipeline/Pipeline.php(209): Illuminate/Foundation/Http/Middleware/TrimStrings->handle(Object(Illuminate/Http/Request), Object(Closure))
#79 C:/xampp/htdocs/hp/vendor/laravel/framework/src/Illuminate/Http/Middleware/ValidatePostSize.php(27): Illuminate/Pipeline/Pipeline->Illuminate/Pipeline/{closure}(Object(Illuminate/Http/Request))
#80 C:/xampp/htdocs/hp/vendor/laravel/framework/src/Illuminate/Pipeline/Pipeline.php(209): Illuminate/Http/Middleware/ValidatePostSize->handle(Object(Illuminate/Http/Request), Object(Closure))
#81 C:/xampp/htdocs/hp/vendor/laravel/framework/src/Illuminate/Foundation/Http/Middleware/PreventRequestsDuringMaintenance.php(110): Illuminate/Pipeline/Pipeline->Illuminate/Pipeline/{closure}(Object(Illuminate/Http/Request))
#82 C:/xampp/htdocs/hp/vendor/laravel/framework/src/Illuminate/Pipeline/Pipeline.php(209): Illuminate/Foundation/Http/Middleware/PreventRequestsDuringMaintenance->handle(Object(Illuminate/Http/Request), Object(Closure))
#83 C:/xampp/htdocs/hp/vendor/laravel/framework/src/Illuminate/Http/Middleware/HandleCors.php(49): Illuminate/Pipeline/Pipeline->Illuminate/Pipeline/{closure}(Object(Illuminate/Http/Request))
#84 C:/xampp/htdocs/hp/vendor/laravel/framework/src/Illuminate/Pipeline/Pipeline.php(209): Illuminate/Http/Middleware/HandleCors->handle(Object(Illuminate/Http/Request), Object(Closure))
#85 C:/xampp/htdocs/hp/vendor/laravel/framework/src/Illuminate/Http/Middleware/TrustProxies.php(58): Illuminate/Pipeline/Pipeline->Illuminate/Pipeline/{closure}(Object(Illuminate/Http/Request))
#86 C:/xampp/htdocs/hp/vendor/laravel/framework/src/Illuminate/Pipeline/Pipeline.php(209): Illuminate/Http/Middleware/TrustProxies->handle(Object(Illuminate/Http/Request), Object(Closure))
#87 C:/xampp/htdocs/hp/vendor/laravel/framework/src/Illuminate/Foundation/Http/Middleware/InvokeDeferredCallbacks.php(22): Illuminate/Pipeline/Pipeline->Illuminate/Pipeline/{closure}(Object(Illuminate/Http/Request))
#88 C:/xampp/htdocs/hp/vendor/laravel/framework/src/Illuminate/Pipeline/Pipeline.php(209): Illuminate/Foundation/Http/Middleware/InvokeDeferredCallbacks->handle(Object(Illuminate/Http/Request), Object(Closure))
#89 C:/xampp/htdocs/hp/vendor/laravel/framework/src/Illuminate/Pipeline/Pipeline.php(127): Illuminate/Pipeline/Pipeline->Illuminate/Pipeline/{closure}(Object(Illuminate/Http/Request))
#90 C:/xampp/htdocs/hp/vendor/laravel/framework/src/Illuminate/Foundation/Http/Kernel.php(176): Illuminate/Pipeline/Pipeline->then(Object(Closure))
#91 C:/xampp/htdocs/hp/vendor/laravel/framework/src/Illuminate/Foundation/Http/Kernel.php(145): Illuminate/Foundation/Http/Kernel->sendRequestThroughRouter(Object(Illuminate/Http/Request))
#92 C:/xampp/htdocs/hp/vendor/laravel/framework/src/Illuminate/Foundation/Application.php(1220): Illuminate/Foundation/Http/Kernel->handle(Object(Illuminate/Http/Request))
#93 C:/xampp/htdocs/hp/public/index.php(17): Illuminate/Foundation/Application->handleRequest(Object(Illuminate/Http/Request))
#94 C:/xampp/htdocs/hp/vendor/laravel/framework/src/Illuminate/Foundation/resources/server.php(23): require_once('C://xampp//htdocs...')
#95 {main}
"} 
[2026-09-30 12:00:49] local.ERROR: The "intl" PHP extension is required to use the [format] method. (View: C:\xampp\htdocs\hp\vendor\filament\tables\resources\views\components\selection\indicator.blade.php) (View: C:\xampp\htdocs\hp\vendor\filament\tables\resources\views\components\selection\indicator.blade.php) (View: C:\xampp\htdocs\hp\vendor\filament\tables\resources\views\components\selection\indicator.blade.php) {"userId":1,"exception":"[object] (Illuminate\\View\\ViewException(code: 0): The \"intl\" PHP extension is required to use the [format] method. (View: C:\\xampp\\htdocs\\hp\\vendor\\filament\\tables\\resources\\views\\components\\selection\\indicator.blade.php) (View: C:\\xampp\\htdocs\\hp\\vendor\\filament\\tables\\resources\\views\\components\\selection\\indicator.blade.php) (View: C:\\xampp\\htdocs\\hp\\vendor\\filament\\tables\\resources\\views\\components\\selection\\indicator.blade.php) at C:/xampp/htdocs/hp/vendor/laravel/framework/src/Illuminate/Support/Number.php:385)
[stacktrace]
#0 C:/xampp/htdocs/hp/vendor/livewire/livewire/src/Mechanisms/ExtendBlade/ExtendedCompilerEngine.php(58): Illuminate/View/Engines/CompilerEngine->handleViewException(Object(Illuminate/View/ViewException), 1)
#1 C:/xampp/htdocs/hp/vendor/livewire/livewire/src/Mechanisms/ExtendBlade/ExtendedCompilerEngine.php(40): Livewire/Mechanisms/ExtendBlade/ExtendedCompilerEngine->handleViewException(Object(Illuminate/View/ViewException), 1)
#2 C:/xampp/htdocs/hp/vendor/laravel/framework/src/Illuminate/View/Engines/CompilerEngine.php(75): Livewire/Mechanisms/ExtendBlade/ExtendedCompilerEngine->evaluatePath('C://xampp//htdocs...', Array)
#3 C:/xampp/htdocs/hp/vendor/livewire/livewire/src/Mechanisms/ExtendBlade/ExtendedCompilerEngine.php(16): Illuminate/View/Engines/CompilerEngine->get('C://xampp//htdocs...', Array)
#4 C:/xampp/htdocs/hp/vendor/laravel/framework/src/Illuminate/View/View.php(209): Livewire/Mechanisms/ExtendBlade/ExtendedCompilerEngine->get('C://xampp//htdocs...', Array)
#5 C:/xampp/htdocs/hp/vendor/laravel/framework/src/Illuminate/View/View.php(192): Illuminate/View/View->getContents()
#6 C:/xampp/htdocs/hp/vendor/laravel/framework/src/Illuminate/View/View.php(161): Illuminate/View/View->renderContents()
#7 C:/xampp/htdocs/hp/vendor/livewire/livewire/src/Mechanisms/HandleComponents/HandleComponents.php(288): Illuminate/View/View->render(Object(Closure))
#8 C:/xampp/htdocs/hp/vendor/livewire/livewire/src/Mechanisms/HandleComponents/HandleComponents.php(332): Livewire/Mechanisms/HandleComponents/HandleComponents->Livewire/Mechanisms/HandleComponents/{closure}()
#9 C:/xampp/htdocs/hp/vendor/livewire/livewire/src/Mechanisms/HandleComponents/HandleComponents.php(280): Livewire/Mechanisms/HandleComponents/HandleComponents->trackInRenderStack(Object(App/Filament/Resources/PageResource/Pages/ListPages), Object(Closure))
#10 C:/xampp/htdocs/hp/vendor/livewire/livewire/src/Mechanisms/HandleComponents/HandleComponents.php(54): Livewire/Mechanisms/HandleComponents/HandleComponents->render(Object(App/Filament/Resources/PageResource/Pages/ListPages), '<div></div>')
#11 C:/xampp/htdocs/hp/vendor/livewire/livewire/src/LivewireManager.php(73): Livewire/Mechanisms/HandleComponents/HandleComponents->mount('App//Filament//Re...', Array, NULL)
#12 C:/xampp/htdocs/hp/vendor/livewire/livewire/src/Features/SupportPageComponents/HandlesPageComponents.php(17): Livewire/LivewireManager->mount('App//Filament//Re...', Array)
#13 C:/xampp/htdocs/hp/vendor/livewire/livewire/src/Features/SupportPageComponents/SupportPageComponents.php(117): Livewire/Component->Livewire/Features/SupportPageComponents/{closure}()
#14 C:/xampp/htdocs/hp/vendor/livewire/livewire/src/Features/SupportPageComponents/HandlesPageComponents.php(14): Livewire/Features/SupportPageComponents/SupportPageComponents::interceptTheRenderOfTheComponentAndRetreiveTheLayoutConfiguration(Object(Closure))
#15 C:/xampp/htdocs/hp/vendor/laravel/framework/src/Illuminate/Routing/ControllerDispatcher.php(47): Livewire/Component->__invoke()
#16 C:/xampp/htdocs/hp/vendor/laravel/framework/src/Illuminate/Routing/Route.php(266): Illuminate/Routing/ControllerDispatcher->dispatch(Object(Illuminate/Routing/Route), Object(App/Filament/Resources/PageResource/Pages/ListPages), '__invoke')
#17 C:/xampp/htdocs/hp/vendor/laravel/framework/src/Illuminate/Routing/Route.php(212): Illuminate/Routing/Route->runController()
#18 C:/xampp/htdocs/hp/vendor/laravel/framework/src/Illuminate/Routing/Router.php(808): Illuminate/Routing/Route->run()
#19 C:/xampp/htdocs/hp/vendor/laravel/framework/src/Illuminate/Pipeline/Pipeline.php(170): Illuminate/Routing/Router->Illuminate/Routing/{closure}(Object(Illuminate/Http/Request))
#20 C:/xampp/htdocs/hp/vendor/filament/filament/src/Http/Middleware/DispatchServingFilamentEvent.php(15): Illuminate/Pipeline/Pipeline->Illuminate/Pipeline/{closure}(Object(Illuminate/Http/Request))
#21 C:/xampp/htdocs/hp/vendor/laravel/framework/src/Illuminate/Pipeline/Pipeline.php(209): Filament/Http/Middleware/DispatchServingFilamentEvent->handle(Object(Illuminate/Http/Request), Object(Closure))
#22 C:/xampp/htdocs/hp/vendor/filament/filament/src/Http/Middleware/DisableBladeIconComponents.php(14): Illuminate/Pipeline/Pipeline->Illuminate/Pipeline/{closure}(Object(Illuminate/Http/Request))
#23 C:/xampp/htdocs/hp/vendor/laravel/framework/src/Illuminate/Pipeline/Pipeline.php(209): Filament/Http/Middleware/DisableBladeIconComponents->handle(Object(Illuminate/Http/Request), Object(Closure))
#24 C:/xampp/htdocs/hp/vendor/laravel/framework/src/Illuminate/Routing/Middleware/SubstituteBindings.php(51): Illuminate/Pipeline/Pipeline->Illuminate/Pipeline/{closure}(Object(Illuminate/Http/Request))
#25 C:/xampp/htdocs/hp/vendor/laravel/framework/src/Illuminate/Pipeline/Pipeline.php(209): Illuminate/Routing/Middleware/SubstituteBindings->handle(Object(Illuminate/Http/Request), Object(Closure))
#26 C:/xampp/htdocs/hp/vendor/laravel/framework/src/Illuminate/Foundation/Http/Middleware/VerifyCsrfToken.php(88): Illuminate/Pipeline/Pipeline->Illuminate/Pipeline/{closure}(Object(Illuminate/Http/Request))
#27 C:/xampp/htdocs/hp/vendor/laravel/framework/src/Illuminate/Pipeline/Pipeline.php(209): Illuminate/Foundation/Http/Middleware/VerifyCsrfToken->handle(Object(Illuminate/Http/Request), Object(Closure))
#28 C:/xampp/htdocs/hp/vendor/laravel/framework/src/Illuminate/Session/Middleware/AuthenticateSession.php(67): Illuminate/Pipeline/Pipeline->Illuminate/Pipeline/{closure}(Object(Illuminate/Http/Request))
#29 C:/xampp/htdocs/hp/vendor/laravel/framework/src/Illuminate/Pipeline/Pipeline.php(209): Illuminate/Session/Middleware/AuthenticateSession->handle(Object(Illuminate/Http/Request), Object(Closure))
#30 C:/xampp/htdocs/hp/vendor/laravel/framework/src/Illuminate/Auth/Middleware/Authenticate.php(64): Illuminate/Pipeline/Pipeline->Illuminate/Pipeline/{closure}(Object(Illuminate/Http/Request))
#31 C:/xampp/htdocs/hp/vendor/laravel/framework/src/Illuminate/Pipeline/Pipeline.php(209): Illuminate/Auth/Middleware/Authenticate->handle(Object(Illuminate/Http/Request), Object(Closure))
#32 C:/xampp/htdocs/hp/vendor/laravel/framework/src/Illuminate/View/Middleware/ShareErrorsFromSession.php(49): Illuminate/Pipeline/Pipeline->Illuminate/Pipeline/{closure}(Object(Illuminate/Http/Request))
#33 C:/xampp/htdocs/hp/vendor/laravel/framework/src/Illuminate/Pipeline/Pipeline.php(209): Illuminate/View/Middleware/ShareErrorsFromSession->handle(Object(Illuminate/Http/Request), Object(Closure))
#34 C:/xampp/htdocs/hp/vendor/laravel/framework/src/Illuminate/Session/Middleware/StartSession.php(121): Illuminate/Pipeline/Pipeline->Illuminate/Pipeline/{closure}(Object(Illuminate/Http/Request))
#35 C:/xampp/htdocs/hp/vendor/laravel/framework/src/Illuminate/Session/Middleware/StartSession.php(64): Illuminate/Session/Middleware/StartSession->handleStatefulRequest(Object(Illuminate/Http/Request), Object(Illuminate/Session/Store), Object(Closure))
#36 C:/xampp/htdocs/hp/vendor/laravel/framework/src/Illuminate/Pipeline/Pipeline.php(209): Illuminate/Session/Middleware/StartSession->handle(Object(Illuminate/Http/Request), Object(Closure))
#37 C:/xampp/htdocs/hp/vendor/laravel/framework/src/Illuminate/Cookie/Middleware/AddQueuedCookiesToResponse.php(37): Illuminate/Pipeline/Pipeline->Illuminate/Pipeline/{closure}(Object(Illuminate/Http/Request))
#38 C:/xampp/htdocs/hp/vendor/laravel/framework/src/Illuminate/Pipeline/Pipeline.php(209): Illuminate/Cookie/Middleware/AddQueuedCookiesToResponse->handle(Object(Illuminate/Http/Request), Object(Closure))
#39 C:/xampp/htdocs/hp/vendor/laravel/framework/src/Illuminate/Cookie/Middleware/EncryptCookies.php(75): Illuminate/Pipeline/Pipeline->Illuminate/Pipeline/{closure}(Object(Illuminate/Http/Request))
#40 C:/xampp/htdocs/hp/vendor/laravel/framework/src/Illuminate/Pipeline/Pipeline.php(209): Illuminate/Cookie/Middleware/EncryptCookies->handle(Object(Illuminate/Http/Request), Object(Closure))
#41 C:/xampp/htdocs/hp/vendor/filament/filament/src/Http/Middleware/SetUpPanel.php(19): Illuminate/Pipeline/Pipeline->Illuminate/Pipeline/{closure}(Object(Illuminate/Http/Request))
#42 C:/xampp/htdocs/hp/vendor/laravel/framework/src/Illuminate/Pipeline/Pipeline.php(209): Filament/Http/Middleware/SetUpPanel->handle(Object(Illuminate/Http/Request), Object(Closure), Object(Filament/Panel))
#43 C:/xampp/htdocs/hp/vendor/laravel/framework/src/Illuminate/Pipeline/Pipeline.php(127): Illuminate/Pipeline/Pipeline->Illuminate/Pipeline/{closure}(Object(Illuminate/Http/Request))
#44 C:/xampp/htdocs/hp/vendor/laravel/framework/src/Illuminate/Routing/Router.php(807): Illuminate/Pipeline/Pipeline->then(Object(Closure))
#45 C:/xampp/htdocs/hp/vendor/laravel/framework/src/Illuminate/Routing/Router.php(786): Illuminate/Routing/Router->runRouteWithinStack(Object(Illuminate/Routing/Route), Object(Illuminate/Http/Request))
#46 C:/xampp/htdocs/hp/vendor/laravel/framework/src/Illuminate/Routing/Router.php(750): Illuminate/Routing/Router->runRoute(Object(Illuminate/Http/Request), Object(Illuminate/Routing/Route))
#47 C:/xampp/htdocs/hp/vendor/laravel/framework/src/Illuminate/Routing/Router.php(739): Illuminate/Routing/Router->dispatchToRoute(Object(Illuminate/Http/Request))
#48 C:/xampp/htdocs/hp/vendor/laravel/framework/src/Illuminate/Foundation/Http/Kernel.php(201): Illuminate/Routing/Router->dispatch(Object(Illuminate/Http/Request))
#49 C:/xampp/htdocs/hp/vendor/laravel/framework/src/Illuminate/Pipeline/Pipeline.php(170): Illuminate/Foundation/Http/Kernel->Illuminate/Foundation/Http/{closure}(Object(Illuminate/Http/Request))
#50 C:/xampp/htdocs/hp/vendor/livewire/livewire/src/Features/SupportDisablingBackButtonCache/DisableBackButtonCacheMiddleware.php(19): Illuminate/Pipeline/Pipeline->Illuminate/Pipeline/{closure}(Object(Illuminate/Http/Request))
#51 C:/xampp/htdocs/hp/vendor/laravel/framework/src/Illuminate/Pipeline/Pipeline.php(209): Livewire/Features/SupportDisablingBackButtonCache/DisableBackButtonCacheMiddleware->handle(Object(Illuminate/Http/Request), Object(Closure))
#52 C:/xampp/htdocs/hp/vendor/laravel/framework/src/Illuminate/Foundation/Http/Middleware/TransformsRequest.php(21): Illuminate/Pipeline/Pipeline->Illuminate/Pipeline/{closure}(Object(Illuminate/Http/Request))
#53 C:/xampp/htdocs/hp/vendor/laravel/framework/src/Illuminate/Foundation/Http/Middleware/ConvertEmptyStringsToNull.php(31): Illuminate/Foundation/Http/Middleware/TransformsRequest->handle(Object(Illuminate/Http/Request), Object(Closure))
#54 C:/xampp/htdocs/hp/vendor/laravel/framework/src/Illuminate/Pipeline/Pipeline.php(209): Illuminate/Foundation/Http/Middleware/ConvertEmptyStringsToNull->handle(Object(Illuminate/Http/Request), Object(Closure))
#55 C:/xampp/htdocs/hp/vendor/laravel/framework/src/Illuminate/Foundation/Http/Middleware/TransformsRequest.php(21): Illuminate/Pipeline/Pipeline->Illuminate/Pipeline/{closure}(Object(Illuminate/Http/Request))
#56 C:/xampp/htdocs/hp/vendor/laravel/framework/src/Illuminate/Foundation/Http/Middleware/TrimStrings.php(51): Illuminate/Foundation/Http/Middleware/TransformsRequest->handle(Object(Illuminate/Http/Request), Object(Closure))
#57 C:/xampp/htdocs/hp/vendor/laravel/framework/src/Illuminate/Pipeline/Pipeline.php(209): Illuminate/Foundation/Http/Middleware/TrimStrings->handle(Object(Illuminate/Http/Request), Object(Closure))
#58 C:/xampp/htdocs/hp/vendor/laravel/framework/src/Illuminate/Http/Middleware/ValidatePostSize.php(27): Illuminate/Pipeline/Pipeline->Illuminate/Pipeline/{closure}(Object(Illuminate/Http/Request))
#59 C:/xampp/htdocs/hp/vendor/laravel/framework/src/Illuminate/Pipeline/Pipeline.php(209): Illuminate/Http/Middleware/ValidatePostSize->handle(Object(Illuminate/Http/Request), Object(Closure))
#60 C:/xampp/htdocs/hp/vendor/laravel/framework/src/Illuminate/Foundation/Http/Middleware/PreventRequestsDuringMaintenance.php(110): Illuminate/Pipeline/Pipeline->Illuminate/Pipeline/{closure}(Object(Illuminate/Http/Request))
#61 C:/xampp/htdocs/hp/vendor/laravel/framework/src/Illuminate/Pipeline/Pipeline.php(209): Illuminate/Foundation/Http/Middleware/PreventRequestsDuringMaintenance->handle(Object(Illuminate/Http/Request), Object(Closure))
#62 C:/xampp/htdocs/hp/vendor/laravel/framework/src/Illuminate/Http/Middleware/HandleCors.php(49): Illuminate/Pipeline/Pipeline->Illuminate/Pipeline/{closure}(Object(Illuminate/Http/Request))
#63 C:/xampp/htdocs/hp/vendor/laravel/framework/src/Illuminate/Pipeline/Pipeline.php(209): Illuminate/Http/Middleware/HandleCors->handle(Object(Illuminate/Http/Request), Object(Closure))
#64 C:/xampp/htdocs/hp/vendor/laravel/framework/src/Illuminate/Http/Middleware/TrustProxies.php(58): Illuminate/Pipeline/Pipeline->Illuminate/Pipeline/{closure}(Object(Illuminate/Http/Request))
#65 C:/xampp/htdocs/hp/vendor/laravel/framework/src/Illuminate/Pipeline/Pipeline.php(209): Illuminate/Http/Middleware/TrustProxies->handle(Object(Illuminate/Http/Request), Object(Closure))
#66 C:/xampp/htdocs/hp/vendor/laravel/framework/src/Illuminate/Foundation/Http/Middleware/InvokeDeferredCallbacks.php(22): Illuminate/Pipeline/Pipeline->Illuminate/Pipeline/{closure}(Object(Illuminate/Http/Request))
#67 C:/xampp/htdocs/hp/vendor/laravel/framework/src/Illuminate/Pipeline/Pipeline.php(209): Illuminate/Foundation/Http/Middleware/InvokeDeferredCallbacks->handle(Object(Illuminate/Http/Request), Object(Closure))
#68 C:/xampp/htdocs/hp/vendor/laravel/framework/src/Illuminate/Pipeline/Pipeline.php(127): Illuminate/Pipeline/Pipeline->Illuminate/Pipeline/{closure}(Object(Illuminate/Http/Request))
#69 C:/xampp/htdocs/hp/vendor/laravel/framework/src/Illuminate/Foundation/Http/Kernel.php(176): Illuminate/Pipeline/Pipeline->then(Object(Closure))
#70 C:/xampp/htdocs/hp/vendor/laravel/framework/src/Illuminate/Foundation/Http/Kernel.php(145): Illuminate/Foundation/Http/Kernel->sendRequestThroughRouter(Object(Illuminate/Http/Request))
#71 C:/xampp/htdocs/hp/vendor/laravel/framework/src/Illuminate/Foundation/Application.php(1220): Illuminate/Foundation/Http/Kernel->handle(Object(Illuminate/Http/Request))
#72 C:/xampp/htdocs/hp/public/index.php(17): Illuminate/Foundation/Application->handleRequest(Object(Illuminate/Http/Request))
#73 C:/xampp/htdocs/hp/vendor/laravel/framework/src/Illuminate/Foundation/resources/server.php(23): require_once('C://xampp//htdocs...')
#74 {main}

[previous exception] [object] (Illuminate\\View\\ViewException(code: 0): The \"intl\" PHP extension is required to use the [format] method. (View: C:\\xampp\\htdocs\\hp\\vendor\\filament\\tables\\resources\\views\\components\\selection\\indicator.blade.php) (View: C:\\xampp\\htdocs\\hp\\vendor\\filament\\tables\\resources\\views\\components\\selection\\indicator.blade.php) at C:/xampp/htdocs/hp/vendor/laravel/framework/src/Illuminate/Support/Number.php:385)
[stacktrace]
#0 C:/xampp/htdocs/hp/vendor/livewire/livewire/src/Mechanisms/ExtendBlade/ExtendedCompilerEngine.php(58): Illuminate/View/Engines/CompilerEngine->handleViewException(Object(Illuminate/View/ViewException), 3)
#1 C:/xampp/htdocs/hp/vendor/livewire/livewire/src/Mechanisms/ExtendBlade/ExtendedCompilerEngine.php(40): Livewire/Mechanisms/ExtendBlade/ExtendedCompilerEngine->handleViewException(Object(Illuminate/View/ViewException), 3)
#2 C:/xampp/htdocs/hp/vendor/laravel/framework/src/Illuminate/View/Engines/CompilerEngine.php(75): Livewire/Mechanisms/ExtendBlade/ExtendedCompilerEngine->evaluatePath('C://xampp//htdocs...', Array)
#3 C:/xampp/htdocs/hp/vendor/livewire/livewire/src/Mechanisms/ExtendBlade/ExtendedCompilerEngine.php(16): Illuminate/View/Engines/CompilerEngine->get('C://xampp//htdocs...', Array)
#4 C:/xampp/htdocs/hp/vendor/laravel/framework/src/Illuminate/View/View.php(209): Livewire/Mechanisms/ExtendBlade/ExtendedCompilerEngine->get('C://xampp//htdocs...', Array)
#5 C:/xampp/htdocs/hp/vendor/laravel/framework/src/Illuminate/View/View.php(192): Illuminate/View/View->getContents()
#6 C:/xampp/htdocs/hp/vendor/laravel/framework/src/Illuminate/View/View.php(161): Illuminate/View/View->renderContents()
#7 C:/xampp/htdocs/hp/vendor/filament/support/src/Components/ViewComponent.php(115): Illuminate/View/View->render()
#8 C:/xampp/htdocs/hp/vendor/laravel/framework/src/Illuminate/Support/helpers.php(134): Filament/Support/Components/ViewComponent->toHtml()
#9 C:/xampp/htdocs/hp/storage/framework/views/853058402355b8ac6aa7297050bc2a12.php(42): e(Object(Filament/Tables/Table))
#10 C:/xampp/htdocs/hp/vendor/livewire/livewire/src/Mechanisms/ExtendBlade/ExtendedCompilerEngine.php(37): include('C://xampp//htdocs...')
#11 C:/xampp/htdocs/hp/vendor/livewire/livewire/src/Mechanisms/ExtendBlade/ExtendedCompilerEngine.php(38): App/Filament/Resources/PageResource/Pages/ListPages->Livewire/Mechanisms/ExtendBlade/{closure}()
#12 C:/xampp/htdocs/hp/vendor/laravel/framework/src/Illuminate/View/Engines/CompilerEngine.php(75): Livewire/Mechanisms/ExtendBlade/ExtendedCompilerEngine->evaluatePath('C://xampp//htdocs...', Array)
#13 C:/xampp/htdocs/hp/vendor/livewire/livewire/src/Mechanisms/ExtendBlade/ExtendedCompilerEngine.php(16): Illuminate/View/Engines/CompilerEngine->get('C://xampp//htdocs...', Array)
#14 C:/xampp/htdocs/hp/vendor/laravel/framework/src/Illuminate/View/View.php(209): Livewire/Mechanisms/ExtendBlade/ExtendedCompilerEngine->get('C://xampp//htdocs...', Array)
#15 C:/xampp/htdocs/hp/vendor/laravel/framework/src/Illuminate/View/View.php(192): Illuminate/View/View->getContents()
#16 C:/xampp/htdocs/hp/vendor/laravel/framework/src/Illuminate/View/View.php(161): Illuminate/View/View->renderContents()
#17 C:/xampp/htdocs/hp/vendor/livewire/livewire/src/Mechanisms/HandleComponents/HandleComponents.php(288): Illuminate/View/View->render(Object(Closure))
#18 C:/xampp/htdocs/hp/vendor/livewire/livewire/src/Mechanisms/HandleComponents/HandleComponents.php(332): Livewire/Mechanisms/HandleComponents/HandleComponents->Livewire/Mechanisms/HandleComponents/{closure}()
#19 C:/xampp/htdocs/hp/vendor/livewire/livewire/src/Mechanisms/HandleComponents/HandleComponents.php(280): Livewire/Mechanisms/HandleComponents/HandleComponents->trackInRenderStack(Object(App/Filament/Resources/PageResource/Pages/ListPages), Object(Closure))
#20 C:/xampp/htdocs/hp/vendor/livewire/livewire/src/Mechanisms/HandleComponents/HandleComponents.php(54): Livewire/Mechanisms/HandleComponents/HandleComponents->render(Object(App/Filament/Resources/PageResource/Pages/ListPages), '<div></div>')
#21 C:/xampp/htdocs/hp/vendor/livewire/livewire/src/LivewireManager.php(73): Livewire/Mechanisms/HandleComponents/HandleComponents->mount('App//Filament//Re...', Array, NULL)
#22 C:/xampp/htdocs/hp/vendor/livewire/livewire/src/Features/SupportPageComponents/HandlesPageComponents.php(17): Livewire/LivewireManager->mount('App//Filament//Re...', Array)
#23 C:/xampp/htdocs/hp/vendor/livewire/livewire/src/Features/SupportPageComponents/SupportPageComponents.php(117): Livewire/Component->Livewire/Features/SupportPageComponents/{closure}()
#24 C:/xampp/htdocs/hp/vendor/livewire/livewire/src/Features/SupportPageComponents/HandlesPageComponents.php(14): Livewire/Features/SupportPageComponents/SupportPageComponents::interceptTheRenderOfTheComponentAndRetreiveTheLayoutConfiguration(Object(Closure))
#25 C:/xampp/htdocs/hp/vendor/laravel/framework/src/Illuminate/Routing/ControllerDispatcher.php(47): Livewire/Component->__invoke()
#26 C:/xampp/htdocs/hp/vendor/laravel/framework/src/Illuminate/Routing/Route.php(266): Illuminate/Routing/ControllerDispatcher->dispatch(Object(Illuminate/Routing/Route), Object(App/Filament/Resources/PageResource/Pages/ListPages), '__invoke')
#27 C:/xampp/htdocs/hp/vendor/laravel/framework/src/Illuminate/Routing/Route.php(212): Illuminate/Routing/Route->runController()
#28 C:/xampp/htdocs/hp/vendor/laravel/framework/src/Illuminate/Routing/Router.php(808): Illuminate/Routing/Route->run()
#29 C:/xampp/htdocs/hp/vendor/laravel/framework/src/Illuminate/Pipeline/Pipeline.php(170): Illuminate/Routing/Router->Illuminate/Routing/{closure}(Object(Illuminate/Http/Request))
#30 C:/xampp/htdocs/hp/vendor/filament/filament/src/Http/Middleware/DispatchServingFilamentEvent.php(15): Illuminate/Pipeline/Pipeline->Illuminate/Pipeline/{closure}(Object(Illuminate/Http/Request))
#31 C:/xampp/htdocs/hp/vendor/laravel/framework/src/Illuminate/Pipeline/Pipeline.php(209): Filament/Http/Middleware/DispatchServingFilamentEvent->handle(Object(Illuminate/Http/Request), Object(Closure))
#32 C:/xampp/htdocs/hp/vendor/filament/filament/src/Http/Middleware/DisableBladeIconComponents.php(14): Illuminate/Pipeline/Pipeline->Illuminate/Pipeline/{closure}(Object(Illuminate/Http/Request))
#33 C:/xampp/htdocs/hp/vendor/laravel/framework/src/Illuminate/Pipeline/Pipeline.php(209): Filament/Http/Middleware/DisableBladeIconComponents->handle(Object(Illuminate/Http/Request), Object(Closure))
#34 C:/xampp/htdocs/hp/vendor/laravel/framework/src/Illuminate/Routing/Middleware/SubstituteBindings.php(51): Illuminate/Pipeline/Pipeline->Illuminate/Pipeline/{closure}(Object(Illuminate/Http/Request))
#35 C:/xampp/htdocs/hp/vendor/laravel/framework/src/Illuminate/Pipeline/Pipeline.php(209): Illuminate/Routing/Middleware/SubstituteBindings->handle(Object(Illuminate/Http/Request), Object(Closure))
#36 C:/xampp/htdocs/hp/vendor/laravel/framework/src/Illuminate/Foundation/Http/Middleware/VerifyCsrfToken.php(88): Illuminate/Pipeline/Pipeline->Illuminate/Pipeline/{closure}(Object(Illuminate/Http/Request))
#37 C:/xampp/htdocs/hp/vendor/laravel/framework/src/Illuminate/Pipeline/Pipeline.php(209): Illuminate/Foundation/Http/Middleware/VerifyCsrfToken->handle(Object(Illuminate/Http/Request), Object(Closure))
#38 C:/xampp/htdocs/hp/vendor/laravel/framework/src/Illuminate/Session/Middleware/AuthenticateSession.php(67): Illuminate/Pipeline/Pipeline->Illuminate/Pipeline/{closure}(Object(Illuminate/Http/Request))
#39 C:/xampp/htdocs/hp/vendor/laravel/framework/src/Illuminate/Pipeline/Pipeline.php(209): Illuminate/Session/Middleware/AuthenticateSession->handle(Object(Illuminate/Http/Request), Object(Closure))
#40 C:/xampp/htdocs/hp/vendor/laravel/framework/src/Illuminate/Auth/Middleware/Authenticate.php(64): Illuminate/Pipeline/Pipeline->Illuminate/Pipeline/{closure}(Object(Illuminate/Http/Request))
#41 C:/xampp/htdocs/hp/vendor/laravel/framework/src/Illuminate/Pipeline/Pipeline.php(209): Illuminate/Auth/Middleware/Authenticate->handle(Object(Illuminate/Http/Request), Object(Closure))
#42 C:/xampp/htdocs/hp/vendor/laravel/framework/src/Illuminate/View/Middleware/ShareErrorsFromSession.php(49): Illuminate/Pipeline/Pipeline->Illuminate/Pipeline/{closure}(Object(Illuminate/Http/Request))
#43 C:/xampp/htdocs/hp/vendor/laravel/framework/src/Illuminate/Pipeline/Pipeline.php(209): Illuminate/View/Middleware/ShareErrorsFromSession->handle(Object(Illuminate/Http/Request), Object(Closure))
#44 C:/xampp/htdocs/hp/vendor/laravel/framework/src/Illuminate/Session/Middleware/StartSession.php(121): Illuminate/Pipeline/Pipeline->Illuminate/Pipeline/{closure}(Object(Illuminate/Http/Request))
#45 C:/xampp/htdocs/hp/vendor/laravel/framework/src/Illuminate/Session/Middleware/StartSession.php(64): Illuminate/Session/Middleware/StartSession->handleStatefulRequest(Object(Illuminate/Http/Request), Object(Illuminate/Session/Store), Object(Closure))
#46 C:/xampp/htdocs/hp/vendor/laravel/framework/src/Illuminate/Pipeline/Pipeline.php(209): Illuminate/Session/Middleware/StartSession->handle(Object(Illuminate/Http/Request), Object(Closure))
#47 C:/xampp/htdocs/hp/vendor/laravel/framework/src/Illuminate/Cookie/Middleware/AddQueuedCookiesToResponse.php(37): Illuminate/Pipeline/Pipeline->Illuminate/Pipeline/{closure}(Object(Illuminate/Http/Request))
#48 C:/xampp/htdocs/hp/vendor/laravel/framework/src/Illuminate/Pipeline/Pipeline.php(209): Illuminate/Cookie/Middleware/AddQueuedCookiesToResponse->handle(Object(Illuminate/Http/Request), Object(Closure))
#49 C:/xampp/htdocs/hp/vendor/laravel/framework/src/Illuminate/Cookie/Middleware/EncryptCookies.php(75): Illuminate/Pipeline/Pipeline->Illuminate/Pipeline/{closure}(Object(Illuminate/Http/Request))
#50 C:/xampp/htdocs/hp/vendor/laravel/framework/src/Illuminate/Pipeline/Pipeline.php(209): Illuminate/Cookie/Middleware/EncryptCookies->handle(Object(Illuminate/Http/Request), Object(Closure))
#51 C:/xampp/htdocs/hp/vendor/filament/filament/src/Http/Middleware/SetUpPanel.php(19): Illuminate/Pipeline/Pipeline->Illuminate/Pipeline/{closure}(Object(Illuminate/Http/Request))
#52 C:/xampp/htdocs/hp/vendor/laravel/framework/src/Illuminate/Pipeline/Pipeline.php(209): Filament/Http/Middleware/SetUpPanel->handle(Object(Illuminate/Http/Request), Object(Closure), Object(Filament/Panel))
#53 C:/xampp/htdocs/hp/vendor/laravel/framework/src/Illuminate/Pipeline/Pipeline.php(127): Illuminate/Pipeline/Pipeline->Illuminate/Pipeline/{closure}(Object(Illuminate/Http/Request))
#54 C:/xampp/htdocs/hp/vendor/laravel/framework/src/Illuminate/Routing/Router.php(807): Illuminate/Pipeline/Pipeline->then(Object(Closure))
#55 C:/xampp/htdocs/hp/vendor/laravel/framework/src/Illuminate/Routing/Router.php(786): Illuminate/Routing/Router->runRouteWithinStack(Object(Illuminate/Routing/Route), Object(Illuminate/Http/Request))
#56 C:/xampp/htdocs/hp/vendor/laravel/framework/src/Illuminate/Routing/Router.php(750): Illuminate/Routing/Router->runRoute(Object(Illuminate/Http/Request), Object(Illuminate/Routing/Route))
#57 C:/xampp/htdocs/hp/vendor/laravel/framework/src/Illuminate/Routing/Router.php(739): Illuminate/Routing/Router->dispatchToRoute(Object(Illuminate/Http/Request))
#58 C:/xampp/htdocs/hp/vendor/laravel/framework/src/Illuminate/Foundation/Http/Kernel.php(201): Illuminate/Routing/Router->dispatch(Object(Illuminate/Http/Request))
#59 C:/xampp/htdocs/hp/vendor/laravel/framework/src/Illuminate/Pipeline/Pipeline.php(170): Illuminate/Foundation/Http/Kernel->Illuminate/Foundation/Http/{closure}(Object(Illuminate/Http/Request))
#60 C:/xampp/htdocs/hp/vendor/livewire/livewire/src/Features/SupportDisablingBackButtonCache/DisableBackButtonCacheMiddleware.php(19): Illuminate/Pipeline/Pipeline->Illuminate/Pipeline/{closure}(Object(Illuminate/Http/Request))
#61 C:/xampp/htdocs/hp/vendor/laravel/framework/src/Illuminate/Pipeline/Pipeline.php(209): Livewire/Features/SupportDisablingBackButtonCache/DisableBackButtonCacheMiddleware->handle(Object(Illuminate/Http/Request), Object(Closure))
#62 C:/xampp/htdocs/hp/vendor/laravel/framework/src/Illuminate/Foundation/Http/Middleware/TransformsRequest.php(21): Illuminate/Pipeline/Pipeline->Illuminate/Pipeline/{closure}(Object(Illuminate/Http/Request))
#63 C:/xampp/htdocs/hp/vendor/laravel/framework/src/Illuminate/Foundation/Http/Middleware/ConvertEmptyStringsToNull.php(31): Illuminate/Foundation/Http/Middleware/TransformsRequest->handle(Object(Illuminate/Http/Request), Object(Closure))
#64 C:/xampp/htdocs/hp/vendor/laravel/framework/src/Illuminate/Pipeline/Pipeline.php(209): Illuminate/Foundation/Http/Middleware/ConvertEmptyStringsToNull->handle(Object(Illuminate/Http/Request), Object(Closure))
#65 C:/xampp/htdocs/hp/vendor/laravel/framework/src/Illuminate/Foundation/Http/Middleware/TransformsRequest.php(21): Illuminate/Pipeline/Pipeline->Illuminate/Pipeline/{closure}(Object(Illuminate/Http/Request))
#66 C:/xampp/htdocs/hp/vendor/laravel/framework/src/Illuminate/Foundation/Http/Middleware/TrimStrings.php(51): Illuminate/Foundation/Http/Middleware/TransformsRequest->handle(Object(Illuminate/Http/Request), Object(Closure))
#67 C:/xampp/htdocs/hp/vendor/laravel/framework/src/Illuminate/Pipeline/Pipeline.php(209): Illuminate/Foundation/Http/Middleware/TrimStrings->handle(Object(Illuminate/Http/Request), Object(Closure))
#68 C:/xampp/htdocs/hp/vendor/laravel/framework/src/Illuminate/Http/Middleware/ValidatePostSize.php(27): Illuminate/Pipeline/Pipeline->Illuminate/Pipeline/{closure}(Object(Illuminate/Http/Request))
#69 C:/xampp/htdocs/hp/vendor/laravel/framework/src/Illuminate/Pipeline/Pipeline.php(209): Illuminate/Http/Middleware/ValidatePostSize->handle(Object(Illuminate/Http/Request), Object(Closure))
#70 C:/xampp/htdocs/hp/vendor/laravel/framework/src/Illuminate/Foundation/Http/Middleware/PreventRequestsDuringMaintenance.php(110): Illuminate/Pipeline/Pipeline->Illuminate/Pipeline/{closure}(Object(Illuminate/Http/Request))
#71 C:/xampp/htdocs/hp/vendor/laravel/framework/src/Illuminate/Pipeline/Pipeline.php(209): Illuminate/Foundation/Http/Middleware/PreventRequestsDuringMaintenance->handle(Object(Illuminate/Http/Request), Object(Closure))
#72 C:/xampp/htdocs/hp/vendor/laravel/framework/src/Illuminate/Http/Middleware/HandleCors.php(49): Illuminate/Pipeline/Pipeline->Illuminate/Pipeline/{closure}(Object(Illuminate/Http/Request))
#73 C:/xampp/htdocs/hp/vendor/laravel/framework/src/Illuminate/Pipeline/Pipeline.php(209): Illuminate/Http/Middleware/HandleCors->handle(Object(Illuminate/Http/Request), Object(Closure))
#74 C:/xampp/htdocs/hp/vendor/laravel/framework/src/Illuminate/Http/Middleware/TrustProxies.php(58): Illuminate/Pipeline/Pipeline->Illuminate/Pipeline/{closure}(Object(Illuminate/Http/Request))
#75 C:/xampp/htdocs/hp/vendor/laravel/framework/src/Illuminate/Pipeline/Pipeline.php(209): Illuminate/Http/Middleware/TrustProxies->handle(Object(Illuminate/Http/Request), Object(Closure))
#76 C:/xampp/htdocs/hp/vendor/laravel/framework/src/Illuminate/Foundation/Http/Middleware/InvokeDeferredCallbacks.php(22): Illuminate/Pipeline/Pipeline->Illuminate/Pipeline/{closure}(Object(Illuminate/Http/Request))
#77 C:/xampp/htdocs/hp/vendor/laravel/framework/src/Illuminate/Pipeline/Pipeline.php(209): Illuminate/Foundation/Http/Middleware/InvokeDeferredCallbacks->handle(Object(Illuminate/Http/Request), Object(Closure))
#78 C:/xampp/htdocs/hp/vendor/laravel/framework/src/Illuminate/Pipeline/Pipeline.php(127): Illuminate/Pipeline/Pipeline->Illuminate/Pipeline/{closure}(Object(Illuminate/Http/Request))
#79 C:/xampp/htdocs/hp/vendor/laravel/framework/src/Illuminate/Foundation/Http/Kernel.php(176): Illuminate/Pipeline/Pipeline->then(Object(Closure))
#80 C:/xampp/htdocs/hp/vendor/laravel/framework/src/Illuminate/Foundation/Http/Kernel.php(145): Illuminate/Foundation/Http/Kernel->sendRequestThroughRouter(Object(Illuminate/Http/Request))
#81 C:/xampp/htdocs/hp/vendor/laravel/framework/src/Illuminate/Foundation/Application.php(1220): Illuminate/Foundation/Http/Kernel->handle(Object(Illuminate/Http/Request))
#82 C:/xampp/htdocs/hp/public/index.php(17): Illuminate/Foundation/Application->handleRequest(Object(Illuminate/Http/Request))
#83 C:/xampp/htdocs/hp/vendor/laravel/framework/src/Illuminate/Foundation/resources/server.php(23): require_once('C://xampp//htdocs...')
#84 {main}

[previous exception] [object] (Illuminate\\View\\ViewException(code: 0): The \"intl\" PHP extension is required to use the [format] method. (View: C:\\xampp\\htdocs\\hp\\vendor\\filament\\tables\\resources\\views\\components\\selection\\indicator.blade.php) at C:/xampp/htdocs/hp/vendor/laravel/framework/src/Illuminate/Support/Number.php:385)
[stacktrace]
#0 C:/xampp/htdocs/hp/vendor/livewire/livewire/src/Mechanisms/ExtendBlade/ExtendedCompilerEngine.php(58): Illuminate/View/Engines/CompilerEngine->handleViewException(Object(RuntimeException), 5)
#1 C:/xampp/htdocs/hp/vendor/livewire/livewire/src/Mechanisms/ExtendBlade/ExtendedCompilerEngine.php(40): Livewire/Mechanisms/ExtendBlade/ExtendedCompilerEngine->handleViewException(Object(RuntimeException), 5)
#2 C:/xampp/htdocs/hp/vendor/laravel/framework/src/Illuminate/View/Engines/CompilerEngine.php(75): Livewire/Mechanisms/ExtendBlade/ExtendedCompilerEngine->evaluatePath('C://xampp//htdocs...', Array)
#3 C:/xampp/htdocs/hp/vendor/livewire/livewire/src/Mechanisms/ExtendBlade/ExtendedCompilerEngine.php(16): Illuminate/View/Engines/CompilerEngine->get('C://xampp//htdocs...', Array)
#4 C:/xampp/htdocs/hp/vendor/laravel/framework/src/Illuminate/View/View.php(209): Livewire/Mechanisms/ExtendBlade/ExtendedCompilerEngine->get('C://xampp//htdocs...', Array)
#5 C:/xampp/htdocs/hp/vendor/laravel/framework/src/Illuminate/View/View.php(192): Illuminate/View/View->getContents()
#6 C:/xampp/htdocs/hp/vendor/laravel/framework/src/Illuminate/View/View.php(161): Illuminate/View/View->renderContents()
#7 C:/xampp/htdocs/hp/vendor/laravel/framework/src/Illuminate/View/Concerns/ManagesComponents.php(103): Illuminate/View/View->render()
#8 C:/xampp/htdocs/hp/storage/framework/views/6477c3f58b3f6bca4ff1555fac23c21c.php(422): Illuminate/View/Factory->renderComponent()
#9 C:/xampp/htdocs/hp/vendor/livewire/livewire/src/Mechanisms/ExtendBlade/ExtendedCompilerEngine.php(37): include('C://xampp//htdocs...')
#10 C:/xampp/htdocs/hp/vendor/livewire/livewire/src/Mechanisms/ExtendBlade/ExtendedCompilerEngine.php(38): App/Filament/Resources/PageResource/Pages/ListPages->Livewire/Mechanisms/ExtendBlade/{closure}()
#11 C:/xampp/htdocs/hp/vendor/laravel/framework/src/Illuminate/View/Engines/CompilerEngine.php(75): Livewire/Mechanisms/ExtendBlade/ExtendedCompilerEngine->evaluatePath('C://xampp//htdocs...', Array)
#12 C:/xampp/htdocs/hp/vendor/livewire/livewire/src/Mechanisms/ExtendBlade/ExtendedCompilerEngine.php(16): Illuminate/View/Engines/CompilerEngine->get('C://xampp//htdocs...', Array)
#13 C:/xampp/htdocs/hp/vendor/laravel/framework/src/Illuminate/View/View.php(209): Livewire/Mechanisms/ExtendBlade/ExtendedCompilerEngine->get('C://xampp//htdocs...', Array)
#14 C:/xampp/htdocs/hp/vendor/laravel/framework/src/Illuminate/View/View.php(192): Illuminate/View/View->getContents()
#15 C:/xampp/htdocs/hp/vendor/laravel/framework/src/Illuminate/View/View.php(161): Illuminate/View/View->renderContents()
#16 C:/xampp/htdocs/hp/vendor/filament/support/src/Components/ViewComponent.php(115): Illuminate/View/View->render()
#17 C:/xampp/htdocs/hp/vendor/laravel/framework/src/Illuminate/Support/helpers.php(134): Filament/Support/Components/ViewComponent->toHtml()
#18 C:/xampp/htdocs/hp/storage/framework/views/853058402355b8ac6aa7297050bc2a12.php(42): e(Object(Filament/Tables/Table))
#19 C:/xampp/htdocs/hp/vendor/livewire/livewire/src/Mechanisms/ExtendBlade/ExtendedCompilerEngine.php(37): include('C://xampp//htdocs...')
#20 C:/xampp/htdocs/hp/vendor/livewire/livewire/src/Mechanisms/ExtendBlade/ExtendedCompilerEngine.php(38): App/Filament/Resources/PageResource/Pages/ListPages->Livewire/Mechanisms/ExtendBlade/{closure}()
#21 C:/xampp/htdocs/hp/vendor/laravel/framework/src/Illuminate/View/Engines/CompilerEngine.php(75): Livewire/Mechanisms/ExtendBlade/ExtendedCompilerEngine->evaluatePath('C://xampp//htdocs...', Array)
#22 C:/xampp/htdocs/hp/vendor/livewire/livewire/src/Mechanisms/ExtendBlade/ExtendedCompilerEngine.php(16): Illuminate/View/Engines/CompilerEngine->get('C://xampp//htdocs...', Array)
#23 C:/xampp/htdocs/hp/vendor/laravel/framework/src/Illuminate/View/View.php(209): Livewire/Mechanisms/ExtendBlade/ExtendedCompilerEngine->get('C://xampp//htdocs...', Array)
#24 C:/xampp/htdocs/hp/vendor/laravel/framework/src/Illuminate/View/View.php(192): Illuminate/View/View->getContents()
#25 C:/xampp/htdocs/hp/vendor/laravel/framework/src/Illuminate/View/View.php(161): Illuminate/View/View->renderContents()
#26 C:/xampp/htdocs/hp/vendor/livewire/livewire/src/Mechanisms/HandleComponents/HandleComponents.php(288): Illuminate/View/View->render(Object(Closure))
#27 C:/xampp/htdocs/hp/vendor/livewire/livewire/src/Mechanisms/HandleComponents/HandleComponents.php(332): Livewire/Mechanisms/HandleComponents/HandleComponents->Livewire/Mechanisms/HandleComponents/{closure}()
#28 C:/xampp/htdocs/hp/vendor/livewire/livewire/src/Mechanisms/HandleComponents/HandleComponents.php(280): Livewire/Mechanisms/HandleComponents/HandleComponents->trackInRenderStack(Object(App/Filament/Resources/PageResource/Pages/ListPages), Object(Closure))
#29 C:/xampp/htdocs/hp/vendor/livewire/livewire/src/Mechanisms/HandleComponents/HandleComponents.php(54): Livewire/Mechanisms/HandleComponents/HandleComponents->render(Object(App/Filament/Resources/PageResource/Pages/ListPages), '<div></div>')
#30 C:/xampp/htdocs/hp/vendor/livewire/livewire/src/LivewireManager.php(73): Livewire/Mechanisms/HandleComponents/HandleComponents->mount('App//Filament//Re...', Array, NULL)
#31 C:/xampp/htdocs/hp/vendor/livewire/livewire/src/Features/SupportPageComponents/HandlesPageComponents.php(17): Livewire/LivewireManager->mount('App//Filament//Re...', Array)
#32 C:/xampp/htdocs/hp/vendor/livewire/livewire/src/Features/SupportPageComponents/SupportPageComponents.php(117): Livewire/Component->Livewire/Features/SupportPageComponents/{closure}()
#33 C:/xampp/htdocs/hp/vendor/livewire/livewire/src/Features/SupportPageComponents/HandlesPageComponents.php(14): Livewire/Features/SupportPageComponents/SupportPageComponents::interceptTheRenderOfTheComponentAndRetreiveTheLayoutConfiguration(Object(Closure))
#34 C:/xampp/htdocs/hp/vendor/laravel/framework/src/Illuminate/Routing/ControllerDispatcher.php(47): Livewire/Component->__invoke()
#35 C:/xampp/htdocs/hp/vendor/laravel/framework/src/Illuminate/Routing/Route.php(266): Illuminate/Routing/ControllerDispatcher->dispatch(Object(Illuminate/Routing/Route), Object(App/Filament/Resources/PageResource/Pages/ListPages), '__invoke')
#36 C:/xampp/htdocs/hp/vendor/laravel/framework/src/Illuminate/Routing/Route.php(212): Illuminate/Routing/Route->runController()
#37 C:/xampp/htdocs/hp/vendor/laravel/framework/src/Illuminate/Routing/Router.php(808): Illuminate/Routing/Route->run()
#38 C:/xampp/htdocs/hp/vendor/laravel/framework/src/Illuminate/Pipeline/Pipeline.php(170): Illuminate/Routing/Router->Illuminate/Routing/{closure}(Object(Illuminate/Http/Request))
#39 C:/xampp/htdocs/hp/vendor/filament/filament/src/Http/Middleware/DispatchServingFilamentEvent.php(15): Illuminate/Pipeline/Pipeline->Illuminate/Pipeline/{closure}(Object(Illuminate/Http/Request))
#40 C:/xampp/htdocs/hp/vendor/laravel/framework/src/Illuminate/Pipeline/Pipeline.php(209): Filament/Http/Middleware/DispatchServingFilamentEvent->handle(Object(Illuminate/Http/Request), Object(Closure))
#41 C:/xampp/htdocs/hp/vendor/filament/filament/src/Http/Middleware/DisableBladeIconComponents.php(14): Illuminate/Pipeline/Pipeline->Illuminate/Pipeline/{closure}(Object(Illuminate/Http/Request))
#42 C:/xampp/htdocs/hp/vendor/laravel/framework/src/Illuminate/Pipeline/Pipeline.php(209): Filament/Http/Middleware/DisableBladeIconComponents->handle(Object(Illuminate/Http/Request), Object(Closure))
#43 C:/xampp/htdocs/hp/vendor/laravel/framework/src/Illuminate/Routing/Middleware/SubstituteBindings.php(51): Illuminate/Pipeline/Pipeline->Illuminate/Pipeline/{closure}(Object(Illuminate/Http/Request))
#44 C:/xampp/htdocs/hp/vendor/laravel/framework/src/Illuminate/Pipeline/Pipeline.php(209): Illuminate/Routing/Middleware/SubstituteBindings->handle(Object(Illuminate/Http/Request), Object(Closure))
#45 C:/xampp/htdocs/hp/vendor/laravel/framework/src/Illuminate/Foundation/Http/Middleware/VerifyCsrfToken.php(88): Illuminate/Pipeline/Pipeline->Illuminate/Pipeline/{closure}(Object(Illuminate/Http/Request))
#46 C:/xampp/htdocs/hp/vendor/laravel/framework/src/Illuminate/Pipeline/Pipeline.php(209): Illuminate/Foundation/Http/Middleware/VerifyCsrfToken->handle(Object(Illuminate/Http/Request), Object(Closure))
#47 C:/xampp/htdocs/hp/vendor/laravel/framework/src/Illuminate/Session/Middleware/AuthenticateSession.php(67): Illuminate/Pipeline/Pipeline->Illuminate/Pipeline/{closure}(Object(Illuminate/Http/Request))
#48 C:/xampp/htdocs/hp/vendor/laravel/framework/src/Illuminate/Pipeline/Pipeline.php(209): Illuminate/Session/Middleware/AuthenticateSession->handle(Object(Illuminate/Http/Request), Object(Closure))
#49 C:/xampp/htdocs/hp/vendor/laravel/framework/src/Illuminate/Auth/Middleware/Authenticate.php(64): Illuminate/Pipeline/Pipeline->Illuminate/Pipeline/{closure}(Object(Illuminate/Http/Request))
#50 C:/xampp/htdocs/hp/vendor/laravel/framework/src/Illuminate/Pipeline/Pipeline.php(209): Illuminate/Auth/Middleware/Authenticate->handle(Object(Illuminate/Http/Request), Object(Closure))
#51 C:/xampp/htdocs/hp/vendor/laravel/framework/src/Illuminate/View/Middleware/ShareErrorsFromSession.php(49): Illuminate/Pipeline/Pipeline->Illuminate/Pipeline/{closure}(Object(Illuminate/Http/Request))
#52 C:/xampp/htdocs/hp/vendor/laravel/framework/src/Illuminate/Pipeline/Pipeline.php(209): Illuminate/View/Middleware/ShareErrorsFromSession->handle(Object(Illuminate/Http/Request), Object(Closure))
#53 C:/xampp/htdocs/hp/vendor/laravel/framework/src/Illuminate/Session/Middleware/StartSession.php(121): Illuminate/Pipeline/Pipeline->Illuminate/Pipeline/{closure}(Object(Illuminate/Http/Request))
#54 C:/xampp/htdocs/hp/vendor/laravel/framework/src/Illuminate/Session/Middleware/StartSession.php(64): Illuminate/Session/Middleware/StartSession->handleStatefulRequest(Object(Illuminate/Http/Request), Object(Illuminate/Session/Store), Object(Closure))
#55 C:/xampp/htdocs/hp/vendor/laravel/framework/src/Illuminate/Pipeline/Pipeline.php(209): Illuminate/Session/Middleware/StartSession->handle(Object(Illuminate/Http/Request), Object(Closure))
#56 C:/xampp/htdocs/hp/vendor/laravel/framework/src/Illuminate/Cookie/Middleware/AddQueuedCookiesToResponse.php(37): Illuminate/Pipeline/Pipeline->Illuminate/Pipeline/{closure}(Object(Illuminate/Http/Request))
#57 C:/xampp/htdocs/hp/vendor/laravel/framework/src/Illuminate/Pipeline/Pipeline.php(209): Illuminate/Cookie/Middleware/AddQueuedCookiesToResponse->handle(Object(Illuminate/Http/Request), Object(Closure))
#58 C:/xampp/htdocs/hp/vendor/laravel/framework/src/Illuminate/Cookie/Middleware/EncryptCookies.php(75): Illuminate/Pipeline/Pipeline->Illuminate/Pipeline/{closure}(Object(Illuminate/Http/Request))
#59 C:/xampp/htdocs/hp/vendor/laravel/framework/src/Illuminate/Pipeline/Pipeline.php(209): Illuminate/Cookie/Middleware/EncryptCookies->handle(Object(Illuminate/Http/Request), Object(Closure))
#60 C:/xampp/htdocs/hp/vendor/filament/filament/src/Http/Middleware/SetUpPanel.php(19): Illuminate/Pipeline/Pipeline->Illuminate/Pipeline/{closure}(Object(Illuminate/Http/Request))
#61 C:/xampp/htdocs/hp/vendor/laravel/framework/src/Illuminate/Pipeline/Pipeline.php(209): Filament/Http/Middleware/SetUpPanel->handle(Object(Illuminate/Http/Request), Object(Closure), Object(Filament/Panel))
#62 C:/xampp/htdocs/hp/vendor/laravel/framework/src/Illuminate/Pipeline/Pipeline.php(127): Illuminate/Pipeline/Pipeline->Illuminate/Pipeline/{closure}(Object(Illuminate/Http/Request))
#63 C:/xampp/htdocs/hp/vendor/laravel/framework/src/Illuminate/Routing/Router.php(807): Illuminate/Pipeline/Pipeline->then(Object(Closure))
#64 C:/xampp/htdocs/hp/vendor/laravel/framework/src/Illuminate/Routing/Router.php(786): Illuminate/Routing/Router->runRouteWithinStack(Object(Illuminate/Routing/Route), Object(Illuminate/Http/Request))
#65 C:/xampp/htdocs/hp/vendor/laravel/framework/src/Illuminate/Routing/Router.php(750): Illuminate/Routing/Router->runRoute(Object(Illuminate/Http/Request), Object(Illuminate/Routing/Route))
#66 C:/xampp/htdocs/hp/vendor/laravel/framework/src/Illuminate/Routing/Router.php(739): Illuminate/Routing/Router->dispatchToRoute(Object(Illuminate/Http/Request))
#67 C:/xampp/htdocs/hp/vendor/laravel/framework/src/Illuminate/Foundation/Http/Kernel.php(201): Illuminate/Routing/Router->dispatch(Object(Illuminate/Http/Request))
#68 C:/xampp/htdocs/hp/vendor/laravel/framework/src/Illuminate/Pipeline/Pipeline.php(170): Illuminate/Foundation/Http/Kernel->Illuminate/Foundation/Http/{closure}(Object(Illuminate/Http/Request))
#69 C:/xampp/htdocs/hp/vendor/livewire/livewire/src/Features/SupportDisablingBackButtonCache/DisableBackButtonCacheMiddleware.php(19): Illuminate/Pipeline/Pipeline->Illuminate/Pipeline/{closure}(Object(Illuminate/Http/Request))
#70 C:/xampp/htdocs/hp/vendor/laravel/framework/src/Illuminate/Pipeline/Pipeline.php(209): Livewire/Features/SupportDisablingBackButtonCache/DisableBackButtonCacheMiddleware->handle(Object(Illuminate/Http/Request), Object(Closure))
#71 C:/xampp/htdocs/hp/vendor/laravel/framework/src/Illuminate/Foundation/Http/Middleware/TransformsRequest.php(21): Illuminate/Pipeline/Pipeline->Illuminate/Pipeline/{closure}(Object(Illuminate/Http/Request))
#72 C:/xampp/htdocs/hp/vendor/laravel/framework/src/Illuminate/Foundation/Http/Middleware/ConvertEmptyStringsToNull.php(31): Illuminate/Foundation/Http/Middleware/TransformsRequest->handle(Object(Illuminate/Http/Request), Object(Closure))
#73 C:/xampp/htdocs/hp/vendor/laravel/framework/src/Illuminate/Pipeline/Pipeline.php(209): Illuminate/Foundation/Http/Middleware/ConvertEmptyStringsToNull->handle(Object(Illuminate/Http/Request), Object(Closure))
#74 C:/xampp/htdocs/hp/vendor/laravel/framework/src/Illuminate/Foundation/Http/Middleware/TransformsRequest.php(21): Illuminate/Pipeline/Pipeline->Illuminate/Pipeline/{closure}(Object(Illuminate/Http/Request))
#75 C:/xampp/htdocs/hp/vendor/laravel/framework/src/Illuminate/Foundation/Http/Middleware/TrimStrings.php(51): Illuminate/Foundation/Http/Middleware/TransformsRequest->handle(Object(Illuminate/Http/Request), Object(Closure))
#76 C:/xampp/htdocs/hp/vendor/laravel/framework/src/Illuminate/Pipeline/Pipeline.php(209): Illuminate/Foundation/Http/Middleware/TrimStrings->handle(Object(Illuminate/Http/Request), Object(Closure))
#77 C:/xampp/htdocs/hp/vendor/laravel/framework/src/Illuminate/Http/Middleware/ValidatePostSize.php(27): Illuminate/Pipeline/Pipeline->Illuminate/Pipeline/{closure}(Object(Illuminate/Http/Request))
#78 C:/xampp/htdocs/hp/vendor/laravel/framework/src/Illuminate/Pipeline/Pipeline.php(209): Illuminate/Http/Middleware/ValidatePostSize->handle(Object(Illuminate/Http/Request), Object(Closure))
#79 C:/xampp/htdocs/hp/vendor/laravel/framework/src/Illuminate/Foundation/Http/Middleware/PreventRequestsDuringMaintenance.php(110): Illuminate/Pipeline/Pipeline->Illuminate/Pipeline/{closure}(Object(Illuminate/Http/Request))
#80 C:/xampp/htdocs/hp/vendor/laravel/framework/src/Illuminate/Pipeline/Pipeline.php(209): Illuminate/Foundation/Http/Middleware/PreventRequestsDuringMaintenance->handle(Object(Illuminate/Http/Request), Object(Closure))
#81 C:/xampp/htdocs/hp/vendor/laravel/framework/src/Illuminate/Http/Middleware/HandleCors.php(49): Illuminate/Pipeline/Pipeline->Illuminate/Pipeline/{closure}(Object(Illuminate/Http/Request))
#82 C:/xampp/htdocs/hp/vendor/laravel/framework/src/Illuminate/Pipeline/Pipeline.php(209): Illuminate/Http/Middleware/HandleCors->handle(Object(Illuminate/Http/Request), Object(Closure))
#83 C:/xampp/htdocs/hp/vendor/laravel/framework/src/Illuminate/Http/Middleware/TrustProxies.php(58): Illuminate/Pipeline/Pipeline->Illuminate/Pipeline/{closure}(Object(Illuminate/Http/Request))
#84 C:/xampp/htdocs/hp/vendor/laravel/framework/src/Illuminate/Pipeline/Pipeline.php(209): Illuminate/Http/Middleware/TrustProxies->handle(Object(Illuminate/Http/Request), Object(Closure))
#85 C:/xampp/htdocs/hp/vendor/laravel/framework/src/Illuminate/Foundation/Http/Middleware/InvokeDeferredCallbacks.php(22): Illuminate/Pipeline/Pipeline->Illuminate/Pipeline/{closure}(Object(Illuminate/Http/Request))
#86 C:/xampp/htdocs/hp/vendor/laravel/framework/src/Illuminate/Pipeline/Pipeline.php(209): Illuminate/Foundation/Http/Middleware/InvokeDeferredCallbacks->handle(Object(Illuminate/Http/Request), Object(Closure))
#87 C:/xampp/htdocs/hp/vendor/laravel/framework/src/Illuminate/Pipeline/Pipeline.php(127): Illuminate/Pipeline/Pipeline->Illuminate/Pipeline/{closure}(Object(Illuminate/Http/Request))
#88 C:/xampp/htdocs/hp/vendor/laravel/framework/src/Illuminate/Foundation/Http/Kernel.php(176): Illuminate/Pipeline/Pipeline->then(Object(Closure))
#89 C:/xampp/htdocs/hp/vendor/laravel/framework/src/Illuminate/Foundation/Http/Kernel.php(145): Illuminate/Foundation/Http/Kernel->sendRequestThroughRouter(Object(Illuminate/Http/Request))
#90 C:/xampp/htdocs/hp/vendor/laravel/framework/src/Illuminate/Foundation/Application.php(1220): Illuminate/Foundation/Http/Kernel->handle(Object(Illuminate/Http/Request))
#91 C:/xampp/htdocs/hp/public/index.php(17): Illuminate/Foundation/Application->handleRequest(Object(Illuminate/Http/Request))
#92 C:/xampp/htdocs/hp/vendor/laravel/framework/src/Illuminate/Foundation/resources/server.php(23): require_once('C://xampp//htdocs...')
#93 {main}

[previous exception] [object] (RuntimeException(code: 0): The \"intl\" PHP extension is required to use the [format] method. at C:/xampp/htdocs/hp/vendor/laravel/framework/src/Illuminate/Support/Number.php:385)
[stacktrace]
#0 C:/xampp/htdocs/hp/vendor/laravel/framework/src/Illuminate/Support/Number.php(38): Illuminate/Support/Number::ensureIntlExtensionIsInstalled()
#1 C:/xampp/htdocs/hp/storage/framework/views/5e865bcb1dd49d174f5d4c4db01fac43.php(113): Illuminate/Support/Number::format(6, NULL, NULL, 'en')
#2 C:/xampp/htdocs/hp/vendor/livewire/livewire/src/Mechanisms/ExtendBlade/ExtendedCompilerEngine.php(37): include('C://xampp//htdocs...')
#3 C:/xampp/htdocs/hp/vendor/livewire/livewire/src/Mechanisms/ExtendBlade/ExtendedCompilerEngine.php(38): App/Filament/Resources/PageResource/Pages/ListPages->Livewire/Mechanisms/ExtendBlade/{closure}()
#4 C:/xampp/htdocs/hp/vendor/laravel/framework/src/Illuminate/View/Engines/CompilerEngine.php(75): Livewire/Mechanisms/ExtendBlade/ExtendedCompilerEngine->evaluatePath('C://xampp//htdocs...', Array)
#5 C:/xampp/htdocs/hp/vendor/livewire/livewire/src/Mechanisms/ExtendBlade/ExtendedCompilerEngine.php(16): Illuminate/View/Engines/CompilerEngine->get('C://xampp//htdocs...', Array)
#6 C:/xampp/htdocs/hp/vendor/laravel/framework/src/Illuminate/View/View.php(209): Livewire/Mechanisms/ExtendBlade/ExtendedCompilerEngine->get('C://xampp//htdocs...', Array)
#7 C:/xampp/htdocs/hp/vendor/laravel/framework/src/Illuminate/View/View.php(192): Illuminate/View/View->getContents()
#8 C:/xampp/htdocs/hp/vendor/laravel/framework/src/Illuminate/View/View.php(161): Illuminate/View/View->renderContents()
#9 C:/xampp/htdocs/hp/vendor/laravel/framework/src/Illuminate/View/Concerns/ManagesComponents.php(103): Illuminate/View/View->render()
#10 C:/xampp/htdocs/hp/storage/framework/views/6477c3f58b3f6bca4ff1555fac23c21c.php(422): Illuminate/View/Factory->renderComponent()
#11 C:/xampp/htdocs/hp/vendor/livewire/livewire/src/Mechanisms/ExtendBlade/ExtendedCompilerEngine.php(37): include('C://xampp//htdocs...')
#12 C:/xampp/htdocs/hp/vendor/livewire/livewire/src/Mechanisms/ExtendBlade/ExtendedCompilerEngine.php(38): App/Filament/Resources/PageResource/Pages/ListPages->Livewire/Mechanisms/ExtendBlade/{closure}()
#13 C:/xampp/htdocs/hp/vendor/laravel/framework/src/Illuminate/View/Engines/CompilerEngine.php(75): Livewire/Mechanisms/ExtendBlade/ExtendedCompilerEngine->evaluatePath('C://xampp//htdocs...', Array)
#14 C:/xampp/htdocs/hp/vendor/livewire/livewire/src/Mechanisms/ExtendBlade/ExtendedCompilerEngine.php(16): Illuminate/View/Engines/CompilerEngine->get('C://xampp//htdocs...', Array)
#15 C:/xampp/htdocs/hp/vendor/laravel/framework/src/Illuminate/View/View.php(209): Livewire/Mechanisms/ExtendBlade/ExtendedCompilerEngine->get('C://xampp//htdocs...', Array)
#16 C:/xampp/htdocs/hp/vendor/laravel/framework/src/Illuminate/View/View.php(192): Illuminate/View/View->getContents()
#17 C:/xampp/htdocs/hp/vendor/laravel/framework/src/Illuminate/View/View.php(161): Illuminate/View/View->renderContents()
#18 C:/xampp/htdocs/hp/vendor/filament/support/src/Components/ViewComponent.php(115): Illuminate/View/View->render()
#19 C:/xampp/htdocs/hp/vendor/laravel/framework/src/Illuminate/Support/helpers.php(134): Filament/Support/Components/ViewComponent->toHtml()
#20 C:/xampp/htdocs/hp/storage/framework/views/853058402355b8ac6aa7297050bc2a12.php(42): e(Object(Filament/Tables/Table))
#21 C:/xampp/htdocs/hp/vendor/livewire/livewire/src/Mechanisms/ExtendBlade/ExtendedCompilerEngine.php(37): include('C://xampp//htdocs...')
#22 C:/xampp/htdocs/hp/vendor/livewire/livewire/src/Mechanisms/ExtendBlade/ExtendedCompilerEngine.php(38): App/Filament/Resources/PageResource/Pages/ListPages->Livewire/Mechanisms/ExtendBlade/{closure}()
#23 C:/xampp/htdocs/hp/vendor/laravel/framework/src/Illuminate/View/Engines/CompilerEngine.php(75): Livewire/Mechanisms/ExtendBlade/ExtendedCompilerEngine->evaluatePath('C://xampp//htdocs...', Array)
#24 C:/xampp/htdocs/hp/vendor/livewire/livewire/src/Mechanisms/ExtendBlade/ExtendedCompilerEngine.php(16): Illuminate/View/Engines/CompilerEngine->get('C://xampp//htdocs...', Array)
#25 C:/xampp/htdocs/hp/vendor/laravel/framework/src/Illuminate/View/View.php(209): Livewire/Mechanisms/ExtendBlade/ExtendedCompilerEngine->get('C://xampp//htdocs...', Array)
#26 C:/xampp/htdocs/hp/vendor/laravel/framework/src/Illuminate/View/View.php(192): Illuminate/View/View->getContents()
#27 C:/xampp/htdocs/hp/vendor/laravel/framework/src/Illuminate/View/View.php(161): Illuminate/View/View->renderContents()
#28 C:/xampp/htdocs/hp/vendor/livewire/livewire/src/Mechanisms/HandleComponents/HandleComponents.php(288): Illuminate/View/View->render(Object(Closure))
#29 C:/xampp/htdocs/hp/vendor/livewire/livewire/src/Mechanisms/HandleComponents/HandleComponents.php(332): Livewire/Mechanisms/HandleComponents/HandleComponents->Livewire/Mechanisms/HandleComponents/{closure}()
#30 C:/xampp/htdocs/hp/vendor/livewire/livewire/src/Mechanisms/HandleComponents/HandleComponents.php(280): Livewire/Mechanisms/HandleComponents/HandleComponents->trackInRenderStack(Object(App/Filament/Resources/PageResource/Pages/ListPages), Object(Closure))
#31 C:/xampp/htdocs/hp/vendor/livewire/livewire/src/Mechanisms/HandleComponents/HandleComponents.php(54): Livewire/Mechanisms/HandleComponents/HandleComponents->render(Object(App/Filament/Resources/PageResource/Pages/ListPages), '<div></div>')
#32 C:/xampp/htdocs/hp/vendor/livewire/livewire/src/LivewireManager.php(73): Livewire/Mechanisms/HandleComponents/HandleComponents->mount('App//Filament//Re...', Array, NULL)
#33 C:/xampp/htdocs/hp/vendor/livewire/livewire/src/Features/SupportPageComponents/HandlesPageComponents.php(17): Livewire/LivewireManager->mount('App//Filament//Re...', Array)
#34 C:/xampp/htdocs/hp/vendor/livewire/livewire/src/Features/SupportPageComponents/SupportPageComponents.php(117): Livewire/Component->Livewire/Features/SupportPageComponents/{closure}()
#35 C:/xampp/htdocs/hp/vendor/livewire/livewire/src/Features/SupportPageComponents/HandlesPageComponents.php(14): Livewire/Features/SupportPageComponents/SupportPageComponents::interceptTheRenderOfTheComponentAndRetreiveTheLayoutConfiguration(Object(Closure))
#36 C:/xampp/htdocs/hp/vendor/laravel/framework/src/Illuminate/Routing/ControllerDispatcher.php(47): Livewire/Component->__invoke()
#37 C:/xampp/htdocs/hp/vendor/laravel/framework/src/Illuminate/Routing/Route.php(266): Illuminate/Routing/ControllerDispatcher->dispatch(Object(Illuminate/Routing/Route), Object(App/Filament/Resources/PageResource/Pages/ListPages), '__invoke')
#38 C:/xampp/htdocs/hp/vendor/laravel/framework/src/Illuminate/Routing/Route.php(212): Illuminate/Routing/Route->runController()
#39 C:/xampp/htdocs/hp/vendor/laravel/framework/src/Illuminate/Routing/Router.php(808): Illuminate/Routing/Route->run()
#40 C:/xampp/htdocs/hp/vendor/laravel/framework/src/Illuminate/Pipeline/Pipeline.php(170): Illuminate/Routing/Router->Illuminate/Routing/{closure}(Object(Illuminate/Http/Request))
#41 C:/xampp/htdocs/hp/vendor/filament/filament/src/Http/Middleware/DispatchServingFilamentEvent.php(15): Illuminate/Pipeline/Pipeline->Illuminate/Pipeline/{closure}(Object(Illuminate/Http/Request))
#42 C:/xampp/htdocs/hp/vendor/laravel/framework/src/Illuminate/Pipeline/Pipeline.php(209): Filament/Http/Middleware/DispatchServingFilamentEvent->handle(Object(Illuminate/Http/Request), Object(Closure))
#43 C:/xampp/htdocs/hp/vendor/filament/filament/src/Http/Middleware/DisableBladeIconComponents.php(14): Illuminate/Pipeline/Pipeline->Illuminate/Pipeline/{closure}(Object(Illuminate/Http/Request))
#44 C:/xampp/htdocs/hp/vendor/laravel/framework/src/Illuminate/Pipeline/Pipeline.php(209): Filament/Http/Middleware/DisableBladeIconComponents->handle(Object(Illuminate/Http/Request), Object(Closure))
#45 C:/xampp/htdocs/hp/vendor/laravel/framework/src/Illuminate/Routing/Middleware/SubstituteBindings.php(51): Illuminate/Pipeline/Pipeline->Illuminate/Pipeline/{closure}(Object(Illuminate/Http/Request))
#46 C:/xampp/htdocs/hp/vendor/laravel/framework/src/Illuminate/Pipeline/Pipeline.php(209): Illuminate/Routing/Middleware/SubstituteBindings->handle(Object(Illuminate/Http/Request), Object(Closure))
#47 C:/xampp/htdocs/hp/vendor/laravel/framework/src/Illuminate/Foundation/Http/Middleware/VerifyCsrfToken.php(88): Illuminate/Pipeline/Pipeline->Illuminate/Pipeline/{closure}(Object(Illuminate/Http/Request))
#48 C:/xampp/htdocs/hp/vendor/laravel/framework/src/Illuminate/Pipeline/Pipeline.php(209): Illuminate/Foundation/Http/Middleware/VerifyCsrfToken->handle(Object(Illuminate/Http/Request), Object(Closure))
#49 C:/xampp/htdocs/hp/vendor/laravel/framework/src/Illuminate/Session/Middleware/AuthenticateSession.php(67): Illuminate/Pipeline/Pipeline->Illuminate/Pipeline/{closure}(Object(Illuminate/Http/Request))
#50 C:/xampp/htdocs/hp/vendor/laravel/framework/src/Illuminate/Pipeline/Pipeline.php(209): Illuminate/Session/Middleware/AuthenticateSession->handle(Object(Illuminate/Http/Request), Object(Closure))
#51 C:/xampp/htdocs/hp/vendor/laravel/framework/src/Illuminate/Auth/Middleware/Authenticate.php(64): Illuminate/Pipeline/Pipeline->Illuminate/Pipeline/{closure}(Object(Illuminate/Http/Request))
#52 C:/xampp/htdocs/hp/vendor/laravel/framework/src/Illuminate/Pipeline/Pipeline.php(209): Illuminate/Auth/Middleware/Authenticate->handle(Object(Illuminate/Http/Request), Object(Closure))
#53 C:/xampp/htdocs/hp/vendor/laravel/framework/src/Illuminate/View/Middleware/ShareErrorsFromSession.php(49): Illuminate/Pipeline/Pipeline->Illuminate/Pipeline/{closure}(Object(Illuminate/Http/Request))
#54 C:/xampp/htdocs/hp/vendor/laravel/framework/src/Illuminate/Pipeline/Pipeline.php(209): Illuminate/View/Middleware/ShareErrorsFromSession->handle(Object(Illuminate/Http/Request), Object(Closure))
#55 C:/xampp/htdocs/hp/vendor/laravel/framework/src/Illuminate/Session/Middleware/StartSession.php(121): Illuminate/Pipeline/Pipeline->Illuminate/Pipeline/{closure}(Object(Illuminate/Http/Request))
#56 C:/xampp/htdocs/hp/vendor/laravel/framework/src/Illuminate/Session/Middleware/StartSession.php(64): Illuminate/Session/Middleware/StartSession->handleStatefulRequest(Object(Illuminate/Http/Request), Object(Illuminate/Session/Store), Object(Closure))
#57 C:/xampp/htdocs/hp/vendor/laravel/framework/src/Illuminate/Pipeline/Pipeline.php(209): Illuminate/Session/Middleware/StartSession->handle(Object(Illuminate/Http/Request), Object(Closure))
#58 C:/xampp/htdocs/hp/vendor/laravel/framework/src/Illuminate/Cookie/Middleware/AddQueuedCookiesToResponse.php(37): Illuminate/Pipeline/Pipeline->Illuminate/Pipeline/{closure}(Object(Illuminate/Http/Request))
#59 C:/xampp/htdocs/hp/vendor/laravel/framework/src/Illuminate/Pipeline/Pipeline.php(209): Illuminate/Cookie/Middleware/AddQueuedCookiesToResponse->handle(Object(Illuminate/Http/Request), Object(Closure))
#60 C:/xampp/htdocs/hp/vendor/laravel/framework/src/Illuminate/Cookie/Middleware/EncryptCookies.php(75): Illuminate/Pipeline/Pipeline->Illuminate/Pipeline/{closure}(Object(Illuminate/Http/Request))
#61 C:/xampp/htdocs/hp/vendor/laravel/framework/src/Illuminate/Pipeline/Pipeline.php(209): Illuminate/Cookie/Middleware/EncryptCookies->handle(Object(Illuminate/Http/Request), Object(Closure))
#62 C:/xampp/htdocs/hp/vendor/filament/filament/src/Http/Middleware/SetUpPanel.php(19): Illuminate/Pipeline/Pipeline->Illuminate/Pipeline/{closure}(Object(Illuminate/Http/Request))
#63 C:/xampp/htdocs/hp/vendor/laravel/framework/src/Illuminate/Pipeline/Pipeline.php(209): Filament/Http/Middleware/SetUpPanel->handle(Object(Illuminate/Http/Request), Object(Closure), Object(Filament/Panel))
#64 C:/xampp/htdocs/hp/vendor/laravel/framework/src/Illuminate/Pipeline/Pipeline.php(127): Illuminate/Pipeline/Pipeline->Illuminate/Pipeline/{closure}(Object(Illuminate/Http/Request))
#65 C:/xampp/htdocs/hp/vendor/laravel/framework/src/Illuminate/Routing/Router.php(807): Illuminate/Pipeline/Pipeline->then(Object(Closure))
#66 C:/xampp/htdocs/hp/vendor/laravel/framework/src/Illuminate/Routing/Router.php(786): Illuminate/Routing/Router->runRouteWithinStack(Object(Illuminate/Routing/Route), Object(Illuminate/Http/Request))
#67 C:/xampp/htdocs/hp/vendor/laravel/framework/src/Illuminate/Routing/Router.php(750): Illuminate/Routing/Router->runRoute(Object(Illuminate/Http/Request), Object(Illuminate/Routing/Route))
#68 C:/xampp/htdocs/hp/vendor/laravel/framework/src/Illuminate/Routing/Router.php(739): Illuminate/Routing/Router->dispatchToRoute(Object(Illuminate/Http/Request))
#69 C:/xampp/htdocs/hp/vendor/laravel/framework/src/Illuminate/Foundation/Http/Kernel.php(201): Illuminate/Routing/Router->dispatch(Object(Illuminate/Http/Request))
#70 C:/xampp/htdocs/hp/vendor/laravel/framework/src/Illuminate/Pipeline/Pipeline.php(170): Illuminate/Foundation/Http/Kernel->Illuminate/Foundation/Http/{closure}(Object(Illuminate/Http/Request))
#71 C:/xampp/htdocs/hp/vendor/livewire/livewire/src/Features/SupportDisablingBackButtonCache/DisableBackButtonCacheMiddleware.php(19): Illuminate/Pipeline/Pipeline->Illuminate/Pipeline/{closure}(Object(Illuminate/Http/Request))
#72 C:/xampp/htdocs/hp/vendor/laravel/framework/src/Illuminate/Pipeline/Pipeline.php(209): Livewire/Features/SupportDisablingBackButtonCache/DisableBackButtonCacheMiddleware->handle(Object(Illuminate/Http/Request), Object(Closure))
#73 C:/xampp/htdocs/hp/vendor/laravel/framework/src/Illuminate/Foundation/Http/Middleware/TransformsRequest.php(21): Illuminate/Pipeline/Pipeline->Illuminate/Pipeline/{closure}(Object(Illuminate/Http/Request))
#74 C:/xampp/htdocs/hp/vendor/laravel/framework/src/Illuminate/Foundation/Http/Middleware/ConvertEmptyStringsToNull.php(31): Illuminate/Foundation/Http/Middleware/TransformsRequest->handle(Object(Illuminate/Http/Request), Object(Closure))
#75 C:/xampp/htdocs/hp/vendor/laravel/framework/src/Illuminate/Pipeline/Pipeline.php(209): Illuminate/Foundation/Http/Middleware/ConvertEmptyStringsToNull->handle(Object(Illuminate/Http/Request), Object(Closure))
#76 C:/xampp/htdocs/hp/vendor/laravel/framework/src/Illuminate/Foundation/Http/Middleware/TransformsRequest.php(21): Illuminate/Pipeline/Pipeline->Illuminate/Pipeline/{closure}(Object(Illuminate/Http/Request))
#77 C:/xampp/htdocs/hp/vendor/laravel/framework/src/Illuminate/Foundation/Http/Middleware/TrimStrings.php(51): Illuminate/Foundation/Http/Middleware/TransformsRequest->handle(Object(Illuminate/Http/Request), Object(Closure))
#78 C:/xampp/htdocs/hp/vendor/laravel/framework/src/Illuminate/Pipeline/Pipeline.php(209): Illuminate/Foundation/Http/Middleware/TrimStrings->handle(Object(Illuminate/Http/Request), Object(Closure))
#79 C:/xampp/htdocs/hp/vendor/laravel/framework/src/Illuminate/Http/Middleware/ValidatePostSize.php(27): Illuminate/Pipeline/Pipeline->Illuminate/Pipeline/{closure}(Object(Illuminate/Http/Request))
#80 C:/xampp/htdocs/hp/vendor/laravel/framework/src/Illuminate/Pipeline/Pipeline.php(209): Illuminate/Http/Middleware/ValidatePostSize->handle(Object(Illuminate/Http/Request), Object(Closure))
#81 C:/xampp/htdocs/hp/vendor/laravel/framework/src/Illuminate/Foundation/Http/Middleware/PreventRequestsDuringMaintenance.php(110): Illuminate/Pipeline/Pipeline->Illuminate/Pipeline/{closure}(Object(Illuminate/Http/Request))
#82 C:/xampp/htdocs/hp/vendor/laravel/framework/src/Illuminate/Pipeline/Pipeline.php(209): Illuminate/Foundation/Http/Middleware/PreventRequestsDuringMaintenance->handle(Object(Illuminate/Http/Request), Object(Closure))
#83 C:/xampp/htdocs/hp/vendor/laravel/framework/src/Illuminate/Http/Middleware/HandleCors.php(49): Illuminate/Pipeline/Pipeline->Illuminate/Pipeline/{closure}(Object(Illuminate/Http/Request))
#84 C:/xampp/htdocs/hp/vendor/laravel/framework/src/Illuminate/Pipeline/Pipeline.php(209): Illuminate/Http/Middleware/HandleCors->handle(Object(Illuminate/Http/Request), Object(Closure))
#85 C:/xampp/htdocs/hp/vendor/laravel/framework/src/Illuminate/Http/Middleware/TrustProxies.php(58): Illuminate/Pipeline/Pipeline->Illuminate/Pipeline/{closure}(Object(Illuminate/Http/Request))
#86 C:/xampp/htdocs/hp/vendor/laravel/framework/src/Illuminate/Pipeline/Pipeline.php(209): Illuminate/Http/Middleware/TrustProxies->handle(Object(Illuminate/Http/Request), Object(Closure))
#87 C:/xampp/htdocs/hp/vendor/laravel/framework/src/Illuminate/Foundation/Http/Middleware/InvokeDeferredCallbacks.php(22): Illuminate/Pipeline/Pipeline->Illuminate/Pipeline/{closure}(Object(Illuminate/Http/Request))
#88 C:/xampp/htdocs/hp/vendor/laravel/framework/src/Illuminate/Pipeline/Pipeline.php(209): Illuminate/Foundation/Http/Middleware/InvokeDeferredCallbacks->handle(Object(Illuminate/Http/Request), Object(Closure))
#89 C:/xampp/htdocs/hp/vendor/laravel/framework/src/Illuminate/Pipeline/Pipeline.php(127): Illuminate/Pipeline/Pipeline->Illuminate/Pipeline/{closure}(Object(Illuminate/Http/Request))
#90 C:/xampp/htdocs/hp/vendor/laravel/framework/src/Illuminate/Foundation/Http/Kernel.php(176): Illuminate/Pipeline/Pipeline->then(Object(Closure))
#91 C:/xampp/htdocs/hp/vendor/laravel/framework/src/Illuminate/Foundation/Http/Kernel.php(145): Illuminate/Foundation/Http/Kernel->sendRequestThroughRouter(Object(Illuminate/Http/Request))
#92 C:/xampp/htdocs/hp/vendor/laravel/framework/src/Illuminate/Foundation/Application.php(1220): Illuminate/Foundation/Http/Kernel->handle(Object(Illuminate/Http/Request))
#93 C:/xampp/htdocs/hp/public/index.php(17): Illuminate/Foundation/Application->handleRequest(Object(Illuminate/Http/Request))
#94 C:/xampp/htdocs/hp/vendor/laravel/framework/src/Illuminate/Foundation/resources/server.php(23): require_once('C://xampp//htdocs...')
#95 {main}
"} 
[2026-09-30 12:00:54] local.ERROR: The "intl" PHP extension is required to use the [format] method. (View: C:\xampp\htdocs\hp\vendor\filament\support\resources\views\components\pagination\index.blade.php) (View: C:\xampp\htdocs\hp\vendor\filament\support\resources\views\components\pagination\index.blade.php) (View: C:\xampp\htdocs\hp\vendor\filament\support\resources\views\components\pagination\index.blade.php) {"userId":1,"exception":"[object] (Illuminate\\View\\ViewException(code: 0): The \"intl\" PHP extension is required to use the [format] method. (View: C:\\xampp\\htdocs\\hp\\vendor\\filament\\support\\resources\\views\\components\\pagination\\index.blade.php) (View: C:\\xampp\\htdocs\\hp\\vendor\\filament\\support\\resources\\views\\components\\pagination\\index.blade.php) (View: C:\\xampp\\htdocs\\hp\\vendor\\filament\\support\\resources\\views\\components\\pagination\\index.blade.php) at C:/xampp/htdocs/hp/vendor/laravel/framework/src/Illuminate/Support/Number.php:385)
[stacktrace]
#0 C:/xampp/htdocs/hp/vendor/livewire/livewire/src/Mechanisms/ExtendBlade/ExtendedCompilerEngine.php(58): Illuminate/View/Engines/CompilerEngine->handleViewException(Object(Illuminate/View/ViewException), 1)
#1 C:/xampp/htdocs/hp/vendor/livewire/livewire/src/Mechanisms/ExtendBlade/ExtendedCompilerEngine.php(40): Livewire/Mechanisms/ExtendBlade/ExtendedCompilerEngine->handleViewException(Object(Illuminate/View/ViewException), 1)
#2 C:/xampp/htdocs/hp/vendor/laravel/framework/src/Illuminate/View/Engines/CompilerEngine.php(75): Livewire/Mechanisms/ExtendBlade/ExtendedCompilerEngine->evaluatePath('C://xampp//htdocs...', Array)
#3 C:/xampp/htdocs/hp/vendor/livewire/livewire/src/Mechanisms/ExtendBlade/ExtendedCompilerEngine.php(16): Illuminate/View/Engines/CompilerEngine->get('C://xampp//htdocs...', Array)
#4 C:/xampp/htdocs/hp/vendor/laravel/framework/src/Illuminate/View/View.php(209): Livewire/Mechanisms/ExtendBlade/ExtendedCompilerEngine->get('C://xampp//htdocs...', Array)
#5 C:/xampp/htdocs/hp/vendor/laravel/framework/src/Illuminate/View/View.php(192): Illuminate/View/View->getContents()
#6 C:/xampp/htdocs/hp/vendor/laravel/framework/src/Illuminate/View/View.php(161): Illuminate/View/View->renderContents()
#7 C:/xampp/htdocs/hp/vendor/livewire/livewire/src/Mechanisms/HandleComponents/HandleComponents.php(288): Illuminate/View/View->render(Object(Closure))
#8 C:/xampp/htdocs/hp/vendor/livewire/livewire/src/Mechanisms/HandleComponents/HandleComponents.php(332): Livewire/Mechanisms/HandleComponents/HandleComponents->Livewire/Mechanisms/HandleComponents/{closure}()
#9 C:/xampp/htdocs/hp/vendor/livewire/livewire/src/Mechanisms/HandleComponents/HandleComponents.php(280): Livewire/Mechanisms/HandleComponents/HandleComponents->trackInRenderStack(Object(App/Filament/Resources/ServiceResource/Pages/ListServices), Object(Closure))
#10 C:/xampp/htdocs/hp/vendor/livewire/livewire/src/Mechanisms/HandleComponents/HandleComponents.php(54): Livewire/Mechanisms/HandleComponents/HandleComponents->render(Object(App/Filament/Resources/ServiceResource/Pages/ListServices), '<div></div>')
#11 C:/xampp/htdocs/hp/vendor/livewire/livewire/src/LivewireManager.php(73): Livewire/Mechanisms/HandleComponents/HandleComponents->mount('App//Filament//Re...', Array, NULL)
#12 C:/xampp/htdocs/hp/vendor/livewire/livewire/src/Features/SupportPageComponents/HandlesPageComponents.php(17): Livewire/LivewireManager->mount('App//Filament//Re...', Array)
#13 C:/xampp/htdocs/hp/vendor/livewire/livewire/src/Features/SupportPageComponents/SupportPageComponents.php(117): Livewire/Component->Livewire/Features/SupportPageComponents/{closure}()
#14 C:/xampp/htdocs/hp/vendor/livewire/livewire/src/Features/SupportPageComponents/HandlesPageComponents.php(14): Livewire/Features/SupportPageComponents/SupportPageComponents::interceptTheRenderOfTheComponentAndRetreiveTheLayoutConfiguration(Object(Closure))
#15 C:/xampp/htdocs/hp/vendor/laravel/framework/src/Illuminate/Routing/ControllerDispatcher.php(47): Livewire/Component->__invoke()
#16 C:/xampp/htdocs/hp/vendor/laravel/framework/src/Illuminate/Routing/Route.php(266): Illuminate/Routing/ControllerDispatcher->dispatch(Object(Illuminate/Routing/Route), Object(App/Filament/Resources/ServiceResource/Pages/ListServices), '__invoke')
#17 C:/xampp/htdocs/hp/vendor/laravel/framework/src/Illuminate/Routing/Route.php(212): Illuminate/Routing/Route->runController()
#18 C:/xampp/htdocs/hp/vendor/laravel/framework/src/Illuminate/Routing/Router.php(808): Illuminate/Routing/Route->run()
#19 C:/xampp/htdocs/hp/vendor/laravel/framework/src/Illuminate/Pipeline/Pipeline.php(170): Illuminate/Routing/Router->Illuminate/Routing/{closure}(Object(Illuminate/Http/Request))
#20 C:/xampp/htdocs/hp/vendor/filament/filament/src/Http/Middleware/DispatchServingFilamentEvent.php(15): Illuminate/Pipeline/Pipeline->Illuminate/Pipeline/{closure}(Object(Illuminate/Http/Request))
#21 C:/xampp/htdocs/hp/vendor/laravel/framework/src/Illuminate/Pipeline/Pipeline.php(209): Filament/Http/Middleware/DispatchServingFilamentEvent->handle(Object(Illuminate/Http/Request), Object(Closure))
#22 C:/xampp/htdocs/hp/vendor/filament/filament/src/Http/Middleware/DisableBladeIconComponents.php(14): Illuminate/Pipeline/Pipeline->Illuminate/Pipeline/{closure}(Object(Illuminate/Http/Request))
#23 C:/xampp/htdocs/hp/vendor/laravel/framework/src/Illuminate/Pipeline/Pipeline.php(209): Filament/Http/Middleware/DisableBladeIconComponents->handle(Object(Illuminate/Http/Request), Object(Closure))
#24 C:/xampp/htdocs/hp/vendor/laravel/framework/src/Illuminate/Routing/Middleware/SubstituteBindings.php(51): Illuminate/Pipeline/Pipeline->Illuminate/Pipeline/{closure}(Object(Illuminate/Http/Request))
#25 C:/xampp/htdocs/hp/vendor/laravel/framework/src/Illuminate/Pipeline/Pipeline.php(209): Illuminate/Routing/Middleware/SubstituteBindings->handle(Object(Illuminate/Http/Request), Object(Closure))
#26 C:/xampp/htdocs/hp/vendor/laravel/framework/src/Illuminate/Foundation/Http/Middleware/VerifyCsrfToken.php(88): Illuminate/Pipeline/Pipeline->Illuminate/Pipeline/{closure}(Object(Illuminate/Http/Request))
#27 C:/xampp/htdocs/hp/vendor/laravel/framework/src/Illuminate/Pipeline/Pipeline.php(209): Illuminate/Foundation/Http/Middleware/VerifyCsrfToken->handle(Object(Illuminate/Http/Request), Object(Closure))
#28 C:/xampp/htdocs/hp/vendor/laravel/framework/src/Illuminate/Session/Middleware/AuthenticateSession.php(67): Illuminate/Pipeline/Pipeline->Illuminate/Pipeline/{closure}(Object(Illuminate/Http/Request))
#29 C:/xampp/htdocs/hp/vendor/laravel/framework/src/Illuminate/Pipeline/Pipeline.php(209): Illuminate/Session/Middleware/AuthenticateSession->handle(Object(Illuminate/Http/Request), Object(Closure))
#30 C:/xampp/htdocs/hp/vendor/laravel/framework/src/Illuminate/Auth/Middleware/Authenticate.php(64): Illuminate/Pipeline/Pipeline->Illuminate/Pipeline/{closure}(Object(Illuminate/Http/Request))
#31 C:/xampp/htdocs/hp/vendor/laravel/framework/src/Illuminate/Pipeline/Pipeline.php(209): Illuminate/Auth/Middleware/Authenticate->handle(Object(Illuminate/Http/Request), Object(Closure))
#32 C:/xampp/htdocs/hp/vendor/laravel/framework/src/Illuminate/View/Middleware/ShareErrorsFromSession.php(49): Illuminate/Pipeline/Pipeline->Illuminate/Pipeline/{closure}(Object(Illuminate/Http/Request))
#33 C:/xampp/htdocs/hp/vendor/laravel/framework/src/Illuminate/Pipeline/Pipeline.php(209): Illuminate/View/Middleware/ShareErrorsFromSession->handle(Object(Illuminate/Http/Request), Object(Closure))
#34 C:/xampp/htdocs/hp/vendor/laravel/framework/src/Illuminate/Session/Middleware/StartSession.php(121): Illuminate/Pipeline/Pipeline->Illuminate/Pipeline/{closure}(Object(Illuminate/Http/Request))
#35 C:/xampp/htdocs/hp/vendor/laravel/framework/src/Illuminate/Session/Middleware/StartSession.php(64): Illuminate/Session/Middleware/StartSession->handleStatefulRequest(Object(Illuminate/Http/Request), Object(Illuminate/Session/Store), Object(Closure))
#36 C:/xampp/htdocs/hp/vendor/laravel/framework/src/Illuminate/Pipeline/Pipeline.php(209): Illuminate/Session/Middleware/StartSession->handle(Object(Illuminate/Http/Request), Object(Closure))
#37 C:/xampp/htdocs/hp/vendor/laravel/framework/src/Illuminate/Cookie/Middleware/AddQueuedCookiesToResponse.php(37): Illuminate/Pipeline/Pipeline->Illuminate/Pipeline/{closure}(Object(Illuminate/Http/Request))
#38 C:/xampp/htdocs/hp/vendor/laravel/framework/src/Illuminate/Pipeline/Pipeline.php(209): Illuminate/Cookie/Middleware/AddQueuedCookiesToResponse->handle(Object(Illuminate/Http/Request), Object(Closure))
#39 C:/xampp/htdocs/hp/vendor/laravel/framework/src/Illuminate/Cookie/Middleware/EncryptCookies.php(75): Illuminate/Pipeline/Pipeline->Illuminate/Pipeline/{closure}(Object(Illuminate/Http/Request))
#40 C:/xampp/htdocs/hp/vendor/laravel/framework/src/Illuminate/Pipeline/Pipeline.php(209): Illuminate/Cookie/Middleware/EncryptCookies->handle(Object(Illuminate/Http/Request), Object(Closure))
#41 C:/xampp/htdocs/hp/vendor/filament/filament/src/Http/Middleware/SetUpPanel.php(19): Illuminate/Pipeline/Pipeline->Illuminate/Pipeline/{closure}(Object(Illuminate/Http/Request))
#42 C:/xampp/htdocs/hp/vendor/laravel/framework/src/Illuminate/Pipeline/Pipeline.php(209): Filament/Http/Middleware/SetUpPanel->handle(Object(Illuminate/Http/Request), Object(Closure), Object(Filament/Panel))
#43 C:/xampp/htdocs/hp/vendor/laravel/framework/src/Illuminate/Pipeline/Pipeline.php(127): Illuminate/Pipeline/Pipeline->Illuminate/Pipeline/{closure}(Object(Illuminate/Http/Request))
#44 C:/xampp/htdocs/hp/vendor/laravel/framework/src/Illuminate/Routing/Router.php(807): Illuminate/Pipeline/Pipeline->then(Object(Closure))
#45 C:/xampp/htdocs/hp/vendor/laravel/framework/src/Illuminate/Routing/Router.php(786): Illuminate/Routing/Router->runRouteWithinStack(Object(Illuminate/Routing/Route), Object(Illuminate/Http/Request))
#46 C:/xampp/htdocs/hp/vendor/laravel/framework/src/Illuminate/Routing/Router.php(750): Illuminate/Routing/Router->runRoute(Object(Illuminate/Http/Request), Object(Illuminate/Routing/Route))
#47 C:/xampp/htdocs/hp/vendor/laravel/framework/src/Illuminate/Routing/Router.php(739): Illuminate/Routing/Router->dispatchToRoute(Object(Illuminate/Http/Request))
#48 C:/xampp/htdocs/hp/vendor/laravel/framework/src/Illuminate/Foundation/Http/Kernel.php(201): Illuminate/Routing/Router->dispatch(Object(Illuminate/Http/Request))
#49 C:/xampp/htdocs/hp/vendor/laravel/framework/src/Illuminate/Pipeline/Pipeline.php(170): Illuminate/Foundation/Http/Kernel->Illuminate/Foundation/Http/{closure}(Object(Illuminate/Http/Request))
#50 C:/xampp/htdocs/hp/vendor/livewire/livewire/src/Features/SupportDisablingBackButtonCache/DisableBackButtonCacheMiddleware.php(19): Illuminate/Pipeline/Pipeline->Illuminate/Pipeline/{closure}(Object(Illuminate/Http/Request))
#51 C:/xampp/htdocs/hp/vendor/laravel/framework/src/Illuminate/Pipeline/Pipeline.php(209): Livewire/Features/SupportDisablingBackButtonCache/DisableBackButtonCacheMiddleware->handle(Object(Illuminate/Http/Request), Object(Closure))
#52 C:/xampp/htdocs/hp/vendor/laravel/framework/src/Illuminate/Foundation/Http/Middleware/TransformsRequest.php(21): Illuminate/Pipeline/Pipeline->Illuminate/Pipeline/{closure}(Object(Illuminate/Http/Request))
#53 C:/xampp/htdocs/hp/vendor/laravel/framework/src/Illuminate/Foundation/Http/Middleware/ConvertEmptyStringsToNull.php(31): Illuminate/Foundation/Http/Middleware/TransformsRequest->handle(Object(Illuminate/Http/Request), Object(Closure))
#54 C:/xampp/htdocs/hp/vendor/laravel/framework/src/Illuminate/Pipeline/Pipeline.php(209): Illuminate/Foundation/Http/Middleware/ConvertEmptyStringsToNull->handle(Object(Illuminate/Http/Request), Object(Closure))
#55 C:/xampp/htdocs/hp/vendor/laravel/framework/src/Illuminate/Foundation/Http/Middleware/TransformsRequest.php(21): Illuminate/Pipeline/Pipeline->Illuminate/Pipeline/{closure}(Object(Illuminate/Http/Request))
#56 C:/xampp/htdocs/hp/vendor/laravel/framework/src/Illuminate/Foundation/Http/Middleware/TrimStrings.php(51): Illuminate/Foundation/Http/Middleware/TransformsRequest->handle(Object(Illuminate/Http/Request), Object(Closure))
#57 C:/xampp/htdocs/hp/vendor/laravel/framework/src/Illuminate/Pipeline/Pipeline.php(209): Illuminate/Foundation/Http/Middleware/TrimStrings->handle(Object(Illuminate/Http/Request), Object(Closure))
#58 C:/xampp/htdocs/hp/vendor/laravel/framework/src/Illuminate/Http/Middleware/ValidatePostSize.php(27): Illuminate/Pipeline/Pipeline->Illuminate/Pipeline/{closure}(Object(Illuminate/Http/Request))
#59 C:/xampp/htdocs/hp/vendor/laravel/framework/src/Illuminate/Pipeline/Pipeline.php(209): Illuminate/Http/Middleware/ValidatePostSize->handle(Object(Illuminate/Http/Request), Object(Closure))
#60 C:/xampp/htdocs/hp/vendor/laravel/framework/src/Illuminate/Foundation/Http/Middleware/PreventRequestsDuringMaintenance.php(110): Illuminate/Pipeline/Pipeline->Illuminate/Pipeline/{closure}(Object(Illuminate/Http/Request))
#61 C:/xampp/htdocs/hp/vendor/laravel/framework/src/Illuminate/Pipeline/Pipeline.php(209): Illuminate/Foundation/Http/Middleware/PreventRequestsDuringMaintenance->handle(Object(Illuminate/Http/Request), Object(Closure))
#62 C:/xampp/htdocs/hp/vendor/laravel/framework/src/Illuminate/Http/Middleware/HandleCors.php(49): Illuminate/Pipeline/Pipeline->Illuminate/Pipeline/{closure}(Object(Illuminate/Http/Request))
#63 C:/xampp/htdocs/hp/vendor/laravel/framework/src/Illuminate/Pipeline/Pipeline.php(209): Illuminate/Http/Middleware/HandleCors->handle(Object(Illuminate/Http/Request), Object(Closure))
#64 C:/xampp/htdocs/hp/vendor/laravel/framework/src/Illuminate/Http/Middleware/TrustProxies.php(58): Illuminate/Pipeline/Pipeline->Illuminate/Pipeline/{closure}(Object(Illuminate/Http/Request))
#65 C:/xampp/htdocs/hp/vendor/laravel/framework/src/Illuminate/Pipeline/Pipeline.php(209): Illuminate/Http/Middleware/TrustProxies->handle(Object(Illuminate/Http/Request), Object(Closure))
#66 C:/xampp/htdocs/hp/vendor/laravel/framework/src/Illuminate/Foundation/Http/Middleware/InvokeDeferredCallbacks.php(22): Illuminate/Pipeline/Pipeline->Illuminate/Pipeline/{closure}(Object(Illuminate/Http/Request))
#67 C:/xampp/htdocs/hp/vendor/laravel/framework/src/Illuminate/Pipeline/Pipeline.php(209): Illuminate/Foundation/Http/Middleware/InvokeDeferredCallbacks->handle(Object(Illuminate/Http/Request), Object(Closure))
#68 C:/xampp/htdocs/hp/vendor/laravel/framework/src/Illuminate/Pipeline/Pipeline.php(127): Illuminate/Pipeline/Pipeline->Illuminate/Pipeline/{closure}(Object(Illuminate/Http/Request))
#69 C:/xampp/htdocs/hp/vendor/laravel/framework/src/Illuminate/Foundation/Http/Kernel.php(176): Illuminate/Pipeline/Pipeline->then(Object(Closure))
#70 C:/xampp/htdocs/hp/vendor/laravel/framework/src/Illuminate/Foundation/Http/Kernel.php(145): Illuminate/Foundation/Http/Kernel->sendRequestThroughRouter(Object(Illuminate/Http/Request))
#71 C:/xampp/htdocs/hp/vendor/laravel/framework/src/Illuminate/Foundation/Application.php(1220): Illuminate/Foundation/Http/Kernel->handle(Object(Illuminate/Http/Request))
#72 C:/xampp/htdocs/hp/public/index.php(17): Illuminate/Foundation/Application->handleRequest(Object(Illuminate/Http/Request))
#73 C:/xampp/htdocs/hp/vendor/laravel/framework/src/Illuminate/Foundation/resources/server.php(23): require_once('C://xampp//htdocs...')
#74 {main}

[previous exception] [object] (Illuminate\\View\\ViewException(code: 0): The \"intl\" PHP extension is required to use the [format] method. (View: C:\\xampp\\htdocs\\hp\\vendor\\filament\\support\\resources\\views\\components\\pagination\\index.blade.php) (View: C:\\xampp\\htdocs\\hp\\vendor\\filament\\support\\resources\\views\\components\\pagination\\index.blade.php) at C:/xampp/htdocs/hp/vendor/laravel/framework/src/Illuminate/Support/Number.php:385)
[stacktrace]
#0 C:/xampp/htdocs/hp/vendor/livewire/livewire/src/Mechanisms/ExtendBlade/ExtendedCompilerEngine.php(58): Illuminate/View/Engines/CompilerEngine->handleViewException(Object(Illuminate/View/ViewException), 3)
#1 C:/xampp/htdocs/hp/vendor/livewire/livewire/src/Mechanisms/ExtendBlade/ExtendedCompilerEngine.php(40): Livewire/Mechanisms/ExtendBlade/ExtendedCompilerEngine->handleViewException(Object(Illuminate/View/ViewException), 3)
#2 C:/xampp/htdocs/hp/vendor/laravel/framework/src/Illuminate/View/Engines/CompilerEngine.php(75): Livewire/Mechanisms/ExtendBlade/ExtendedCompilerEngine->evaluatePath('C://xampp//htdocs...', Array)
#3 C:/xampp/htdocs/hp/vendor/livewire/livewire/src/Mechanisms/ExtendBlade/ExtendedCompilerEngine.php(16): Illuminate/View/Engines/CompilerEngine->get('C://xampp//htdocs...', Array)
#4 C:/xampp/htdocs/hp/vendor/laravel/framework/src/Illuminate/View/View.php(209): Livewire/Mechanisms/ExtendBlade/ExtendedCompilerEngine->get('C://xampp//htdocs...', Array)
#5 C:/xampp/htdocs/hp/vendor/laravel/framework/src/Illuminate/View/View.php(192): Illuminate/View/View->getContents()
#6 C:/xampp/htdocs/hp/vendor/laravel/framework/src/Illuminate/View/View.php(161): Illuminate/View/View->renderContents()
#7 C:/xampp/htdocs/hp/vendor/filament/support/src/Components/ViewComponent.php(115): Illuminate/View/View->render()
#8 C:/xampp/htdocs/hp/vendor/laravel/framework/src/Illuminate/Support/helpers.php(134): Filament/Support/Components/ViewComponent->toHtml()
#9 C:/xampp/htdocs/hp/storage/framework/views/853058402355b8ac6aa7297050bc2a12.php(42): e(Object(Filament/Tables/Table))
#10 C:/xampp/htdocs/hp/vendor/livewire/livewire/src/Mechanisms/ExtendBlade/ExtendedCompilerEngine.php(37): include('C://xampp//htdocs...')
#11 C:/xampp/htdocs/hp/vendor/livewire/livewire/src/Mechanisms/ExtendBlade/ExtendedCompilerEngine.php(38): App/Filament/Resources/ServiceResource/Pages/ListServices->Livewire/Mechanisms/ExtendBlade/{closure}()
#12 C:/xampp/htdocs/hp/vendor/laravel/framework/src/Illuminate/View/Engines/CompilerEngine.php(75): Livewire/Mechanisms/ExtendBlade/ExtendedCompilerEngine->evaluatePath('C://xampp//htdocs...', Array)
#13 C:/xampp/htdocs/hp/vendor/livewire/livewire/src/Mechanisms/ExtendBlade/ExtendedCompilerEngine.php(16): Illuminate/View/Engines/CompilerEngine->get('C://xampp//htdocs...', Array)
#14 C:/xampp/htdocs/hp/vendor/laravel/framework/src/Illuminate/View/View.php(209): Livewire/Mechanisms/ExtendBlade/ExtendedCompilerEngine->get('C://xampp//htdocs...', Array)
#15 C:/xampp/htdocs/hp/vendor/laravel/framework/src/Illuminate/View/View.php(192): Illuminate/View/View->getContents()
#16 C:/xampp/htdocs/hp/vendor/laravel/framework/src/Illuminate/View/View.php(161): Illuminate/View/View->renderContents()
#17 C:/xampp/htdocs/hp/vendor/livewire/livewire/src/Mechanisms/HandleComponents/HandleComponents.php(288): Illuminate/View/View->render(Object(Closure))
#18 C:/xampp/htdocs/hp/vendor/livewire/livewire/src/Mechanisms/HandleComponents/HandleComponents.php(332): Livewire/Mechanisms/HandleComponents/HandleComponents->Livewire/Mechanisms/HandleComponents/{closure}()
#19 C:/xampp/htdocs/hp/vendor/livewire/livewire/src/Mechanisms/HandleComponents/HandleComponents.php(280): Livewire/Mechanisms/HandleComponents/HandleComponents->trackInRenderStack(Object(App/Filament/Resources/ServiceResource/Pages/ListServices), Object(Closure))
#20 C:/xampp/htdocs/hp/vendor/livewire/livewire/src/Mechanisms/HandleComponents/HandleComponents.php(54): Livewire/Mechanisms/HandleComponents/HandleComponents->render(Object(App/Filament/Resources/ServiceResource/Pages/ListServices), '<div></div>')
#21 C:/xampp/htdocs/hp/vendor/livewire/livewire/src/LivewireManager.php(73): Livewire/Mechanisms/HandleComponents/HandleComponents->mount('App//Filament//Re...', Array, NULL)
#22 C:/xampp/htdocs/hp/vendor/livewire/livewire/src/Features/SupportPageComponents/HandlesPageComponents.php(17): Livewire/LivewireManager->mount('App//Filament//Re...', Array)
#23 C:/xampp/htdocs/hp/vendor/livewire/livewire/src/Features/SupportPageComponents/SupportPageComponents.php(117): Livewire/Component->Livewire/Features/SupportPageComponents/{closure}()
#24 C:/xampp/htdocs/hp/vendor/livewire/livewire/src/Features/SupportPageComponents/HandlesPageComponents.php(14): Livewire/Features/SupportPageComponents/SupportPageComponents::interceptTheRenderOfTheComponentAndRetreiveTheLayoutConfiguration(Object(Closure))
#25 C:/xampp/htdocs/hp/vendor/laravel/framework/src/Illuminate/Routing/ControllerDispatcher.php(47): Livewire/Component->__invoke()
#26 C:/xampp/htdocs/hp/vendor/laravel/framework/src/Illuminate/Routing/Route.php(266): Illuminate/Routing/ControllerDispatcher->dispatch(Object(Illuminate/Routing/Route), Object(App/Filament/Resources/ServiceResource/Pages/ListServices), '__invoke')
#27 C:/xampp/htdocs/hp/vendor/laravel/framework/src/Illuminate/Routing/Route.php(212): Illuminate/Routing/Route->runController()
#28 C:/xampp/htdocs/hp/vendor/laravel/framework/src/Illuminate/Routing/Router.php(808): Illuminate/Routing/Route->run()
#29 C:/xampp/htdocs/hp/vendor/laravel/framework/src/Illuminate/Pipeline/Pipeline.php(170): Illuminate/Routing/Router->Illuminate/Routing/{closure}(Object(Illuminate/Http/Request))
#30 C:/xampp/htdocs/hp/vendor/filament/filament/src/Http/Middleware/DispatchServingFilamentEvent.php(15): Illuminate/Pipeline/Pipeline->Illuminate/Pipeline/{closure}(Object(Illuminate/Http/Request))
#31 C:/xampp/htdocs/hp/vendor/laravel/framework/src/Illuminate/Pipeline/Pipeline.php(209): Filament/Http/Middleware/DispatchServingFilamentEvent->handle(Object(Illuminate/Http/Request), Object(Closure))
#32 C:/xampp/htdocs/hp/vendor/filament/filament/src/Http/Middleware/DisableBladeIconComponents.php(14): Illuminate/Pipeline/Pipeline->Illuminate/Pipeline/{closure}(Object(Illuminate/Http/Request))
#33 C:/xampp/htdocs/hp/vendor/laravel/framework/src/Illuminate/Pipeline/Pipeline.php(209): Filament/Http/Middleware/DisableBladeIconComponents->handle(Object(Illuminate/Http/Request), Object(Closure))
#34 C:/xampp/htdocs/hp/vendor/laravel/framework/src/Illuminate/Routing/Middleware/SubstituteBindings.php(51): Illuminate/Pipeline/Pipeline->Illuminate/Pipeline/{closure}(Object(Illuminate/Http/Request))
#35 C:/xampp/htdocs/hp/vendor/laravel/framework/src/Illuminate/Pipeline/Pipeline.php(209): Illuminate/Routing/Middleware/SubstituteBindings->handle(Object(Illuminate/Http/Request), Object(Closure))
#36 C:/xampp/htdocs/hp/vendor/laravel/framework/src/Illuminate/Foundation/Http/Middleware/VerifyCsrfToken.php(88): Illuminate/Pipeline/Pipeline->Illuminate/Pipeline/{closure}(Object(Illuminate/Http/Request))
#37 C:/xampp/htdocs/hp/vendor/laravel/framework/src/Illuminate/Pipeline/Pipeline.php(209): Illuminate/Foundation/Http/Middleware/VerifyCsrfToken->handle(Object(Illuminate/Http/Request), Object(Closure))
#38 C:/xampp/htdocs/hp/vendor/laravel/framework/src/Illuminate/Session/Middleware/AuthenticateSession.php(67): Illuminate/Pipeline/Pipeline->Illuminate/Pipeline/{closure}(Object(Illuminate/Http/Request))
#39 C:/xampp/htdocs/hp/vendor/laravel/framework/src/Illuminate/Pipeline/Pipeline.php(209): Illuminate/Session/Middleware/AuthenticateSession->handle(Object(Illuminate/Http/Request), Object(Closure))
#40 C:/xampp/htdocs/hp/vendor/laravel/framework/src/Illuminate/Auth/Middleware/Authenticate.php(64): Illuminate/Pipeline/Pipeline->Illuminate/Pipeline/{closure}(Object(Illuminate/Http/Request))
#41 C:/xampp/htdocs/hp/vendor/laravel/framework/src/Illuminate/Pipeline/Pipeline.php(209): Illuminate/Auth/Middleware/Authenticate->handle(Object(Illuminate/Http/Request), Object(Closure))
#42 C:/xampp/htdocs/hp/vendor/laravel/framework/src/Illuminate/View/Middleware/ShareErrorsFromSession.php(49): Illuminate/Pipeline/Pipeline->Illuminate/Pipeline/{closure}(Object(Illuminate/Http/Request))
#43 C:/xampp/htdocs/hp/vendor/laravel/framework/src/Illuminate/Pipeline/Pipeline.php(209): Illuminate/View/Middleware/ShareErrorsFromSession->handle(Object(Illuminate/Http/Request), Object(Closure))
#44 C:/xampp/htdocs/hp/vendor/laravel/framework/src/Illuminate/Session/Middleware/StartSession.php(121): Illuminate/Pipeline/Pipeline->Illuminate/Pipeline/{closure}(Object(Illuminate/Http/Request))
#45 C:/xampp/htdocs/hp/vendor/laravel/framework/src/Illuminate/Session/Middleware/StartSession.php(64): Illuminate/Session/Middleware/StartSession->handleStatefulRequest(Object(Illuminate/Http/Request), Object(Illuminate/Session/Store), Object(Closure))
#46 C:/xampp/htdocs/hp/vendor/laravel/framework/src/Illuminate/Pipeline/Pipeline.php(209): Illuminate/Session/Middleware/StartSession->handle(Object(Illuminate/Http/Request), Object(Closure))
#47 C:/xampp/htdocs/hp/vendor/laravel/framework/src/Illuminate/Cookie/Middleware/AddQueuedCookiesToResponse.php(37): Illuminate/Pipeline/Pipeline->Illuminate/Pipeline/{closure}(Object(Illuminate/Http/Request))
#48 C:/xampp/htdocs/hp/vendor/laravel/framework/src/Illuminate/Pipeline/Pipeline.php(209): Illuminate/Cookie/Middleware/AddQueuedCookiesToResponse->handle(Object(Illuminate/Http/Request), Object(Closure))
#49 C:/xampp/htdocs/hp/vendor/laravel/framework/src/Illuminate/Cookie/Middleware/EncryptCookies.php(75): Illuminate/Pipeline/Pipeline->Illuminate/Pipeline/{closure}(Object(Illuminate/Http/Request))
#50 C:/xampp/htdocs/hp/vendor/laravel/framework/src/Illuminate/Pipeline/Pipeline.php(209): Illuminate/Cookie/Middleware/EncryptCookies->handle(Object(Illuminate/Http/Request), Object(Closure))
#51 C:/xampp/htdocs/hp/vendor/filament/filament/src/Http/Middleware/SetUpPanel.php(19): Illuminate/Pipeline/Pipeline->Illuminate/Pipeline/{closure}(Object(Illuminate/Http/Request))
#52 C:/xampp/htdocs/hp/vendor/laravel/framework/src/Illuminate/Pipeline/Pipeline.php(209): Filament/Http/Middleware/SetUpPanel->handle(Object(Illuminate/Http/Request), Object(Closure), Object(Filament/Panel))
#53 C:/xampp/htdocs/hp/vendor/laravel/framework/src/Illuminate/Pipeline/Pipeline.php(127): Illuminate/Pipeline/Pipeline->Illuminate/Pipeline/{closure}(Object(Illuminate/Http/Request))
#54 C:/xampp/htdocs/hp/vendor/laravel/framework/src/Illuminate/Routing/Router.php(807): Illuminate/Pipeline/Pipeline->then(Object(Closure))
#55 C:/xampp/htdocs/hp/vendor/laravel/framework/src/Illuminate/Routing/Router.php(786): Illuminate/Routing/Router->runRouteWithinStack(Object(Illuminate/Routing/Route), Object(Illuminate/Http/Request))
#56 C:/xampp/htdocs/hp/vendor/laravel/framework/src/Illuminate/Routing/Router.php(750): Illuminate/Routing/Router->runRoute(Object(Illuminate/Http/Request), Object(Illuminate/Routing/Route))
#57 C:/xampp/htdocs/hp/vendor/laravel/framework/src/Illuminate/Routing/Router.php(739): Illuminate/Routing/Router->dispatchToRoute(Object(Illuminate/Http/Request))
#58 C:/xampp/htdocs/hp/vendor/laravel/framework/src/Illuminate/Foundation/Http/Kernel.php(201): Illuminate/Routing/Router->dispatch(Object(Illuminate/Http/Request))
#59 C:/xampp/htdocs/hp/vendor/laravel/framework/src/Illuminate/Pipeline/Pipeline.php(170): Illuminate/Foundation/Http/Kernel->Illuminate/Foundation/Http/{closure}(Object(Illuminate/Http/Request))
#60 C:/xampp/htdocs/hp/vendor/livewire/livewire/src/Features/SupportDisablingBackButtonCache/DisableBackButtonCacheMiddleware.php(19): Illuminate/Pipeline/Pipeline->Illuminate/Pipeline/{closure}(Object(Illuminate/Http/Request))
#61 C:/xampp/htdocs/hp/vendor/laravel/framework/src/Illuminate/Pipeline/Pipeline.php(209): Livewire/Features/SupportDisablingBackButtonCache/DisableBackButtonCacheMiddleware->handle(Object(Illuminate/Http/Request), Object(Closure))
#62 C:/xampp/htdocs/hp/vendor/laravel/framework/src/Illuminate/Foundation/Http/Middleware/TransformsRequest.php(21): Illuminate/Pipeline/Pipeline->Illuminate/Pipeline/{closure}(Object(Illuminate/Http/Request))
#63 C:/xampp/htdocs/hp/vendor/laravel/framework/src/Illuminate/Foundation/Http/Middleware/ConvertEmptyStringsToNull.php(31): Illuminate/Foundation/Http/Middleware/TransformsRequest->handle(Object(Illuminate/Http/Request), Object(Closure))
#64 C:/xampp/htdocs/hp/vendor/laravel/framework/src/Illuminate/Pipeline/Pipeline.php(209): Illuminate/Foundation/Http/Middleware/ConvertEmptyStringsToNull->handle(Object(Illuminate/Http/Request), Object(Closure))
#65 C:/xampp/htdocs/hp/vendor/laravel/framework/src/Illuminate/Foundation/Http/Middleware/TransformsRequest.php(21): Illuminate/Pipeline/Pipeline->Illuminate/Pipeline/{closure}(Object(Illuminate/Http/Request))
#66 C:/xampp/htdocs/hp/vendor/laravel/framework/src/Illuminate/Foundation/Http/Middleware/TrimStrings.php(51): Illuminate/Foundation/Http/Middleware/TransformsRequest->handle(Object(Illuminate/Http/Request), Object(Closure))
#67 C:/xampp/htdocs/hp/vendor/laravel/framework/src/Illuminate/Pipeline/Pipeline.php(209): Illuminate/Foundation/Http/Middleware/TrimStrings->handle(Object(Illuminate/Http/Request), Object(Closure))
#68 C:/xampp/htdocs/hp/vendor/laravel/framework/src/Illuminate/Http/Middleware/ValidatePostSize.php(27): Illuminate/Pipeline/Pipeline->Illuminate/Pipeline/{closure}(Object(Illuminate/Http/Request))
#69 C:/xampp/htdocs/hp/vendor/laravel/framework/src/Illuminate/Pipeline/Pipeline.php(209): Illuminate/Http/Middleware/ValidatePostSize->handle(Object(Illuminate/Http/Request), Object(Closure))
#70 C:/xampp/htdocs/hp/vendor/laravel/framework/src/Illuminate/Foundation/Http/Middleware/PreventRequestsDuringMaintenance.php(110): Illuminate/Pipeline/Pipeline->Illuminate/Pipeline/{closure}(Object(Illuminate/Http/Request))
#71 C:/xampp/htdocs/hp/vendor/laravel/framework/src/Illuminate/Pipeline/Pipeline.php(209): Illuminate/Foundation/Http/Middleware/PreventRequestsDuringMaintenance->handle(Object(Illuminate/Http/Request), Object(Closure))
#72 C:/xampp/htdocs/hp/vendor/laravel/framework/src/Illuminate/Http/Middleware/HandleCors.php(49): Illuminate/Pipeline/Pipeline->Illuminate/Pipeline/{closure}(Object(Illuminate/Http/Request))
#73 C:/xampp/htdocs/hp/vendor/laravel/framework/src/Illuminate/Pipeline/Pipeline.php(209): Illuminate/Http/Middleware/HandleCors->handle(Object(Illuminate/Http/Request), Object(Closure))
#74 C:/xampp/htdocs/hp/vendor/laravel/framework/src/Illuminate/Http/Middleware/TrustProxies.php(58): Illuminate/Pipeline/Pipeline->Illuminate/Pipeline/{closure}(Object(Illuminate/Http/Request))
#75 C:/xampp/htdocs/hp/vendor/laravel/framework/src/Illuminate/Pipeline/Pipeline.php(209): Illuminate/Http/Middleware/TrustProxies->handle(Object(Illuminate/Http/Request), Object(Closure))
#76 C:/xampp/htdocs/hp/vendor/laravel/framework/src/Illuminate/Foundation/Http/Middleware/InvokeDeferredCallbacks.php(22): Illuminate/Pipeline/Pipeline->Illuminate/Pipeline/{closure}(Object(Illuminate/Http/Request))
#77 C:/xampp/htdocs/hp/vendor/laravel/framework/src/Illuminate/Pipeline/Pipeline.php(209): Illuminate/Foundation/Http/Middleware/InvokeDeferredCallbacks->handle(Object(Illuminate/Http/Request), Object(Closure))
#78 C:/xampp/htdocs/hp/vendor/laravel/framework/src/Illuminate/Pipeline/Pipeline.php(127): Illuminate/Pipeline/Pipeline->Illuminate/Pipeline/{closure}(Object(Illuminate/Http/Request))
#79 C:/xampp/htdocs/hp/vendor/laravel/framework/src/Illuminate/Foundation/Http/Kernel.php(176): Illuminate/Pipeline/Pipeline->then(Object(Closure))
#80 C:/xampp/htdocs/hp/vendor/laravel/framework/src/Illuminate/Foundation/Http/Kernel.php(145): Illuminate/Foundation/Http/Kernel->sendRequestThroughRouter(Object(Illuminate/Http/Request))
#81 C:/xampp/htdocs/hp/vendor/laravel/framework/src/Illuminate/Foundation/Application.php(1220): Illuminate/Foundation/Http/Kernel->handle(Object(Illuminate/Http/Request))
#82 C:/xampp/htdocs/hp/public/index.php(17): Illuminate/Foundation/Application->handleRequest(Object(Illuminate/Http/Request))
#83 C:/xampp/htdocs/hp/vendor/laravel/framework/src/Illuminate/Foundation/resources/server.php(23): require_once('C://xampp//htdocs...')
#84 {main}

[previous exception] [object] (Illuminate\\View\\ViewException(code: 0): The \"intl\" PHP extension is required to use the [format] method. (View: C:\\xampp\\htdocs\\hp\\vendor\\filament\\support\\resources\\views\\components\\pagination\\index.blade.php) at C:/xampp/htdocs/hp/vendor/laravel/framework/src/Illuminate/Support/Number.php:385)
[stacktrace]
#0 C:/xampp/htdocs/hp/vendor/livewire/livewire/src/Mechanisms/ExtendBlade/ExtendedCompilerEngine.php(58): Illuminate/View/Engines/CompilerEngine->handleViewException(Object(RuntimeException), 5)
#1 C:/xampp/htdocs/hp/vendor/livewire/livewire/src/Mechanisms/ExtendBlade/ExtendedCompilerEngine.php(40): Livewire/Mechanisms/ExtendBlade/ExtendedCompilerEngine->handleViewException(Object(RuntimeException), 5)
#2 C:/xampp/htdocs/hp/vendor/laravel/framework/src/Illuminate/View/Engines/CompilerEngine.php(75): Livewire/Mechanisms/ExtendBlade/ExtendedCompilerEngine->evaluatePath('C://xampp//htdocs...', Array)
#3 C:/xampp/htdocs/hp/vendor/livewire/livewire/src/Mechanisms/ExtendBlade/ExtendedCompilerEngine.php(16): Illuminate/View/Engines/CompilerEngine->get('C://xampp//htdocs...', Array)
#4 C:/xampp/htdocs/hp/vendor/laravel/framework/src/Illuminate/View/View.php(209): Livewire/Mechanisms/ExtendBlade/ExtendedCompilerEngine->get('C://xampp//htdocs...', Array)
#5 C:/xampp/htdocs/hp/vendor/laravel/framework/src/Illuminate/View/View.php(192): Illuminate/View/View->getContents()
#6 C:/xampp/htdocs/hp/vendor/laravel/framework/src/Illuminate/View/View.php(161): Illuminate/View/View->renderContents()
#7 C:/xampp/htdocs/hp/vendor/laravel/framework/src/Illuminate/View/Concerns/ManagesComponents.php(103): Illuminate/View/View->render()
#8 C:/xampp/htdocs/hp/storage/framework/views/6477c3f58b3f6bca4ff1555fac23c21c.php(2458): Illuminate/View/Factory->renderComponent()
#9 C:/xampp/htdocs/hp/vendor/livewire/livewire/src/Mechanisms/ExtendBlade/ExtendedCompilerEngine.php(37): include('C://xampp//htdocs...')
#10 C:/xampp/htdocs/hp/vendor/livewire/livewire/src/Mechanisms/ExtendBlade/ExtendedCompilerEngine.php(38): App/Filament/Resources/ServiceResource/Pages/ListServices->Livewire/Mechanisms/ExtendBlade/{closure}()
#11 C:/xampp/htdocs/hp/vendor/laravel/framework/src/Illuminate/View/Engines/CompilerEngine.php(75): Livewire/Mechanisms/ExtendBlade/ExtendedCompilerEngine->evaluatePath('C://xampp//htdocs...', Array)
#12 C:/xampp/htdocs/hp/vendor/livewire/livewire/src/Mechanisms/ExtendBlade/ExtendedCompilerEngine.php(16): Illuminate/View/Engines/CompilerEngine->get('C://xampp//htdocs...', Array)
#13 C:/xampp/htdocs/hp/vendor/laravel/framework/src/Illuminate/View/View.php(209): Livewire/Mechanisms/ExtendBlade/ExtendedCompilerEngine->get('C://xampp//htdocs...', Array)
#14 C:/xampp/htdocs/hp/vendor/laravel/framework/src/Illuminate/View/View.php(192): Illuminate/View/View->getContents()
#15 C:/xampp/htdocs/hp/vendor/laravel/framework/src/Illuminate/View/View.php(161): Illuminate/View/View->renderContents()
#16 C:/xampp/htdocs/hp/vendor/filament/support/src/Components/ViewComponent.php(115): Illuminate/View/View->render()
#17 C:/xampp/htdocs/hp/vendor/laravel/framework/src/Illuminate/Support/helpers.php(134): Filament/Support/Components/ViewComponent->toHtml()
#18 C:/xampp/htdocs/hp/storage/framework/views/853058402355b8ac6aa7297050bc2a12.php(42): e(Object(Filament/Tables/Table))
#19 C:/xampp/htdocs/hp/vendor/livewire/livewire/src/Mechanisms/ExtendBlade/ExtendedCompilerEngine.php(37): include('C://xampp//htdocs...')
#20 C:/xampp/htdocs/hp/vendor/livewire/livewire/src/Mechanisms/ExtendBlade/ExtendedCompilerEngine.php(38): App/Filament/Resources/ServiceResource/Pages/ListServices->Livewire/Mechanisms/ExtendBlade/{closure}()
#21 C:/xampp/htdocs/hp/vendor/laravel/framework/src/Illuminate/View/Engines/CompilerEngine.php(75): Livewire/Mechanisms/ExtendBlade/ExtendedCompilerEngine->evaluatePath('C://xampp//htdocs...', Array)
#22 C:/xampp/htdocs/hp/vendor/livewire/livewire/src/Mechanisms/ExtendBlade/ExtendedCompilerEngine.php(16): Illuminate/View/Engines/CompilerEngine->get('C://xampp//htdocs...', Array)
#23 C:/xampp/htdocs/hp/vendor/laravel/framework/src/Illuminate/View/View.php(209): Livewire/Mechanisms/ExtendBlade/ExtendedCompilerEngine->get('C://xampp//htdocs...', Array)
#24 C:/xampp/htdocs/hp/vendor/laravel/framework/src/Illuminate/View/View.php(192): Illuminate/View/View->getContents()
#25 C:/xampp/htdocs/hp/vendor/laravel/framework/src/Illuminate/View/View.php(161): Illuminate/View/View->renderContents()
#26 C:/xampp/htdocs/hp/vendor/livewire/livewire/src/Mechanisms/HandleComponents/HandleComponents.php(288): Illuminate/View/View->render(Object(Closure))
#27 C:/xampp/htdocs/hp/vendor/livewire/livewire/src/Mechanisms/HandleComponents/HandleComponents.php(332): Livewire/Mechanisms/HandleComponents/HandleComponents->Livewire/Mechanisms/HandleComponents/{closure}()
#28 C:/xampp/htdocs/hp/vendor/livewire/livewire/src/Mechanisms/HandleComponents/HandleComponents.php(280): Livewire/Mechanisms/HandleComponents/HandleComponents->trackInRenderStack(Object(App/Filament/Resources/ServiceResource/Pages/ListServices), Object(Closure))
#29 C:/xampp/htdocs/hp/vendor/livewire/livewire/src/Mechanisms/HandleComponents/HandleComponents.php(54): Livewire/Mechanisms/HandleComponents/HandleComponents->render(Object(App/Filament/Resources/ServiceResource/Pages/ListServices), '<div></div>')
#30 C:/xampp/htdocs/hp/vendor/livewire/livewire/src/LivewireManager.php(73): Livewire/Mechanisms/HandleComponents/HandleComponents->mount('App//Filament//Re...', Array, NULL)
#31 C:/xampp/htdocs/hp/vendor/livewire/livewire/src/Features/SupportPageComponents/HandlesPageComponents.php(17): Livewire/LivewireManager->mount('App//Filament//Re...', Array)
#32 C:/xampp/htdocs/hp/vendor/livewire/livewire/src/Features/SupportPageComponents/SupportPageComponents.php(117): Livewire/Component->Livewire/Features/SupportPageComponents/{closure}()
#33 C:/xampp/htdocs/hp/vendor/livewire/livewire/src/Features/SupportPageComponents/HandlesPageComponents.php(14): Livewire/Features/SupportPageComponents/SupportPageComponents::interceptTheRenderOfTheComponentAndRetreiveTheLayoutConfiguration(Object(Closure))
#34 C:/xampp/htdocs/hp/vendor/laravel/framework/src/Illuminate/Routing/ControllerDispatcher.php(47): Livewire/Component->__invoke()
#35 C:/xampp/htdocs/hp/vendor/laravel/framework/src/Illuminate/Routing/Route.php(266): Illuminate/Routing/ControllerDispatcher->dispatch(Object(Illuminate/Routing/Route), Object(App/Filament/Resources/ServiceResource/Pages/ListServices), '__invoke')
#36 C:/xampp/htdocs/hp/vendor/laravel/framework/src/Illuminate/Routing/Route.php(212): Illuminate/Routing/Route->runController()
#37 C:/xampp/htdocs/hp/vendor/laravel/framework/src/Illuminate/Routing/Router.php(808): Illuminate/Routing/Route->run()
#38 C:/xampp/htdocs/hp/vendor/laravel/framework/src/Illuminate/Pipeline/Pipeline.php(170): Illuminate/Routing/Router->Illuminate/Routing/{closure}(Object(Illuminate/Http/Request))
#39 C:/xampp/htdocs/hp/vendor/filament/filament/src/Http/Middleware/DispatchServingFilamentEvent.php(15): Illuminate/Pipeline/Pipeline->Illuminate/Pipeline/{closure}(Object(Illuminate/Http/Request))
#40 C:/xampp/htdocs/hp/vendor/laravel/framework/src/Illuminate/Pipeline/Pipeline.php(209): Filament/Http/Middleware/DispatchServingFilamentEvent->handle(Object(Illuminate/Http/Request), Object(Closure))
#41 C:/xampp/htdocs/hp/vendor/filament/filament/src/Http/Middleware/DisableBladeIconComponents.php(14): Illuminate/Pipeline/Pipeline->Illuminate/Pipeline/{closure}(Object(Illuminate/Http/Request))
#42 C:/xampp/htdocs/hp/vendor/laravel/framework/src/Illuminate/Pipeline/Pipeline.php(209): Filament/Http/Middleware/DisableBladeIconComponents->handle(Object(Illuminate/Http/Request), Object(Closure))
#43 C:/xampp/htdocs/hp/vendor/laravel/framework/src/Illuminate/Routing/Middleware/SubstituteBindings.php(51): Illuminate/Pipeline/Pipeline->Illuminate/Pipeline/{closure}(Object(Illuminate/Http/Request))
#44 C:/xampp/htdocs/hp/vendor/laravel/framework/src/Illuminate/Pipeline/Pipeline.php(209): Illuminate/Routing/Middleware/SubstituteBindings->handle(Object(Illuminate/Http/Request), Object(Closure))
#45 C:/xampp/htdocs/hp/vendor/laravel/framework/src/Illuminate/Foundation/Http/Middleware/VerifyCsrfToken.php(88): Illuminate/Pipeline/Pipeline->Illuminate/Pipeline/{closure}(Object(Illuminate/Http/Request))
#46 C:/xampp/htdocs/hp/vendor/laravel/framework/src/Illuminate/Pipeline/Pipeline.php(209): Illuminate/Foundation/Http/Middleware/VerifyCsrfToken->handle(Object(Illuminate/Http/Request), Object(Closure))
#47 C:/xampp/htdocs/hp/vendor/laravel/framework/src/Illuminate/Session/Middleware/AuthenticateSession.php(67): Illuminate/Pipeline/Pipeline->Illuminate/Pipeline/{closure}(Object(Illuminate/Http/Request))
#48 C:/xampp/htdocs/hp/vendor/laravel/framework/src/Illuminate/Pipeline/Pipeline.php(209): Illuminate/Session/Middleware/AuthenticateSession->handle(Object(Illuminate/Http/Request), Object(Closure))
#49 C:/xampp/htdocs/hp/vendor/laravel/framework/src/Illuminate/Auth/Middleware/Authenticate.php(64): Illuminate/Pipeline/Pipeline->Illuminate/Pipeline/{closure}(Object(Illuminate/Http/Request))
#50 C:/xampp/htdocs/hp/vendor/laravel/framework/src/Illuminate/Pipeline/Pipeline.php(209): Illuminate/Auth/Middleware/Authenticate->handle(Object(Illuminate/Http/Request), Object(Closure))
#51 C:/xampp/htdocs/hp/vendor/laravel/framework/src/Illuminate/View/Middleware/ShareErrorsFromSession.php(49): Illuminate/Pipeline/Pipeline->Illuminate/Pipeline/{closure}(Object(Illuminate/Http/Request))
#52 C:/xampp/htdocs/hp/vendor/laravel/framework/src/Illuminate/Pipeline/Pipeline.php(209): Illuminate/View/Middleware/ShareErrorsFromSession->handle(Object(Illuminate/Http/Request), Object(Closure))
#53 C:/xampp/htdocs/hp/vendor/laravel/framework/src/Illuminate/Session/Middleware/StartSession.php(121): Illuminate/Pipeline/Pipeline->Illuminate/Pipeline/{closure}(Object(Illuminate/Http/Request))
#54 C:/xampp/htdocs/hp/vendor/laravel/framework/src/Illuminate/Session/Middleware/StartSession.php(64): Illuminate/Session/Middleware/StartSession->handleStatefulRequest(Object(Illuminate/Http/Request), Object(Illuminate/Session/Store), Object(Closure))
#55 C:/xampp/htdocs/hp/vendor/laravel/framework/src/Illuminate/Pipeline/Pipeline.php(209): Illuminate/Session/Middleware/StartSession->handle(Object(Illuminate/Http/Request), Object(Closure))
#56 C:/xampp/htdocs/hp/vendor/laravel/framework/src/Illuminate/Cookie/Middleware/AddQueuedCookiesToResponse.php(37): Illuminate/Pipeline/Pipeline->Illuminate/Pipeline/{closure}(Object(Illuminate/Http/Request))
#57 C:/xampp/htdocs/hp/vendor/laravel/framework/src/Illuminate/Pipeline/Pipeline.php(209): Illuminate/Cookie/Middleware/AddQueuedCookiesToResponse->handle(Object(Illuminate/Http/Request), Object(Closure))
#58 C:/xampp/htdocs/hp/vendor/laravel/framework/src/Illuminate/Cookie/Middleware/EncryptCookies.php(75): Illuminate/Pipeline/Pipeline->Illuminate/Pipeline/{closure}(Object(Illuminate/Http/Request))
#59 C:/xampp/htdocs/hp/vendor/laravel/framework/src/Illuminate/Pipeline/Pipeline.php(209): Illuminate/Cookie/Middleware/EncryptCookies->handle(Object(Illuminate/Http/Request), Object(Closure))
#60 C:/xampp/htdocs/hp/vendor/filament/filament/src/Http/Middleware/SetUpPanel.php(19): Illuminate/Pipeline/Pipeline->Illuminate/Pipeline/{closure}(Object(Illuminate/Http/Request))
#61 C:/xampp/htdocs/hp/vendor/laravel/framework/src/Illuminate/Pipeline/Pipeline.php(209): Filament/Http/Middleware/SetUpPanel->handle(Object(Illuminate/Http/Request), Object(Closure), Object(Filament/Panel))
#62 C:/xampp/htdocs/hp/vendor/laravel/framework/src/Illuminate/Pipeline/Pipeline.php(127): Illuminate/Pipeline/Pipeline->Illuminate/Pipeline/{closure}(Object(Illuminate/Http/Request))
#63 C:/xampp/htdocs/hp/vendor/laravel/framework/src/Illuminate/Routing/Router.php(807): Illuminate/Pipeline/Pipeline->then(Object(Closure))
#64 C:/xampp/htdocs/hp/vendor/laravel/framework/src/Illuminate/Routing/Router.php(786): Illuminate/Routing/Router->runRouteWithinStack(Object(Illuminate/Routing/Route), Object(Illuminate/Http/Request))
#65 C:/xampp/htdocs/hp/vendor/laravel/framework/src/Illuminate/Routing/Router.php(750): Illuminate/Routing/Router->runRoute(Object(Illuminate/Http/Request), Object(Illuminate/Routing/Route))
#66 C:/xampp/htdocs/hp/vendor/laravel/framework/src/Illuminate/Routing/Router.php(739): Illuminate/Routing/Router->dispatchToRoute(Object(Illuminate/Http/Request))
#67 C:/xampp/htdocs/hp/vendor/laravel/framework/src/Illuminate/Foundation/Http/Kernel.php(201): Illuminate/Routing/Router->dispatch(Object(Illuminate/Http/Request))
#68 C:/xampp/htdocs/hp/vendor/laravel/framework/src/Illuminate/Pipeline/Pipeline.php(170): Illuminate/Foundation/Http/Kernel->Illuminate/Foundation/Http/{closure}(Object(Illuminate/Http/Request))
#69 C:/xampp/htdocs/hp/vendor/livewire/livewire/src/Features/SupportDisablingBackButtonCache/DisableBackButtonCacheMiddleware.php(19): Illuminate/Pipeline/Pipeline->Illuminate/Pipeline/{closure}(Object(Illuminate/Http/Request))
#70 C:/xampp/htdocs/hp/vendor/laravel/framework/src/Illuminate/Pipeline/Pipeline.php(209): Livewire/Features/SupportDisablingBackButtonCache/DisableBackButtonCacheMiddleware->handle(Object(Illuminate/Http/Request), Object(Closure))
#71 C:/xampp/htdocs/hp/vendor/laravel/framework/src/Illuminate/Foundation/Http/Middleware/TransformsRequest.php(21): Illuminate/Pipeline/Pipeline->Illuminate/Pipeline/{closure}(Object(Illuminate/Http/Request))
#72 C:/xampp/htdocs/hp/vendor/laravel/framework/src/Illuminate/Foundation/Http/Middleware/ConvertEmptyStringsToNull.php(31): Illuminate/Foundation/Http/Middleware/TransformsRequest->handle(Object(Illuminate/Http/Request), Object(Closure))
#73 C:/xampp/htdocs/hp/vendor/laravel/framework/src/Illuminate/Pipeline/Pipeline.php(209): Illuminate/Foundation/Http/Middleware/ConvertEmptyStringsToNull->handle(Object(Illuminate/Http/Request), Object(Closure))
#74 C:/xampp/htdocs/hp/vendor/laravel/framework/src/Illuminate/Foundation/Http/Middleware/TransformsRequest.php(21): Illuminate/Pipeline/Pipeline->Illuminate/Pipeline/{closure}(Object(Illuminate/Http/Request))
#75 C:/xampp/htdocs/hp/vendor/laravel/framework/src/Illuminate/Foundation/Http/Middleware/TrimStrings.php(51): Illuminate/Foundation/Http/Middleware/TransformsRequest->handle(Object(Illuminate/Http/Request), Object(Closure))
#76 C:/xampp/htdocs/hp/vendor/laravel/framework/src/Illuminate/Pipeline/Pipeline.php(209): Illuminate/Foundation/Http/Middleware/TrimStrings->handle(Object(Illuminate/Http/Request), Object(Closure))
#77 C:/xampp/htdocs/hp/vendor/laravel/framework/src/Illuminate/Http/Middleware/ValidatePostSize.php(27): Illuminate/Pipeline/Pipeline->Illuminate/Pipeline/{closure}(Object(Illuminate/Http/Request))
#78 C:/xampp/htdocs/hp/vendor/laravel/framework/src/Illuminate/Pipeline/Pipeline.php(209): Illuminate/Http/Middleware/ValidatePostSize->handle(Object(Illuminate/Http/Request), Object(Closure))
#79 C:/xampp/htdocs/hp/vendor/laravel/framework/src/Illuminate/Foundation/Http/Middleware/PreventRequestsDuringMaintenance.php(110): Illuminate/Pipeline/Pipeline->Illuminate/Pipeline/{closure}(Object(Illuminate/Http/Request))
#80 C:/xampp/htdocs/hp/vendor/laravel/framework/src/Illuminate/Pipeline/Pipeline.php(209): Illuminate/Foundation/Http/Middleware/PreventRequestsDuringMaintenance->handle(Object(Illuminate/Http/Request), Object(Closure))
#81 C:/xampp/htdocs/hp/vendor/laravel/framework/src/Illuminate/Http/Middleware/HandleCors.php(49): Illuminate/Pipeline/Pipeline->Illuminate/Pipeline/{closure}(Object(Illuminate/Http/Request))
#82 C:/xampp/htdocs/hp/vendor/laravel/framework/src/Illuminate/Pipeline/Pipeline.php(209): Illuminate/Http/Middleware/HandleCors->handle(Object(Illuminate/Http/Request), Object(Closure))
#83 C:/xampp/htdocs/hp/vendor/laravel/framework/src/Illuminate/Http/Middleware/TrustProxies.php(58): Illuminate/Pipeline/Pipeline->Illuminate/Pipeline/{closure}(Object(Illuminate/Http/Request))
#84 C:/xampp/htdocs/hp/vendor/laravel/framework/src/Illuminate/Pipeline/Pipeline.php(209): Illuminate/Http/Middleware/TrustProxies->handle(Object(Illuminate/Http/Request), Object(Closure))
#85 C:/xampp/htdocs/hp/vendor/laravel/framework/src/Illuminate/Foundation/Http/Middleware/InvokeDeferredCallbacks.php(22): Illuminate/Pipeline/Pipeline->Illuminate/Pipeline/{closure}(Object(Illuminate/Http/Request))
#86 C:/xampp/htdocs/hp/vendor/laravel/framework/src/Illuminate/Pipeline/Pipeline.php(209): Illuminate/Foundation/Http/Middleware/InvokeDeferredCallbacks->handle(Object(Illuminate/Http/Request), Object(Closure))
#87 C:/xampp/htdocs/hp/vendor/laravel/framework/src/Illuminate/Pipeline/Pipeline.php(127): Illuminate/Pipeline/Pipeline->Illuminate/Pipeline/{closure}(Object(Illuminate/Http/Request))
#88 C:/xampp/htdocs/hp/vendor/laravel/framework/src/Illuminate/Foundation/Http/Kernel.php(176): Illuminate/Pipeline/Pipeline->then(Object(Closure))
#89 C:/xampp/htdocs/hp/vendor/laravel/framework/src/Illuminate/Foundation/Http/Kernel.php(145): Illuminate/Foundation/Http/Kernel->sendRequestThroughRouter(Object(Illuminate/Http/Request))
#90 C:/xampp/htdocs/hp/vendor/laravel/framework/src/Illuminate/Foundation/Application.php(1220): Illuminate/Foundation/Http/Kernel->handle(Object(Illuminate/Http/Request))
#91 C:/xampp/htdocs/hp/public/index.php(17): Illuminate/Foundation/Application->handleRequest(Object(Illuminate/Http/Request))
#92 C:/xampp/htdocs/hp/vendor/laravel/framework/src/Illuminate/Foundation/resources/server.php(23): require_once('C://xampp//htdocs...')
#93 {main}

[previous exception] [object] (RuntimeException(code: 0): The \"intl\" PHP extension is required to use the [format] method. at C:/xampp/htdocs/hp/vendor/laravel/framework/src/Illuminate/Support/Number.php:385)
[stacktrace]
#0 C:/xampp/htdocs/hp/vendor/laravel/framework/src/Illuminate/Support/Number.php(38): Illuminate/Support/Number::ensureIntlExtensionIsInstalled()
#1 C:/xampp/htdocs/hp/storage/framework/views/dc96bd85b482a801c44f1fda8976f247.php(98): Illuminate/Support/Number::format(1)
#2 C:/xampp/htdocs/hp/vendor/livewire/livewire/src/Mechanisms/ExtendBlade/ExtendedCompilerEngine.php(37): include('C://xampp//htdocs...')
#3 C:/xampp/htdocs/hp/vendor/livewire/livewire/src/Mechanisms/ExtendBlade/ExtendedCompilerEngine.php(38): App/Filament/Resources/ServiceResource/Pages/ListServices->Livewire/Mechanisms/ExtendBlade/{closure}()
#4 C:/xampp/htdocs/hp/vendor/laravel/framework/src/Illuminate/View/Engines/CompilerEngine.php(75): Livewire/Mechanisms/ExtendBlade/ExtendedCompilerEngine->evaluatePath('C://xampp//htdocs...', Array)
#5 C:/xampp/htdocs/hp/vendor/livewire/livewire/src/Mechanisms/ExtendBlade/ExtendedCompilerEngine.php(16): Illuminate/View/Engines/CompilerEngine->get('C://xampp//htdocs...', Array)
#6 C:/xampp/htdocs/hp/vendor/laravel/framework/src/Illuminate/View/View.php(209): Livewire/Mechanisms/ExtendBlade/ExtendedCompilerEngine->get('C://xampp//htdocs...', Array)
#7 C:/xampp/htdocs/hp/vendor/laravel/framework/src/Illuminate/View/View.php(192): Illuminate/View/View->getContents()
#8 C:/xampp/htdocs/hp/vendor/laravel/framework/src/Illuminate/View/View.php(161): Illuminate/View/View->renderContents()
#9 C:/xampp/htdocs/hp/vendor/laravel/framework/src/Illuminate/View/Concerns/ManagesComponents.php(103): Illuminate/View/View->render()
#10 C:/xampp/htdocs/hp/storage/framework/views/6477c3f58b3f6bca4ff1555fac23c21c.php(2458): Illuminate/View/Factory->renderComponent()
#11 C:/xampp/htdocs/hp/vendor/livewire/livewire/src/Mechanisms/ExtendBlade/ExtendedCompilerEngine.php(37): include('C://xampp//htdocs...')
#12 C:/xampp/htdocs/hp/vendor/livewire/livewire/src/Mechanisms/ExtendBlade/ExtendedCompilerEngine.php(38): App/Filament/Resources/ServiceResource/Pages/ListServices->Livewire/Mechanisms/ExtendBlade/{closure}()
#13 C:/xampp/htdocs/hp/vendor/laravel/framework/src/Illuminate/View/Engines/CompilerEngine.php(75): Livewire/Mechanisms/ExtendBlade/ExtendedCompilerEngine->evaluatePath('C://xampp//htdocs...', Array)
#14 C:/xampp/htdocs/hp/vendor/livewire/livewire/src/Mechanisms/ExtendBlade/ExtendedCompilerEngine.php(16): Illuminate/View/Engines/CompilerEngine->get('C://xampp//htdocs...', Array)
#15 C:/xampp/htdocs/hp/vendor/laravel/framework/src/Illuminate/View/View.php(209): Livewire/Mechanisms/ExtendBlade/ExtendedCompilerEngine->get('C://xampp//htdocs...', Array)
#16 C:/xampp/htdocs/hp/vendor/laravel/framework/src/Illuminate/View/View.php(192): Illuminate/View/View->getContents()
#17 C:/xampp/htdocs/hp/vendor/laravel/framework/src/Illuminate/View/View.php(161): Illuminate/View/View->renderContents()
#18 C:/xampp/htdocs/hp/vendor/filament/support/src/Components/ViewComponent.php(115): Illuminate/View/View->render()
#19 C:/xampp/htdocs/hp/vendor/laravel/framework/src/Illuminate/Support/helpers.php(134): Filament/Support/Components/ViewComponent->toHtml()
#20 C:/xampp/htdocs/hp/storage/framework/views/853058402355b8ac6aa7297050bc2a12.php(42): e(Object(Filament/Tables/Table))
#21 C:/xampp/htdocs/hp/vendor/livewire/livewire/src/Mechanisms/ExtendBlade/ExtendedCompilerEngine.php(37): include('C://xampp//htdocs...')
#22 C:/xampp/htdocs/hp/vendor/livewire/livewire/src/Mechanisms/ExtendBlade/ExtendedCompilerEngine.php(38): App/Filament/Resources/ServiceResource/Pages/ListServices->Livewire/Mechanisms/ExtendBlade/{closure}()
#23 C:/xampp/htdocs/hp/vendor/laravel/framework/src/Illuminate/View/Engines/CompilerEngine.php(75): Livewire/Mechanisms/ExtendBlade/ExtendedCompilerEngine->evaluatePath('C://xampp//htdocs...', Array)
#24 C:/xampp/htdocs/hp/vendor/livewire/livewire/src/Mechanisms/ExtendBlade/ExtendedCompilerEngine.php(16): Illuminate/View/Engines/CompilerEngine->get('C://xampp//htdocs...', Array)
#25 C:/xampp/htdocs/hp/vendor/laravel/framework/src/Illuminate/View/View.php(209): Livewire/Mechanisms/ExtendBlade/ExtendedCompilerEngine->get('C://xampp//htdocs...', Array)
#26 C:/xampp/htdocs/hp/vendor/laravel/framework/src/Illuminate/View/View.php(192): Illuminate/View/View->getContents()
#27 C:/xampp/htdocs/hp/vendor/laravel/framework/src/Illuminate/View/View.php(161): Illuminate/View/View->renderContents()
#28 C:/xampp/htdocs/hp/vendor/livewire/livewire/src/Mechanisms/HandleComponents/HandleComponents.php(288): Illuminate/View/View->render(Object(Closure))
#29 C:/xampp/htdocs/hp/vendor/livewire/livewire/src/Mechanisms/HandleComponents/HandleComponents.php(332): Livewire/Mechanisms/HandleComponents/HandleComponents->Livewire/Mechanisms/HandleComponents/{closure}()
#30 C:/xampp/htdocs/hp/vendor/livewire/livewire/src/Mechanisms/HandleComponents/HandleComponents.php(280): Livewire/Mechanisms/HandleComponents/HandleComponents->trackInRenderStack(Object(App/Filament/Resources/ServiceResource/Pages/ListServices), Object(Closure))
#31 C:/xampp/htdocs/hp/vendor/livewire/livewire/src/Mechanisms/HandleComponents/HandleComponents.php(54): Livewire/Mechanisms/HandleComponents/HandleComponents->render(Object(App/Filament/Resources/ServiceResource/Pages/ListServices), '<div></div>')
#32 C:/xampp/htdocs/hp/vendor/livewire/livewire/src/LivewireManager.php(73): Livewire/Mechanisms/HandleComponents/HandleComponents->mount('App//Filament//Re...', Array, NULL)
#33 C:/xampp/htdocs/hp/vendor/livewire/livewire/src/Features/SupportPageComponents/HandlesPageComponents.php(17): Livewire/LivewireManager->mount('App//Filament//Re...', Array)
#34 C:/xampp/htdocs/hp/vendor/livewire/livewire/src/Features/SupportPageComponents/SupportPageComponents.php(117): Livewire/Component->Livewire/Features/SupportPageComponents/{closure}()
#35 C:/xampp/htdocs/hp/vendor/livewire/livewire/src/Features/SupportPageComponents/HandlesPageComponents.php(14): Livewire/Features/SupportPageComponents/SupportPageComponents::interceptTheRenderOfTheComponentAndRetreiveTheLayoutConfiguration(Object(Closure))
#36 C:/xampp/htdocs/hp/vendor/laravel/framework/src/Illuminate/Routing/ControllerDispatcher.php(47): Livewire/Component->__invoke()
#37 C:/xampp/htdocs/hp/vendor/laravel/framework/src/Illuminate/Routing/Route.php(266): Illuminate/Routing/ControllerDispatcher->dispatch(Object(Illuminate/Routing/Route), Object(App/Filament/Resources/ServiceResource/Pages/ListServices), '__invoke')
#38 C:/xampp/htdocs/hp/vendor/laravel/framework/src/Illuminate/Routing/Route.php(212): Illuminate/Routing/Route->runController()
#39 C:/xampp/htdocs/hp/vendor/laravel/framework/src/Illuminate/Routing/Router.php(808): Illuminate/Routing/Route->run()
#40 C:/xampp/htdocs/hp/vendor/laravel/framework/src/Illuminate/Pipeline/Pipeline.php(170): Illuminate/Routing/Router->Illuminate/Routing/{closure}(Object(Illuminate/Http/Request))
#41 C:/xampp/htdocs/hp/vendor/filament/filament/src/Http/Middleware/DispatchServingFilamentEvent.php(15): Illuminate/Pipeline/Pipeline->Illuminate/Pipeline/{closure}(Object(Illuminate/Http/Request))
#42 C:/xampp/htdocs/hp/vendor/laravel/framework/src/Illuminate/Pipeline/Pipeline.php(209): Filament/Http/Middleware/DispatchServingFilamentEvent->handle(Object(Illuminate/Http/Request), Object(Closure))
#43 C:/xampp/htdocs/hp/vendor/filament/filament/src/Http/Middleware/DisableBladeIconComponents.php(14): Illuminate/Pipeline/Pipeline->Illuminate/Pipeline/{closure}(Object(Illuminate/Http/Request))
#44 C:/xampp/htdocs/hp/vendor/laravel/framework/src/Illuminate/Pipeline/Pipeline.php(209): Filament/Http/Middleware/DisableBladeIconComponents->handle(Object(Illuminate/Http/Request), Object(Closure))
#45 C:/xampp/htdocs/hp/vendor/laravel/framework/src/Illuminate/Routing/Middleware/SubstituteBindings.php(51): Illuminate/Pipeline/Pipeline->Illuminate/Pipeline/{closure}(Object(Illuminate/Http/Request))
#46 C:/xampp/htdocs/hp/vendor/laravel/framework/src/Illuminate/Pipeline/Pipeline.php(209): Illuminate/Routing/Middleware/SubstituteBindings->handle(Object(Illuminate/Http/Request), Object(Closure))
#47 C:/xampp/htdocs/hp/vendor/laravel/framework/src/Illuminate/Foundation/Http/Middleware/VerifyCsrfToken.php(88): Illuminate/Pipeline/Pipeline->Illuminate/Pipeline/{closure}(Object(Illuminate/Http/Request))
#48 C:/xampp/htdocs/hp/vendor/laravel/framework/src/Illuminate/Pipeline/Pipeline.php(209): Illuminate/Foundation/Http/Middleware/VerifyCsrfToken->handle(Object(Illuminate/Http/Request), Object(Closure))
#49 C:/xampp/htdocs/hp/vendor/laravel/framework/src/Illuminate/Session/Middleware/AuthenticateSession.php(67): Illuminate/Pipeline/Pipeline->Illuminate/Pipeline/{closure}(Object(Illuminate/Http/Request))
#50 C:/xampp/htdocs/hp/vendor/laravel/framework/src/Illuminate/Pipeline/Pipeline.php(209): Illuminate/Session/Middleware/AuthenticateSession->handle(Object(Illuminate/Http/Request), Object(Closure))
#51 C:/xampp/htdocs/hp/vendor/laravel/framework/src/Illuminate/Auth/Middleware/Authenticate.php(64): Illuminate/Pipeline/Pipeline->Illuminate/Pipeline/{closure}(Object(Illuminate/Http/Request))
#52 C:/xampp/htdocs/hp/vendor/laravel/framework/src/Illuminate/Pipeline/Pipeline.php(209): Illuminate/Auth/Middleware/Authenticate->handle(Object(Illuminate/Http/Request), Object(Closure))
#53 C:/xampp/htdocs/hp/vendor/laravel/framework/src/Illuminate/View/Middleware/ShareErrorsFromSession.php(49): Illuminate/Pipeline/Pipeline->Illuminate/Pipeline/{closure}(Object(Illuminate/Http/Request))
#54 C:/xampp/htdocs/hp/vendor/laravel/framework/src/Illuminate/Pipeline/Pipeline.php(209): Illuminate/View/Middleware/ShareErrorsFromSession->handle(Object(Illuminate/Http/Request), Object(Closure))
#55 C:/xampp/htdocs/hp/vendor/laravel/framework/src/Illuminate/Session/Middleware/StartSession.php(121): Illuminate/Pipeline/Pipeline->Illuminate/Pipeline/{closure}(Object(Illuminate/Http/Request))
#56 C:/xampp/htdocs/hp/vendor/laravel/framework/src/Illuminate/Session/Middleware/StartSession.php(64): Illuminate/Session/Middleware/StartSession->handleStatefulRequest(Object(Illuminate/Http/Request), Object(Illuminate/Session/Store), Object(Closure))
#57 C:/xampp/htdocs/hp/vendor/laravel/framework/src/Illuminate/Pipeline/Pipeline.php(209): Illuminate/Session/Middleware/StartSession->handle(Object(Illuminate/Http/Request), Object(Closure))
#58 C:/xampp/htdocs/hp/vendor/laravel/framework/src/Illuminate/Cookie/Middleware/AddQueuedCookiesToResponse.php(37): Illuminate/Pipeline/Pipeline->Illuminate/Pipeline/{closure}(Object(Illuminate/Http/Request))
#59 C:/xampp/htdocs/hp/vendor/laravel/framework/src/Illuminate/Pipeline/Pipeline.php(209): Illuminate/Cookie/Middleware/AddQueuedCookiesToResponse->handle(Object(Illuminate/Http/Request), Object(Closure))
#60 C:/xampp/htdocs/hp/vendor/laravel/framework/src/Illuminate/Cookie/Middleware/EncryptCookies.php(75): Illuminate/Pipeline/Pipeline->Illuminate/Pipeline/{closure}(Object(Illuminate/Http/Request))
#61 C:/xampp/htdocs/hp/vendor/laravel/framework/src/Illuminate/Pipeline/Pipeline.php(209): Illuminate/Cookie/Middleware/EncryptCookies->handle(Object(Illuminate/Http/Request), Object(Closure))
#62 C:/xampp/htdocs/hp/vendor/filament/filament/src/Http/Middleware/SetUpPanel.php(19): Illuminate/Pipeline/Pipeline->Illuminate/Pipeline/{closure}(Object(Illuminate/Http/Request))
#63 C:/xampp/htdocs/hp/vendor/laravel/framework/src/Illuminate/Pipeline/Pipeline.php(209): Filament/Http/Middleware/SetUpPanel->handle(Object(Illuminate/Http/Request), Object(Closure), Object(Filament/Panel))
#64 C:/xampp/htdocs/hp/vendor/laravel/framework/src/Illuminate/Pipeline/Pipeline.php(127): Illuminate/Pipeline/Pipeline->Illuminate/Pipeline/{closure}(Object(Illuminate/Http/Request))
#65 C:/xampp/htdocs/hp/vendor/laravel/framework/src/Illuminate/Routing/Router.php(807): Illuminate/Pipeline/Pipeline->then(Object(Closure))
#66 C:/xampp/htdocs/hp/vendor/laravel/framework/src/Illuminate/Routing/Router.php(786): Illuminate/Routing/Router->runRouteWithinStack(Object(Illuminate/Routing/Route), Object(Illuminate/Http/Request))
#67 C:/xampp/htdocs/hp/vendor/laravel/framework/src/Illuminate/Routing/Router.php(750): Illuminate/Routing/Router->runRoute(Object(Illuminate/Http/Request), Object(Illuminate/Routing/Route))
#68 C:/xampp/htdocs/hp/vendor/laravel/framework/src/Illuminate/Routing/Router.php(739): Illuminate/Routing/Router->dispatchToRoute(Object(Illuminate/Http/Request))
#69 C:/xampp/htdocs/hp/vendor/laravel/framework/src/Illuminate/Foundation/Http/Kernel.php(201): Illuminate/Routing/Router->dispatch(Object(Illuminate/Http/Request))
#70 C:/xampp/htdocs/hp/vendor/laravel/framework/src/Illuminate/Pipeline/Pipeline.php(170): Illuminate/Foundation/Http/Kernel->Illuminate/Foundation/Http/{closure}(Object(Illuminate/Http/Request))
#71 C:/xampp/htdocs/hp/vendor/livewire/livewire/src/Features/SupportDisablingBackButtonCache/DisableBackButtonCacheMiddleware.php(19): Illuminate/Pipeline/Pipeline->Illuminate/Pipeline/{closure}(Object(Illuminate/Http/Request))
#72 C:/xampp/htdocs/hp/vendor/laravel/framework/src/Illuminate/Pipeline/Pipeline.php(209): Livewire/Features/SupportDisablingBackButtonCache/DisableBackButtonCacheMiddleware->handle(Object(Illuminate/Http/Request), Object(Closure))
#73 C:/xampp/htdocs/hp/vendor/laravel/framework/src/Illuminate/Foundation/Http/Middleware/TransformsRequest.php(21): Illuminate/Pipeline/Pipeline->Illuminate/Pipeline/{closure}(Object(Illuminate/Http/Request))
#74 C:/xampp/htdocs/hp/vendor/laravel/framework/src/Illuminate/Foundation/Http/Middleware/ConvertEmptyStringsToNull.php(31): Illuminate/Foundation/Http/Middleware/TransformsRequest->handle(Object(Illuminate/Http/Request), Object(Closure))
#75 C:/xampp/htdocs/hp/vendor/laravel/framework/src/Illuminate/Pipeline/Pipeline.php(209): Illuminate/Foundation/Http/Middleware/ConvertEmptyStringsToNull->handle(Object(Illuminate/Http/Request), Object(Closure))
#76 C:/xampp/htdocs/hp/vendor/laravel/framework/src/Illuminate/Foundation/Http/Middleware/TransformsRequest.php(21): Illuminate/Pipeline/Pipeline->Illuminate/Pipeline/{closure}(Object(Illuminate/Http/Request))
#77 C:/xampp/htdocs/hp/vendor/laravel/framework/src/Illuminate/Foundation/Http/Middleware/TrimStrings.php(51): Illuminate/Foundation/Http/Middleware/TransformsRequest->handle(Object(Illuminate/Http/Request), Object(Closure))
#78 C:/xampp/htdocs/hp/vendor/laravel/framework/src/Illuminate/Pipeline/Pipeline.php(209): Illuminate/Foundation/Http/Middleware/TrimStrings->handle(Object(Illuminate/Http/Request), Object(Closure))
#79 C:/xampp/htdocs/hp/vendor/laravel/framework/src/Illuminate/Http/Middleware/ValidatePostSize.php(27): Illuminate/Pipeline/Pipeline->Illuminate/Pipeline/{closure}(Object(Illuminate/Http/Request))
#80 C:/xampp/htdocs/hp/vendor/laravel/framework/src/Illuminate/Pipeline/Pipeline.php(209): Illuminate/Http/Middleware/ValidatePostSize->handle(Object(Illuminate/Http/Request), Object(Closure))
#81 C:/xampp/htdocs/hp/vendor/laravel/framework/src/Illuminate/Foundation/Http/Middleware/PreventRequestsDuringMaintenance.php(110): Illuminate/Pipeline/Pipeline->Illuminate/Pipeline/{closure}(Object(Illuminate/Http/Request))
#82 C:/xampp/htdocs/hp/vendor/laravel/framework/src/Illuminate/Pipeline/Pipeline.php(209): Illuminate/Foundation/Http/Middleware/PreventRequestsDuringMaintenance->handle(Object(Illuminate/Http/Request), Object(Closure))
#83 C:/xampp/htdocs/hp/vendor/laravel/framework/src/Illuminate/Http/Middleware/HandleCors.php(49): Illuminate/Pipeline/Pipeline->Illuminate/Pipeline/{closure}(Object(Illuminate/Http/Request))
#84 C:/xampp/htdocs/hp/vendor/laravel/framework/src/Illuminate/Pipeline/Pipeline.php(209): Illuminate/Http/Middleware/HandleCors->handle(Object(Illuminate/Http/Request), Object(Closure))
#85 C:/xampp/htdocs/hp/vendor/laravel/framework/src/Illuminate/Http/Middleware/TrustProxies.php(58): Illuminate/Pipeline/Pipeline->Illuminate/Pipeline/{closure}(Object(Illuminate/Http/Request))
#86 C:/xampp/htdocs/hp/vendor/laravel/framework/src/Illuminate/Pipeline/Pipeline.php(209): Illuminate/Http/Middleware/TrustProxies->handle(Object(Illuminate/Http/Request), Object(Closure))
#87 C:/xampp/htdocs/hp/vendor/laravel/framework/src/Illuminate/Foundation/Http/Middleware/InvokeDeferredCallbacks.php(22): Illuminate/Pipeline/Pipeline->Illuminate/Pipeline/{closure}(Object(Illuminate/Http/Request))
#88 C:/xampp/htdocs/hp/vendor/laravel/framework/src/Illuminate/Pipeline/Pipeline.php(209): Illuminate/Foundation/Http/Middleware/InvokeDeferredCallbacks->handle(Object(Illuminate/Http/Request), Object(Closure))
#89 C:/xampp/htdocs/hp/vendor/laravel/framework/src/Illuminate/Pipeline/Pipeline.php(127): Illuminate/Pipeline/Pipeline->Illuminate/Pipeline/{closure}(Object(Illuminate/Http/Request))
#90 C:/xampp/htdocs/hp/vendor/laravel/framework/src/Illuminate/Foundation/Http/Kernel.php(176): Illuminate/Pipeline/Pipeline->then(Object(Closure))
#91 C:/xampp/htdocs/hp/vendor/laravel/framework/src/Illuminate/Foundation/Http/Kernel.php(145): Illuminate/Foundation/Http/Kernel->sendRequestThroughRouter(Object(Illuminate/Http/Request))
#92 C:/xampp/htdocs/hp/vendor/laravel/framework/src/Illuminate/Foundation/Application.php(1220): Illuminate/Foundation/Http/Kernel->handle(Object(Illuminate/Http/Request))
#93 C:/xampp/htdocs/hp/public/index.php(17): Illuminate/Foundation/Application->handleRequest(Object(Illuminate/Http/Request))
#94 C:/xampp/htdocs/hp/vendor/laravel/framework/src/Illuminate/Foundation/resources/server.php(23): require_once('C://xampp//htdocs...')
#95 {main}
"} 
[2026-09-30 12:01:15] local.ERROR: The "intl" PHP extension is required to use the [format] method. (View: C:\xampp\htdocs\hp\vendor\filament\support\resources\views\components\pagination\index.blade.php) (View: C:\xampp\htdocs\hp\vendor\filament\support\resources\views\components\pagination\index.blade.php) (View: C:\xampp\htdocs\hp\vendor\filament\support\resources\views\components\pagination\index.blade.php) {"userId":1,"exception":"[object] (Illuminate\\View\\ViewException(code: 0): The \"intl\" PHP extension is required to use the [format] method. (View: C:\\xampp\\htdocs\\hp\\vendor\\filament\\support\\resources\\views\\components\\pagination\\index.blade.php) (View: C:\\xampp\\htdocs\\hp\\vendor\\filament\\support\\resources\\views\\components\\pagination\\index.blade.php) (View: C:\\xampp\\htdocs\\hp\\vendor\\filament\\support\\resources\\views\\components\\pagination\\index.blade.php) at C:/xampp/htdocs/hp/vendor/laravel/framework/src/Illuminate/Support/Number.php:385)
[stacktrace]
#0 C:/xampp/htdocs/hp/vendor/livewire/livewire/src/Mechanisms/ExtendBlade/ExtendedCompilerEngine.php(58): Illuminate/View/Engines/CompilerEngine->handleViewException(Object(Illuminate/View/ViewException), 1)
#1 C:/xampp/htdocs/hp/vendor/livewire/livewire/src/Mechanisms/ExtendBlade/ExtendedCompilerEngine.php(40): Livewire/Mechanisms/ExtendBlade/ExtendedCompilerEngine->handleViewException(Object(Illuminate/View/ViewException), 1)
#2 C:/xampp/htdocs/hp/vendor/laravel/framework/src/Illuminate/View/Engines/CompilerEngine.php(75): Livewire/Mechanisms/ExtendBlade/ExtendedCompilerEngine->evaluatePath('C://xampp//htdocs...', Array)
#3 C:/xampp/htdocs/hp/vendor/livewire/livewire/src/Mechanisms/ExtendBlade/ExtendedCompilerEngine.php(16): Illuminate/View/Engines/CompilerEngine->get('C://xampp//htdocs...', Array)
#4 C:/xampp/htdocs/hp/vendor/laravel/framework/src/Illuminate/View/View.php(209): Livewire/Mechanisms/ExtendBlade/ExtendedCompilerEngine->get('C://xampp//htdocs...', Array)
#5 C:/xampp/htdocs/hp/vendor/laravel/framework/src/Illuminate/View/View.php(192): Illuminate/View/View->getContents()
#6 C:/xampp/htdocs/hp/vendor/laravel/framework/src/Illuminate/View/View.php(161): Illuminate/View/View->renderContents()
#7 C:/xampp/htdocs/hp/vendor/livewire/livewire/src/Mechanisms/HandleComponents/HandleComponents.php(288): Illuminate/View/View->render(Object(Closure))
#8 C:/xampp/htdocs/hp/vendor/livewire/livewire/src/Mechanisms/HandleComponents/HandleComponents.php(332): Livewire/Mechanisms/HandleComponents/HandleComponents->Livewire/Mechanisms/HandleComponents/{closure}()
#9 C:/xampp/htdocs/hp/vendor/livewire/livewire/src/Mechanisms/HandleComponents/HandleComponents.php(280): Livewire/Mechanisms/HandleComponents/HandleComponents->trackInRenderStack(Object(App/Filament/Resources/HospitalResource/Pages/ListHospitals), Object(Closure))
#10 C:/xampp/htdocs/hp/vendor/livewire/livewire/src/Mechanisms/HandleComponents/HandleComponents.php(54): Livewire/Mechanisms/HandleComponents/HandleComponents->render(Object(App/Filament/Resources/HospitalResource/Pages/ListHospitals), '<div></div>')
#11 C:/xampp/htdocs/hp/vendor/livewire/livewire/src/LivewireManager.php(73): Livewire/Mechanisms/HandleComponents/HandleComponents->mount('App//Filament//Re...', Array, NULL)
#12 C:/xampp/htdocs/hp/vendor/livewire/livewire/src/Features/SupportPageComponents/HandlesPageComponents.php(17): Livewire/LivewireManager->mount('App//Filament//Re...', Array)
#13 C:/xampp/htdocs/hp/vendor/livewire/livewire/src/Features/SupportPageComponents/SupportPageComponents.php(117): Livewire/Component->Livewire/Features/SupportPageComponents/{closure}()
#14 C:/xampp/htdocs/hp/vendor/livewire/livewire/src/Features/SupportPageComponents/HandlesPageComponents.php(14): Livewire/Features/SupportPageComponents/SupportPageComponents::interceptTheRenderOfTheComponentAndRetreiveTheLayoutConfiguration(Object(Closure))
#15 C:/xampp/htdocs/hp/vendor/laravel/framework/src/Illuminate/Routing/ControllerDispatcher.php(47): Livewire/Component->__invoke()
#16 C:/xampp/htdocs/hp/vendor/laravel/framework/src/Illuminate/Routing/Route.php(266): Illuminate/Routing/ControllerDispatcher->dispatch(Object(Illuminate/Routing/Route), Object(App/Filament/Resources/HospitalResource/Pages/ListHospitals), '__invoke')
#17 C:/xampp/htdocs/hp/vendor/laravel/framework/src/Illuminate/Routing/Route.php(212): Illuminate/Routing/Route->runController()
#18 C:/xampp/htdocs/hp/vendor/laravel/framework/src/Illuminate/Routing/Router.php(808): Illuminate/Routing/Route->run()
#19 C:/xampp/htdocs/hp/vendor/laravel/framework/src/Illuminate/Pipeline/Pipeline.php(170): Illuminate/Routing/Router->Illuminate/Routing/{closure}(Object(Illuminate/Http/Request))
#20 C:/xampp/htdocs/hp/vendor/filament/filament/src/Http/Middleware/DispatchServingFilamentEvent.php(15): Illuminate/Pipeline/Pipeline->Illuminate/Pipeline/{closure}(Object(Illuminate/Http/Request))
#21 C:/xampp/htdocs/hp/vendor/laravel/framework/src/Illuminate/Pipeline/Pipeline.php(209): Filament/Http/Middleware/DispatchServingFilamentEvent->handle(Object(Illuminate/Http/Request), Object(Closure))
#22 C:/xampp/htdocs/hp/vendor/filament/filament/src/Http/Middleware/DisableBladeIconComponents.php(14): Illuminate/Pipeline/Pipeline->Illuminate/Pipeline/{closure}(Object(Illuminate/Http/Request))
#23 C:/xampp/htdocs/hp/vendor/laravel/framework/src/Illuminate/Pipeline/Pipeline.php(209): Filament/Http/Middleware/DisableBladeIconComponents->handle(Object(Illuminate/Http/Request), Object(Closure))
#24 C:/xampp/htdocs/hp/vendor/laravel/framework/src/Illuminate/Routing/Middleware/SubstituteBindings.php(51): Illuminate/Pipeline/Pipeline->Illuminate/Pipeline/{closure}(Object(Illuminate/Http/Request))
#25 C:/xampp/htdocs/hp/vendor/laravel/framework/src/Illuminate/Pipeline/Pipeline.php(209): Illuminate/Routing/Middleware/SubstituteBindings->handle(Object(Illuminate/Http/Request), Object(Closure))
#26 C:/xampp/htdocs/hp/vendor/laravel/framework/src/Illuminate/Foundation/Http/Middleware/VerifyCsrfToken.php(88): Illuminate/Pipeline/Pipeline->Illuminate/Pipeline/{closure}(Object(Illuminate/Http/Request))
#27 C:/xampp/htdocs/hp/vendor/laravel/framework/src/Illuminate/Pipeline/Pipeline.php(209): Illuminate/Foundation/Http/Middleware/VerifyCsrfToken->handle(Object(Illuminate/Http/Request), Object(Closure))
#28 C:/xampp/htdocs/hp/vendor/laravel/framework/src/Illuminate/Session/Middleware/AuthenticateSession.php(67): Illuminate/Pipeline/Pipeline->Illuminate/Pipeline/{closure}(Object(Illuminate/Http/Request))
#29 C:/xampp/htdocs/hp/vendor/laravel/framework/src/Illuminate/Pipeline/Pipeline.php(209): Illuminate/Session/Middleware/AuthenticateSession->handle(Object(Illuminate/Http/Request), Object(Closure))
#30 C:/xampp/htdocs/hp/vendor/laravel/framework/src/Illuminate/Auth/Middleware/Authenticate.php(64): Illuminate/Pipeline/Pipeline->Illuminate/Pipeline/{closure}(Object(Illuminate/Http/Request))
#31 C:/xampp/htdocs/hp/vendor/laravel/framework/src/Illuminate/Pipeline/Pipeline.php(209): Illuminate/Auth/Middleware/Authenticate->handle(Object(Illuminate/Http/Request), Object(Closure))
#32 C:/xampp/htdocs/hp/vendor/laravel/framework/src/Illuminate/View/Middleware/ShareErrorsFromSession.php(49): Illuminate/Pipeline/Pipeline->Illuminate/Pipeline/{closure}(Object(Illuminate/Http/Request))
#33 C:/xampp/htdocs/hp/vendor/laravel/framework/src/Illuminate/Pipeline/Pipeline.php(209): Illuminate/View/Middleware/ShareErrorsFromSession->handle(Object(Illuminate/Http/Request), Object(Closure))
#34 C:/xampp/htdocs/hp/vendor/laravel/framework/src/Illuminate/Session/Middleware/StartSession.php(121): Illuminate/Pipeline/Pipeline->Illuminate/Pipeline/{closure}(Object(Illuminate/Http/Request))
#35 C:/xampp/htdocs/hp/vendor/laravel/framework/src/Illuminate/Session/Middleware/StartSession.php(64): Illuminate/Session/Middleware/StartSession->handleStatefulRequest(Object(Illuminate/Http/Request), Object(Illuminate/Session/Store), Object(Closure))
#36 C:/xampp/htdocs/hp/vendor/laravel/framework/src/Illuminate/Pipeline/Pipeline.php(209): Illuminate/Session/Middleware/StartSession->handle(Object(Illuminate/Http/Request), Object(Closure))
#37 C:/xampp/htdocs/hp/vendor/laravel/framework/src/Illuminate/Cookie/Middleware/AddQueuedCookiesToResponse.php(37): Illuminate/Pipeline/Pipeline->Illuminate/Pipeline/{closure}(Object(Illuminate/Http/Request))
#38 C:/xampp/htdocs/hp/vendor/laravel/framework/src/Illuminate/Pipeline/Pipeline.php(209): Illuminate/Cookie/Middleware/AddQueuedCookiesToResponse->handle(Object(Illuminate/Http/Request), Object(Closure))
#39 C:/xampp/htdocs/hp/vendor/laravel/framework/src/Illuminate/Cookie/Middleware/EncryptCookies.php(75): Illuminate/Pipeline/Pipeline->Illuminate/Pipeline/{closure}(Object(Illuminate/Http/Request))
#40 C:/xampp/htdocs/hp/vendor/laravel/framework/src/Illuminate/Pipeline/Pipeline.php(209): Illuminate/Cookie/Middleware/EncryptCookies->handle(Object(Illuminate/Http/Request), Object(Closure))
#41 C:/xampp/htdocs/hp/vendor/filament/filament/src/Http/Middleware/SetUpPanel.php(19): Illuminate/Pipeline/Pipeline->Illuminate/Pipeline/{closure}(Object(Illuminate/Http/Request))
#42 C:/xampp/htdocs/hp/vendor/laravel/framework/src/Illuminate/Pipeline/Pipeline.php(209): Filament/Http/Middleware/SetUpPanel->handle(Object(Illuminate/Http/Request), Object(Closure), Object(Filament/Panel))
#43 C:/xampp/htdocs/hp/vendor/laravel/framework/src/Illuminate/Pipeline/Pipeline.php(127): Illuminate/Pipeline/Pipeline->Illuminate/Pipeline/{closure}(Object(Illuminate/Http/Request))
#44 C:/xampp/htdocs/hp/vendor/laravel/framework/src/Illuminate/Routing/Router.php(807): Illuminate/Pipeline/Pipeline->then(Object(Closure))
#45 C:/xampp/htdocs/hp/vendor/laravel/framework/src/Illuminate/Routing/Router.php(786): Illuminate/Routing/Router->runRouteWithinStack(Object(Illuminate/Routing/Route), Object(Illuminate/Http/Request))
#46 C:/xampp/htdocs/hp/vendor/laravel/framework/src/Illuminate/Routing/Router.php(750): Illuminate/Routing/Router->runRoute(Object(Illuminate/Http/Request), Object(Illuminate/Routing/Route))
#47 C:/xampp/htdocs/hp/vendor/laravel/framework/src/Illuminate/Routing/Router.php(739): Illuminate/Routing/Router->dispatchToRoute(Object(Illuminate/Http/Request))
#48 C:/xampp/htdocs/hp/vendor/laravel/framework/src/Illuminate/Foundation/Http/Kernel.php(201): Illuminate/Routing/Router->dispatch(Object(Illuminate/Http/Request))
#49 C:/xampp/htdocs/hp/vendor/laravel/framework/src/Illuminate/Pipeline/Pipeline.php(170): Illuminate/Foundation/Http/Kernel->Illuminate/Foundation/Http/{closure}(Object(Illuminate/Http/Request))
#50 C:/xampp/htdocs/hp/vendor/livewire/livewire/src/Features/SupportDisablingBackButtonCache/DisableBackButtonCacheMiddleware.php(19): Illuminate/Pipeline/Pipeline->Illuminate/Pipeline/{closure}(Object(Illuminate/Http/Request))
#51 C:/xampp/htdocs/hp/vendor/laravel/framework/src/Illuminate/Pipeline/Pipeline.php(209): Livewire/Features/SupportDisablingBackButtonCache/DisableBackButtonCacheMiddleware->handle(Object(Illuminate/Http/Request), Object(Closure))
#52 C:/xampp/htdocs/hp/vendor/laravel/framework/src/Illuminate/Foundation/Http/Middleware/TransformsRequest.php(21): Illuminate/Pipeline/Pipeline->Illuminate/Pipeline/{closure}(Object(Illuminate/Http/Request))
#53 C:/xampp/htdocs/hp/vendor/laravel/framework/src/Illuminate/Foundation/Http/Middleware/ConvertEmptyStringsToNull.php(31): Illuminate/Foundation/Http/Middleware/TransformsRequest->handle(Object(Illuminate/Http/Request), Object(Closure))
#54 C:/xampp/htdocs/hp/vendor/laravel/framework/src/Illuminate/Pipeline/Pipeline.php(209): Illuminate/Foundation/Http/Middleware/ConvertEmptyStringsToNull->handle(Object(Illuminate/Http/Request), Object(Closure))
#55 C:/xampp/htdocs/hp/vendor/laravel/framework/src/Illuminate/Foundation/Http/Middleware/TransformsRequest.php(21): Illuminate/Pipeline/Pipeline->Illuminate/Pipeline/{closure}(Object(Illuminate/Http/Request))
#56 C:/xampp/htdocs/hp/vendor/laravel/framework/src/Illuminate/Foundation/Http/Middleware/TrimStrings.php(51): Illuminate/Foundation/Http/Middleware/TransformsRequest->handle(Object(Illuminate/Http/Request), Object(Closure))
#57 C:/xampp/htdocs/hp/vendor/laravel/framework/src/Illuminate/Pipeline/Pipeline.php(209): Illuminate/Foundation/Http/Middleware/TrimStrings->handle(Object(Illuminate/Http/Request), Object(Closure))
#58 C:/xampp/htdocs/hp/vendor/laravel/framework/src/Illuminate/Http/Middleware/ValidatePostSize.php(27): Illuminate/Pipeline/Pipeline->Illuminate/Pipeline/{closure}(Object(Illuminate/Http/Request))
#59 C:/xampp/htdocs/hp/vendor/laravel/framework/src/Illuminate/Pipeline/Pipeline.php(209): Illuminate/Http/Middleware/ValidatePostSize->handle(Object(Illuminate/Http/Request), Object(Closure))
#60 C:/xampp/htdocs/hp/vendor/laravel/framework/src/Illuminate/Foundation/Http/Middleware/PreventRequestsDuringMaintenance.php(110): Illuminate/Pipeline/Pipeline->Illuminate/Pipeline/{closure}(Object(Illuminate/Http/Request))
#61 C:/xampp/htdocs/hp/vendor/laravel/framework/src/Illuminate/Pipeline/Pipeline.php(209): Illuminate/Foundation/Http/Middleware/PreventRequestsDuringMaintenance->handle(Object(Illuminate/Http/Request), Object(Closure))
#62 C:/xampp/htdocs/hp/vendor/laravel/framework/src/Illuminate/Http/Middleware/HandleCors.php(49): Illuminate/Pipeline/Pipeline->Illuminate/Pipeline/{closure}(Object(Illuminate/Http/Request))
#63 C:/xampp/htdocs/hp/vendor/laravel/framework/src/Illuminate/Pipeline/Pipeline.php(209): Illuminate/Http/Middleware/HandleCors->handle(Object(Illuminate/Http/Request), Object(Closure))
#64 C:/xampp/htdocs/hp/vendor/laravel/framework/src/Illuminate/Http/Middleware/TrustProxies.php(58): Illuminate/Pipeline/Pipeline->Illuminate/Pipeline/{closure}(Object(Illuminate/Http/Request))
#65 C:/xampp/htdocs/hp/vendor/laravel/framework/src/Illuminate/Pipeline/Pipeline.php(209): Illuminate/Http/Middleware/TrustProxies->handle(Object(Illuminate/Http/Request), Object(Closure))
#66 C:/xampp/htdocs/hp/vendor/laravel/framework/src/Illuminate/Foundation/Http/Middleware/InvokeDeferredCallbacks.php(22): Illuminate/Pipeline/Pipeline->Illuminate/Pipeline/{closure}(Object(Illuminate/Http/Request))
#67 C:/xampp/htdocs/hp/vendor/laravel/framework/src/Illuminate/Pipeline/Pipeline.php(209): Illuminate/Foundation/Http/Middleware/InvokeDeferredCallbacks->handle(Object(Illuminate/Http/Request), Object(Closure))
#68 C:/xampp/htdocs/hp/vendor/laravel/framework/src/Illuminate/Pipeline/Pipeline.php(127): Illuminate/Pipeline/Pipeline->Illuminate/Pipeline/{closure}(Object(Illuminate/Http/Request))
#69 C:/xampp/htdocs/hp/vendor/laravel/framework/src/Illuminate/Foundation/Http/Kernel.php(176): Illuminate/Pipeline/Pipeline->then(Object(Closure))
#70 C:/xampp/htdocs/hp/vendor/laravel/framework/src/Illuminate/Foundation/Http/Kernel.php(145): Illuminate/Foundation/Http/Kernel->sendRequestThroughRouter(Object(Illuminate/Http/Request))
#71 C:/xampp/htdocs/hp/vendor/laravel/framework/src/Illuminate/Foundation/Application.php(1220): Illuminate/Foundation/Http/Kernel->handle(Object(Illuminate/Http/Request))
#72 C:/xampp/htdocs/hp/public/index.php(17): Illuminate/Foundation/Application->handleRequest(Object(Illuminate/Http/Request))
#73 C:/xampp/htdocs/hp/vendor/laravel/framework/src/Illuminate/Foundation/resources/server.php(23): require_once('C://xampp//htdocs...')
#74 {main}

[previous exception] [object] (Illuminate\\View\\ViewException(code: 0): The \"intl\" PHP extension is required to use the [format] method. (View: C:\\xampp\\htdocs\\hp\\vendor\\filament\\support\\resources\\views\\components\\pagination\\index.blade.php) (View: C:\\xampp\\htdocs\\hp\\vendor\\filament\\support\\resources\\views\\components\\pagination\\index.blade.php) at C:/xampp/htdocs/hp/vendor/laravel/framework/src/Illuminate/Support/Number.php:385)
[stacktrace]
#0 C:/xampp/htdocs/hp/vendor/livewire/livewire/src/Mechanisms/ExtendBlade/ExtendedCompilerEngine.php(58): Illuminate/View/Engines/CompilerEngine->handleViewException(Object(Illuminate/View/ViewException), 3)
#1 C:/xampp/htdocs/hp/vendor/livewire/livewire/src/Mechanisms/ExtendBlade/ExtendedCompilerEngine.php(40): Livewire/Mechanisms/ExtendBlade/ExtendedCompilerEngine->handleViewException(Object(Illuminate/View/ViewException), 3)
#2 C:/xampp/htdocs/hp/vendor/laravel/framework/src/Illuminate/View/Engines/CompilerEngine.php(75): Livewire/Mechanisms/ExtendBlade/ExtendedCompilerEngine->evaluatePath('C://xampp//htdocs...', Array)
#3 C:/xampp/htdocs/hp/vendor/livewire/livewire/src/Mechanisms/ExtendBlade/ExtendedCompilerEngine.php(16): Illuminate/View/Engines/CompilerEngine->get('C://xampp//htdocs...', Array)
#4 C:/xampp/htdocs/hp/vendor/laravel/framework/src/Illuminate/View/View.php(209): Livewire/Mechanisms/ExtendBlade/ExtendedCompilerEngine->get('C://xampp//htdocs...', Array)
#5 C:/xampp/htdocs/hp/vendor/laravel/framework/src/Illuminate/View/View.php(192): Illuminate/View/View->getContents()
#6 C:/xampp/htdocs/hp/vendor/laravel/framework/src/Illuminate/View/View.php(161): Illuminate/View/View->renderContents()
#7 C:/xampp/htdocs/hp/vendor/filament/support/src/Components/ViewComponent.php(115): Illuminate/View/View->render()
#8 C:/xampp/htdocs/hp/vendor/laravel/framework/src/Illuminate/Support/helpers.php(134): Filament/Support/Components/ViewComponent->toHtml()
#9 C:/xampp/htdocs/hp/storage/framework/views/853058402355b8ac6aa7297050bc2a12.php(42): e(Object(Filament/Tables/Table))
#10 C:/xampp/htdocs/hp/vendor/livewire/livewire/src/Mechanisms/ExtendBlade/ExtendedCompilerEngine.php(37): include('C://xampp//htdocs...')
#11 C:/xampp/htdocs/hp/vendor/livewire/livewire/src/Mechanisms/ExtendBlade/ExtendedCompilerEngine.php(38): App/Filament/Resources/HospitalResource/Pages/ListHospitals->Livewire/Mechanisms/ExtendBlade/{closure}()
#12 C:/xampp/htdocs/hp/vendor/laravel/framework/src/Illuminate/View/Engines/CompilerEngine.php(75): Livewire/Mechanisms/ExtendBlade/ExtendedCompilerEngine->evaluatePath('C://xampp//htdocs...', Array)
#13 C:/xampp/htdocs/hp/vendor/livewire/livewire/src/Mechanisms/ExtendBlade/ExtendedCompilerEngine.php(16): Illuminate/View/Engines/CompilerEngine->get('C://xampp//htdocs...', Array)
#14 C:/xampp/htdocs/hp/vendor/laravel/framework/src/Illuminate/View/View.php(209): Livewire/Mechanisms/ExtendBlade/ExtendedCompilerEngine->get('C://xampp//htdocs...', Array)
#15 C:/xampp/htdocs/hp/vendor/laravel/framework/src/Illuminate/View/View.php(192): Illuminate/View/View->getContents()
#16 C:/xampp/htdocs/hp/vendor/laravel/framework/src/Illuminate/View/View.php(161): Illuminate/View/View->renderContents()
#17 C:/xampp/htdocs/hp/vendor/livewire/livewire/src/Mechanisms/HandleComponents/HandleComponents.php(288): Illuminate/View/View->render(Object(Closure))
#18 C:/xampp/htdocs/hp/vendor/livewire/livewire/src/Mechanisms/HandleComponents/HandleComponents.php(332): Livewire/Mechanisms/HandleComponents/HandleComponents->Livewire/Mechanisms/HandleComponents/{closure}()
#19 C:/xampp/htdocs/hp/vendor/livewire/livewire/src/Mechanisms/HandleComponents/HandleComponents.php(280): Livewire/Mechanisms/HandleComponents/HandleComponents->trackInRenderStack(Object(App/Filament/Resources/HospitalResource/Pages/ListHospitals), Object(Closure))
#20 C:/xampp/htdocs/hp/vendor/livewire/livewire/src/Mechanisms/HandleComponents/HandleComponents.php(54): Livewire/Mechanisms/HandleComponents/HandleComponents->render(Object(App/Filament/Resources/HospitalResource/Pages/ListHospitals), '<div></div>')
#21 C:/xampp/htdocs/hp/vendor/livewire/livewire/src/LivewireManager.php(73): Livewire/Mechanisms/HandleComponents/HandleComponents->mount('App//Filament//Re...', Array, NULL)
#22 C:/xampp/htdocs/hp/vendor/livewire/livewire/src/Features/SupportPageComponents/HandlesPageComponents.php(17): Livewire/LivewireManager->mount('App//Filament//Re...', Array)
#23 C:/xampp/htdocs/hp/vendor/livewire/livewire/src/Features/SupportPageComponents/SupportPageComponents.php(117): Livewire/Component->Livewire/Features/SupportPageComponents/{closure}()
#24 C:/xampp/htdocs/hp/vendor/livewire/livewire/src/Features/SupportPageComponents/HandlesPageComponents.php(14): Livewire/Features/SupportPageComponents/SupportPageComponents::interceptTheRenderOfTheComponentAndRetreiveTheLayoutConfiguration(Object(Closure))
#25 C:/xampp/htdocs/hp/vendor/laravel/framework/src/Illuminate/Routing/ControllerDispatcher.php(47): Livewire/Component->__invoke()
#26 C:/xampp/htdocs/hp/vendor/laravel/framework/src/Illuminate/Routing/Route.php(266): Illuminate/Routing/ControllerDispatcher->dispatch(Object(Illuminate/Routing/Route), Object(App/Filament/Resources/HospitalResource/Pages/ListHospitals), '__invoke')
#27 C:/xampp/htdocs/hp/vendor/laravel/framework/src/Illuminate/Routing/Route.php(212): Illuminate/Routing/Route->runController()
#28 C:/xampp/htdocs/hp/vendor/laravel/framework/src/Illuminate/Routing/Router.php(808): Illuminate/Routing/Route->run()
#29 C:/xampp/htdocs/hp/vendor/laravel/framework/src/Illuminate/Pipeline/Pipeline.php(170): Illuminate/Routing/Router->Illuminate/Routing/{closure}(Object(Illuminate/Http/Request))
#30 C:/xampp/htdocs/hp/vendor/filament/filament/src/Http/Middleware/DispatchServingFilamentEvent.php(15): Illuminate/Pipeline/Pipeline->Illuminate/Pipeline/{closure}(Object(Illuminate/Http/Request))
#31 C:/xampp/htdocs/hp/vendor/laravel/framework/src/Illuminate/Pipeline/Pipeline.php(209): Filament/Http/Middleware/DispatchServingFilamentEvent->handle(Object(Illuminate/Http/Request), Object(Closure))
#32 C:/xampp/htdocs/hp/vendor/filament/filament/src/Http/Middleware/DisableBladeIconComponents.php(14): Illuminate/Pipeline/Pipeline->Illuminate/Pipeline/{closure}(Object(Illuminate/Http/Request))
#33 C:/xampp/htdocs/hp/vendor/laravel/framework/src/Illuminate/Pipeline/Pipeline.php(209): Filament/Http/Middleware/DisableBladeIconComponents->handle(Object(Illuminate/Http/Request), Object(Closure))
#34 C:/xampp/htdocs/hp/vendor/laravel/framework/src/Illuminate/Routing/Middleware/SubstituteBindings.php(51): Illuminate/Pipeline/Pipeline->Illuminate/Pipeline/{closure}(Object(Illuminate/Http/Request))
#35 C:/xampp/htdocs/hp/vendor/laravel/framework/src/Illuminate/Pipeline/Pipeline.php(209): Illuminate/Routing/Middleware/SubstituteBindings->handle(Object(Illuminate/Http/Request), Object(Closure))
#36 C:/xampp/htdocs/hp/vendor/laravel/framework/src/Illuminate/Foundation/Http/Middleware/VerifyCsrfToken.php(88): Illuminate/Pipeline/Pipeline->Illuminate/Pipeline/{closure}(Object(Illuminate/Http/Request))
#37 C:/xampp/htdocs/hp/vendor/laravel/framework/src/Illuminate/Pipeline/Pipeline.php(209): Illuminate/Foundation/Http/Middleware/VerifyCsrfToken->handle(Object(Illuminate/Http/Request), Object(Closure))
#38 C:/xampp/htdocs/hp/vendor/laravel/framework/src/Illuminate/Session/Middleware/AuthenticateSession.php(67): Illuminate/Pipeline/Pipeline->Illuminate/Pipeline/{closure}(Object(Illuminate/Http/Request))
#39 C:/xampp/htdocs/hp/vendor/laravel/framework/src/Illuminate/Pipeline/Pipeline.php(209): Illuminate/Session/Middleware/AuthenticateSession->handle(Object(Illuminate/Http/Request), Object(Closure))
#40 C:/xampp/htdocs/hp/vendor/laravel/framework/src/Illuminate/Auth/Middleware/Authenticate.php(64): Illuminate/Pipeline/Pipeline->Illuminate/Pipeline/{closure}(Object(Illuminate/Http/Request))
#41 C:/xampp/htdocs/hp/vendor/laravel/framework/src/Illuminate/Pipeline/Pipeline.php(209): Illuminate/Auth/Middleware/Authenticate->handle(Object(Illuminate/Http/Request), Object(Closure))
#42 C:/xampp/htdocs/hp/vendor/laravel/framework/src/Illuminate/View/Middleware/ShareErrorsFromSession.php(49): Illuminate/Pipeline/Pipeline->Illuminate/Pipeline/{closure}(Object(Illuminate/Http/Request))
#43 C:/xampp/htdocs/hp/vendor/laravel/framework/src/Illuminate/Pipeline/Pipeline.php(209): Illuminate/View/Middleware/ShareErrorsFromSession->handle(Object(Illuminate/Http/Request), Object(Closure))
#44 C:/xampp/htdocs/hp/vendor/laravel/framework/src/Illuminate/Session/Middleware/StartSession.php(121): Illuminate/Pipeline/Pipeline->Illuminate/Pipeline/{closure}(Object(Illuminate/Http/Request))
#45 C:/xampp/htdocs/hp/vendor/laravel/framework/src/Illuminate/Session/Middleware/StartSession.php(64): Illuminate/Session/Middleware/StartSession->handleStatefulRequest(Object(Illuminate/Http/Request), Object(Illuminate/Session/Store), Object(Closure))
#46 C:/xampp/htdocs/hp/vendor/laravel/framework/src/Illuminate/Pipeline/Pipeline.php(209): Illuminate/Session/Middleware/StartSession->handle(Object(Illuminate/Http/Request), Object(Closure))
#47 C:/xampp/htdocs/hp/vendor/laravel/framework/src/Illuminate/Cookie/Middleware/AddQueuedCookiesToResponse.php(37): Illuminate/Pipeline/Pipeline->Illuminate/Pipeline/{closure}(Object(Illuminate/Http/Request))
#48 C:/xampp/htdocs/hp/vendor/laravel/framework/src/Illuminate/Pipeline/Pipeline.php(209): Illuminate/Cookie/Middleware/AddQueuedCookiesToResponse->handle(Object(Illuminate/Http/Request), Object(Closure))
#49 C:/xampp/htdocs/hp/vendor/laravel/framework/src/Illuminate/Cookie/Middleware/EncryptCookies.php(75): Illuminate/Pipeline/Pipeline->Illuminate/Pipeline/{closure}(Object(Illuminate/Http/Request))
#50 C:/xampp/htdocs/hp/vendor/laravel/framework/src/Illuminate/Pipeline/Pipeline.php(209): Illuminate/Cookie/Middleware/EncryptCookies->handle(Object(Illuminate/Http/Request), Object(Closure))
#51 C:/xampp/htdocs/hp/vendor/filament/filament/src/Http/Middleware/SetUpPanel.php(19): Illuminate/Pipeline/Pipeline->Illuminate/Pipeline/{closure}(Object(Illuminate/Http/Request))
#52 C:/xampp/htdocs/hp/vendor/laravel/framework/src/Illuminate/Pipeline/Pipeline.php(209): Filament/Http/Middleware/SetUpPanel->handle(Object(Illuminate/Http/Request), Object(Closure), Object(Filament/Panel))
#53 C:/xampp/htdocs/hp/vendor/laravel/framework/src/Illuminate/Pipeline/Pipeline.php(127): Illuminate/Pipeline/Pipeline->Illuminate/Pipeline/{closure}(Object(Illuminate/Http/Request))
#54 C:/xampp/htdocs/hp/vendor/laravel/framework/src/Illuminate/Routing/Router.php(807): Illuminate/Pipeline/Pipeline->then(Object(Closure))
#55 C:/xampp/htdocs/hp/vendor/laravel/framework/src/Illuminate/Routing/Router.php(786): Illuminate/Routing/Router->runRouteWithinStack(Object(Illuminate/Routing/Route), Object(Illuminate/Http/Request))
#56 C:/xampp/htdocs/hp/vendor/laravel/framework/src/Illuminate/Routing/Router.php(750): Illuminate/Routing/Router->runRoute(Object(Illuminate/Http/Request), Object(Illuminate/Routing/Route))
#57 C:/xampp/htdocs/hp/vendor/laravel/framework/src/Illuminate/Routing/Router.php(739): Illuminate/Routing/Router->dispatchToRoute(Object(Illuminate/Http/Request))
#58 C:/xampp/htdocs/hp/vendor/laravel/framework/src/Illuminate/Foundation/Http/Kernel.php(201): Illuminate/Routing/Router->dispatch(Object(Illuminate/Http/Request))
#59 C:/xampp/htdocs/hp/vendor/laravel/framework/src/Illuminate/Pipeline/Pipeline.php(170): Illuminate/Foundation/Http/Kernel->Illuminate/Foundation/Http/{closure}(Object(Illuminate/Http/Request))
#60 C:/xampp/htdocs/hp/vendor/livewire/livewire/src/Features/SupportDisablingBackButtonCache/DisableBackButtonCacheMiddleware.php(19): Illuminate/Pipeline/Pipeline->Illuminate/Pipeline/{closure}(Object(Illuminate/Http/Request))
#61 C:/xampp/htdocs/hp/vendor/laravel/framework/src/Illuminate/Pipeline/Pipeline.php(209): Livewire/Features/SupportDisablingBackButtonCache/DisableBackButtonCacheMiddleware->handle(Object(Illuminate/Http/Request), Object(Closure))
#62 C:/xampp/htdocs/hp/vendor/laravel/framework/src/Illuminate/Foundation/Http/Middleware/TransformsRequest.php(21): Illuminate/Pipeline/Pipeline->Illuminate/Pipeline/{closure}(Object(Illuminate/Http/Request))
#63 C:/xampp/htdocs/hp/vendor/laravel/framework/src/Illuminate/Foundation/Http/Middleware/ConvertEmptyStringsToNull.php(31): Illuminate/Foundation/Http/Middleware/TransformsRequest->handle(Object(Illuminate/Http/Request), Object(Closure))
#64 C:/xampp/htdocs/hp/vendor/laravel/framework/src/Illuminate/Pipeline/Pipeline.php(209): Illuminate/Foundation/Http/Middleware/ConvertEmptyStringsToNull->handle(Object(Illuminate/Http/Request), Object(Closure))
#65 C:/xampp/htdocs/hp/vendor/laravel/framework/src/Illuminate/Foundation/Http/Middleware/TransformsRequest.php(21): Illuminate/Pipeline/Pipeline->Illuminate/Pipeline/{closure}(Object(Illuminate/Http/Request))
#66 C:/xampp/htdocs/hp/vendor/laravel/framework/src/Illuminate/Foundation/Http/Middleware/TrimStrings.php(51): Illuminate/Foundation/Http/Middleware/TransformsRequest->handle(Object(Illuminate/Http/Request), Object(Closure))
#67 C:/xampp/htdocs/hp/vendor/laravel/framework/src/Illuminate/Pipeline/Pipeline.php(209): Illuminate/Foundation/Http/Middleware/TrimStrings->handle(Object(Illuminate/Http/Request), Object(Closure))
#68 C:/xampp/htdocs/hp/vendor/laravel/framework/src/Illuminate/Http/Middleware/ValidatePostSize.php(27): Illuminate/Pipeline/Pipeline->Illuminate/Pipeline/{closure}(Object(Illuminate/Http/Request))
#69 C:/xampp/htdocs/hp/vendor/laravel/framework/src/Illuminate/Pipeline/Pipeline.php(209): Illuminate/Http/Middleware/ValidatePostSize->handle(Object(Illuminate/Http/Request), Object(Closure))
#70 C:/xampp/htdocs/hp/vendor/laravel/framework/src/Illuminate/Foundation/Http/Middleware/PreventRequestsDuringMaintenance.php(110): Illuminate/Pipeline/Pipeline->Illuminate/Pipeline/{closure}(Object(Illuminate/Http/Request))
#71 C:/xampp/htdocs/hp/vendor/laravel/framework/src/Illuminate/Pipeline/Pipeline.php(209): Illuminate/Foundation/Http/Middleware/PreventRequestsDuringMaintenance->handle(Object(Illuminate/Http/Request), Object(Closure))
#72 C:/xampp/htdocs/hp/vendor/laravel/framework/src/Illuminate/Http/Middleware/HandleCors.php(49): Illuminate/Pipeline/Pipeline->Illuminate/Pipeline/{closure}(Object(Illuminate/Http/Request))
#73 C:/xampp/htdocs/hp/vendor/laravel/framework/src/Illuminate/Pipeline/Pipeline.php(209): Illuminate/Http/Middleware/HandleCors->handle(Object(Illuminate/Http/Request), Object(Closure))
#74 C:/xampp/htdocs/hp/vendor/laravel/framework/src/Illuminate/Http/Middleware/TrustProxies.php(58): Illuminate/Pipeline/Pipeline->Illuminate/Pipeline/{closure}(Object(Illuminate/Http/Request))
#75 C:/xampp/htdocs/hp/vendor/laravel/framework/src/Illuminate/Pipeline/Pipeline.php(209): Illuminate/Http/Middleware/TrustProxies->handle(Object(Illuminate/Http/Request), Object(Closure))
#76 C:/xampp/htdocs/hp/vendor/laravel/framework/src/Illuminate/Foundation/Http/Middleware/InvokeDeferredCallbacks.php(22): Illuminate/Pipeline/Pipeline->Illuminate/Pipeline/{closure}(Object(Illuminate/Http/Request))
#77 C:/xampp/htdocs/hp/vendor/laravel/framework/src/Illuminate/Pipeline/Pipeline.php(209): Illuminate/Foundation/Http/Middleware/InvokeDeferredCallbacks->handle(Object(Illuminate/Http/Request), Object(Closure))
#78 C:/xampp/htdocs/hp/vendor/laravel/framework/src/Illuminate/Pipeline/Pipeline.php(127): Illuminate/Pipeline/Pipeline->Illuminate/Pipeline/{closure}(Object(Illuminate/Http/Request))
#79 C:/xampp/htdocs/hp/vendor/laravel/framework/src/Illuminate/Foundation/Http/Kernel.php(176): Illuminate/Pipeline/Pipeline->then(Object(Closure))
#80 C:/xampp/htdocs/hp/vendor/laravel/framework/src/Illuminate/Foundation/Http/Kernel.php(145): Illuminate/Foundation/Http/Kernel->sendRequestThroughRouter(Object(Illuminate/Http/Request))
#81 C:/xampp/htdocs/hp/vendor/laravel/framework/src/Illuminate/Foundation/Application.php(1220): Illuminate/Foundation/Http/Kernel->handle(Object(Illuminate/Http/Request))
#82 C:/xampp/htdocs/hp/public/index.php(17): Illuminate/Foundation/Application->handleRequest(Object(Illuminate/Http/Request))
#83 C:/xampp/htdocs/hp/vendor/laravel/framework/src/Illuminate/Foundation/resources/server.php(23): require_once('C://xampp//htdocs...')
#84 {main}

[previous exception] [object] (Illuminate\\View\\ViewException(code: 0): The \"intl\" PHP extension is required to use the [format] method. (View: C:\\xampp\\htdocs\\hp\\vendor\\filament\\support\\resources\\views\\components\\pagination\\index.blade.php) at C:/xampp/htdocs/hp/vendor/laravel/framework/src/Illuminate/Support/Number.php:385)
[stacktrace]
#0 C:/xampp/htdocs/hp/vendor/livewire/livewire/src/Mechanisms/ExtendBlade/ExtendedCompilerEngine.php(58): Illuminate/View/Engines/CompilerEngine->handleViewException(Object(RuntimeException), 5)
#1 C:/xampp/htdocs/hp/vendor/livewire/livewire/src/Mechanisms/ExtendBlade/ExtendedCompilerEngine.php(40): Livewire/Mechanisms/ExtendBlade/ExtendedCompilerEngine->handleViewException(Object(RuntimeException), 5)
#2 C:/xampp/htdocs/hp/vendor/laravel/framework/src/Illuminate/View/Engines/CompilerEngine.php(75): Livewire/Mechanisms/ExtendBlade/ExtendedCompilerEngine->evaluatePath('C://xampp//htdocs...', Array)
#3 C:/xampp/htdocs/hp/vendor/livewire/livewire/src/Mechanisms/ExtendBlade/ExtendedCompilerEngine.php(16): Illuminate/View/Engines/CompilerEngine->get('C://xampp//htdocs...', Array)
#4 C:/xampp/htdocs/hp/vendor/laravel/framework/src/Illuminate/View/View.php(209): Livewire/Mechanisms/ExtendBlade/ExtendedCompilerEngine->get('C://xampp//htdocs...', Array)
#5 C:/xampp/htdocs/hp/vendor/laravel/framework/src/Illuminate/View/View.php(192): Illuminate/View/View->getContents()
#6 C:/xampp/htdocs/hp/vendor/laravel/framework/src/Illuminate/View/View.php(161): Illuminate/View/View->renderContents()
#7 C:/xampp/htdocs/hp/vendor/laravel/framework/src/Illuminate/View/Concerns/ManagesComponents.php(103): Illuminate/View/View->render()
#8 C:/xampp/htdocs/hp/storage/framework/views/6477c3f58b3f6bca4ff1555fac23c21c.php(2458): Illuminate/View/Factory->renderComponent()
#9 C:/xampp/htdocs/hp/vendor/livewire/livewire/src/Mechanisms/ExtendBlade/ExtendedCompilerEngine.php(37): include('C://xampp//htdocs...')
#10 C:/xampp/htdocs/hp/vendor/livewire/livewire/src/Mechanisms/ExtendBlade/ExtendedCompilerEngine.php(38): App/Filament/Resources/HospitalResource/Pages/ListHospitals->Livewire/Mechanisms/ExtendBlade/{closure}()
#11 C:/xampp/htdocs/hp/vendor/laravel/framework/src/Illuminate/View/Engines/CompilerEngine.php(75): Livewire/Mechanisms/ExtendBlade/ExtendedCompilerEngine->evaluatePath('C://xampp//htdocs...', Array)
#12 C:/xampp/htdocs/hp/vendor/livewire/livewire/src/Mechanisms/ExtendBlade/ExtendedCompilerEngine.php(16): Illuminate/View/Engines/CompilerEngine->get('C://xampp//htdocs...', Array)
#13 C:/xampp/htdocs/hp/vendor/laravel/framework/src/Illuminate/View/View.php(209): Livewire/Mechanisms/ExtendBlade/ExtendedCompilerEngine->get('C://xampp//htdocs...', Array)
#14 C:/xampp/htdocs/hp/vendor/laravel/framework/src/Illuminate/View/View.php(192): Illuminate/View/View->getContents()
#15 C:/xampp/htdocs/hp/vendor/laravel/framework/src/Illuminate/View/View.php(161): Illuminate/View/View->renderContents()
#16 C:/xampp/htdocs/hp/vendor/filament/support/src/Components/ViewComponent.php(115): Illuminate/View/View->render()
#17 C:/xampp/htdocs/hp/vendor/laravel/framework/src/Illuminate/Support/helpers.php(134): Filament/Support/Components/ViewComponent->toHtml()
#18 C:/xampp/htdocs/hp/storage/framework/views/853058402355b8ac6aa7297050bc2a12.php(42): e(Object(Filament/Tables/Table))
#19 C:/xampp/htdocs/hp/vendor/livewire/livewire/src/Mechanisms/ExtendBlade/ExtendedCompilerEngine.php(37): include('C://xampp//htdocs...')
#20 C:/xampp/htdocs/hp/vendor/livewire/livewire/src/Mechanisms/ExtendBlade/ExtendedCompilerEngine.php(38): App/Filament/Resources/HospitalResource/Pages/ListHospitals->Livewire/Mechanisms/ExtendBlade/{closure}()
#21 C:/xampp/htdocs/hp/vendor/laravel/framework/src/Illuminate/View/Engines/CompilerEngine.php(75): Livewire/Mechanisms/ExtendBlade/ExtendedCompilerEngine->evaluatePath('C://xampp//htdocs...', Array)
#22 C:/xampp/htdocs/hp/vendor/livewire/livewire/src/Mechanisms/ExtendBlade/ExtendedCompilerEngine.php(16): Illuminate/View/Engines/CompilerEngine->get('C://xampp//htdocs...', Array)
#23 C:/xampp/htdocs/hp/vendor/laravel/framework/src/Illuminate/View/View.php(209): Livewire/Mechanisms/ExtendBlade/ExtendedCompilerEngine->get('C://xampp//htdocs...', Array)
#24 C:/xampp/htdocs/hp/vendor/laravel/framework/src/Illuminate/View/View.php(192): Illuminate/View/View->getContents()
#25 C:/xampp/htdocs/hp/vendor/laravel/framework/src/Illuminate/View/View.php(161): Illuminate/View/View->renderContents()
#26 C:/xampp/htdocs/hp/vendor/livewire/livewire/src/Mechanisms/HandleComponents/HandleComponents.php(288): Illuminate/View/View->render(Object(Closure))
#27 C:/xampp/htdocs/hp/vendor/livewire/livewire/src/Mechanisms/HandleComponents/HandleComponents.php(332): Livewire/Mechanisms/HandleComponents/HandleComponents->Livewire/Mechanisms/HandleComponents/{closure}()
#28 C:/xampp/htdocs/hp/vendor/livewire/livewire/src/Mechanisms/HandleComponents/HandleComponents.php(280): Livewire/Mechanisms/HandleComponents/HandleComponents->trackInRenderStack(Object(App/Filament/Resources/HospitalResource/Pages/ListHospitals), Object(Closure))
#29 C:/xampp/htdocs/hp/vendor/livewire/livewire/src/Mechanisms/HandleComponents/HandleComponents.php(54): Livewire/Mechanisms/HandleComponents/HandleComponents->render(Object(App/Filament/Resources/HospitalResource/Pages/ListHospitals), '<div></div>')
#30 C:/xampp/htdocs/hp/vendor/livewire/livewire/src/LivewireManager.php(73): Livewire/Mechanisms/HandleComponents/HandleComponents->mount('App//Filament//Re...', Array, NULL)
#31 C:/xampp/htdocs/hp/vendor/livewire/livewire/src/Features/SupportPageComponents/HandlesPageComponents.php(17): Livewire/LivewireManager->mount('App//Filament//Re...', Array)
#32 C:/xampp/htdocs/hp/vendor/livewire/livewire/src/Features/SupportPageComponents/SupportPageComponents.php(117): Livewire/Component->Livewire/Features/SupportPageComponents/{closure}()
#33 C:/xampp/htdocs/hp/vendor/livewire/livewire/src/Features/SupportPageComponents/HandlesPageComponents.php(14): Livewire/Features/SupportPageComponents/SupportPageComponents::interceptTheRenderOfTheComponentAndRetreiveTheLayoutConfiguration(Object(Closure))
#34 C:/xampp/htdocs/hp/vendor/laravel/framework/src/Illuminate/Routing/ControllerDispatcher.php(47): Livewire/Component->__invoke()
#35 C:/xampp/htdocs/hp/vendor/laravel/framework/src/Illuminate/Routing/Route.php(266): Illuminate/Routing/ControllerDispatcher->dispatch(Object(Illuminate/Routing/Route), Object(App/Filament/Resources/HospitalResource/Pages/ListHospitals), '__invoke')
#36 C:/xampp/htdocs/hp/vendor/laravel/framework/src/Illuminate/Routing/Route.php(212): Illuminate/Routing/Route->runController()
#37 C:/xampp/htdocs/hp/vendor/laravel/framework/src/Illuminate/Routing/Router.php(808): Illuminate/Routing/Route->run()
#38 C:/xampp/htdocs/hp/vendor/laravel/framework/src/Illuminate/Pipeline/Pipeline.php(170): Illuminate/Routing/Router->Illuminate/Routing/{closure}(Object(Illuminate/Http/Request))
#39 C:/xampp/htdocs/hp/vendor/filament/filament/src/Http/Middleware/DispatchServingFilamentEvent.php(15): Illuminate/Pipeline/Pipeline->Illuminate/Pipeline/{closure}(Object(Illuminate/Http/Request))
#40 C:/xampp/htdocs/hp/vendor/laravel/framework/src/Illuminate/Pipeline/Pipeline.php(209): Filament/Http/Middleware/DispatchServingFilamentEvent->handle(Object(Illuminate/Http/Request), Object(Closure))
#41 C:/xampp/htdocs/hp/vendor/filament/filament/src/Http/Middleware/DisableBladeIconComponents.php(14): Illuminate/Pipeline/Pipeline->Illuminate/Pipeline/{closure}(Object(Illuminate/Http/Request))
#42 C:/xampp/htdocs/hp/vendor/laravel/framework/src/Illuminate/Pipeline/Pipeline.php(209): Filament/Http/Middleware/DisableBladeIconComponents->handle(Object(Illuminate/Http/Request), Object(Closure))
#43 C:/xampp/htdocs/hp/vendor/laravel/framework/src/Illuminate/Routing/Middleware/SubstituteBindings.php(51): Illuminate/Pipeline/Pipeline->Illuminate/Pipeline/{closure}(Object(Illuminate/Http/Request))
#44 C:/xampp/htdocs/hp/vendor/laravel/framework/src/Illuminate/Pipeline/Pipeline.php(209): Illuminate/Routing/Middleware/SubstituteBindings->handle(Object(Illuminate/Http/Request), Object(Closure))
#45 C:/xampp/htdocs/hp/vendor/laravel/framework/src/Illuminate/Foundation/Http/Middleware/VerifyCsrfToken.php(88): Illuminate/Pipeline/Pipeline->Illuminate/Pipeline/{closure}(Object(Illuminate/Http/Request))
#46 C:/xampp/htdocs/hp/vendor/laravel/framework/src/Illuminate/Pipeline/Pipeline.php(209): Illuminate/Foundation/Http/Middleware/VerifyCsrfToken->handle(Object(Illuminate/Http/Request), Object(Closure))
#47 C:/xampp/htdocs/hp/vendor/laravel/framework/src/Illuminate/Session/Middleware/AuthenticateSession.php(67): Illuminate/Pipeline/Pipeline->Illuminate/Pipeline/{closure}(Object(Illuminate/Http/Request))
#48 C:/xampp/htdocs/hp/vendor/laravel/framework/src/Illuminate/Pipeline/Pipeline.php(209): Illuminate/Session/Middleware/AuthenticateSession->handle(Object(Illuminate/Http/Request), Object(Closure))
#49 C:/xampp/htdocs/hp/vendor/laravel/framework/src/Illuminate/Auth/Middleware/Authenticate.php(64): Illuminate/Pipeline/Pipeline->Illuminate/Pipeline/{closure}(Object(Illuminate/Http/Request))
#50 C:/xampp/htdocs/hp/vendor/laravel/framework/src/Illuminate/Pipeline/Pipeline.php(209): Illuminate/Auth/Middleware/Authenticate->handle(Object(Illuminate/Http/Request), Object(Closure))
#51 C:/xampp/htdocs/hp/vendor/laravel/framework/src/Illuminate/View/Middleware/ShareErrorsFromSession.php(49): Illuminate/Pipeline/Pipeline->Illuminate/Pipeline/{closure}(Object(Illuminate/Http/Request))
#52 C:/xampp/htdocs/hp/vendor/laravel/framework/src/Illuminate/Pipeline/Pipeline.php(209): Illuminate/View/Middleware/ShareErrorsFromSession->handle(Object(Illuminate/Http/Request), Object(Closure))
#53 C:/xampp/htdocs/hp/vendor/laravel/framework/src/Illuminate/Session/Middleware/StartSession.php(121): Illuminate/Pipeline/Pipeline->Illuminate/Pipeline/{closure}(Object(Illuminate/Http/Request))
#54 C:/xampp/htdocs/hp/vendor/laravel/framework/src/Illuminate/Session/Middleware/StartSession.php(64): Illuminate/Session/Middleware/StartSession->handleStatefulRequest(Object(Illuminate/Http/Request), Object(Illuminate/Session/Store), Object(Closure))
#55 C:/xampp/htdocs/hp/vendor/laravel/framework/src/Illuminate/Pipeline/Pipeline.php(209): Illuminate/Session/Middleware/StartSession->handle(Object(Illuminate/Http/Request), Object(Closure))
#56 C:/xampp/htdocs/hp/vendor/laravel/framework/src/Illuminate/Cookie/Middleware/AddQueuedCookiesToResponse.php(37): Illuminate/Pipeline/Pipeline->Illuminate/Pipeline/{closure}(Object(Illuminate/Http/Request))
#57 C:/xampp/htdocs/hp/vendor/laravel/framework/src/Illuminate/Pipeline/Pipeline.php(209): Illuminate/Cookie/Middleware/AddQueuedCookiesToResponse->handle(Object(Illuminate/Http/Request), Object(Closure))
#58 C:/xampp/htdocs/hp/vendor/laravel/framework/src/Illuminate/Cookie/Middleware/EncryptCookies.php(75): Illuminate/Pipeline/Pipeline->Illuminate/Pipeline/{closure}(Object(Illuminate/Http/Request))
#59 C:/xampp/htdocs/hp/vendor/laravel/framework/src/Illuminate/Pipeline/Pipeline.php(209): Illuminate/Cookie/Middleware/EncryptCookies->handle(Object(Illuminate/Http/Request), Object(Closure))
#60 C:/xampp/htdocs/hp/vendor/filament/filament/src/Http/Middleware/SetUpPanel.php(19): Illuminate/Pipeline/Pipeline->Illuminate/Pipeline/{closure}(Object(Illuminate/Http/Request))
#61 C:/xampp/htdocs/hp/vendor/laravel/framework/src/Illuminate/Pipeline/Pipeline.php(209): Filament/Http/Middleware/SetUpPanel->handle(Object(Illuminate/Http/Request), Object(Closure), Object(Filament/Panel))
#62 C:/xampp/htdocs/hp/vendor/laravel/framework/src/Illuminate/Pipeline/Pipeline.php(127): Illuminate/Pipeline/Pipeline->Illuminate/Pipeline/{closure}(Object(Illuminate/Http/Request))
#63 C:/xampp/htdocs/hp/vendor/laravel/framework/src/Illuminate/Routing/Router.php(807): Illuminate/Pipeline/Pipeline->then(Object(Closure))
#64 C:/xampp/htdocs/hp/vendor/laravel/framework/src/Illuminate/Routing/Router.php(786): Illuminate/Routing/Router->runRouteWithinStack(Object(Illuminate/Routing/Route), Object(Illuminate/Http/Request))
#65 C:/xampp/htdocs/hp/vendor/laravel/framework/src/Illuminate/Routing/Router.php(750): Illuminate/Routing/Router->runRoute(Object(Illuminate/Http/Request), Object(Illuminate/Routing/Route))
#66 C:/xampp/htdocs/hp/vendor/laravel/framework/src/Illuminate/Routing/Router.php(739): Illuminate/Routing/Router->dispatchToRoute(Object(Illuminate/Http/Request))
#67 C:/xampp/htdocs/hp/vendor/laravel/framework/src/Illuminate/Foundation/Http/Kernel.php(201): Illuminate/Routing/Router->dispatch(Object(Illuminate/Http/Request))
#68 C:/xampp/htdocs/hp/vendor/laravel/framework/src/Illuminate/Pipeline/Pipeline.php(170): Illuminate/Foundation/Http/Kernel->Illuminate/Foundation/Http/{closure}(Object(Illuminate/Http/Request))
#69 C:/xampp/htdocs/hp/vendor/livewire/livewire/src/Features/SupportDisablingBackButtonCache/DisableBackButtonCacheMiddleware.php(19): Illuminate/Pipeline/Pipeline->Illuminate/Pipeline/{closure}(Object(Illuminate/Http/Request))
#70 C:/xampp/htdocs/hp/vendor/laravel/framework/src/Illuminate/Pipeline/Pipeline.php(209): Livewire/Features/SupportDisablingBackButtonCache/DisableBackButtonCacheMiddleware->handle(Object(Illuminate/Http/Request), Object(Closure))
#71 C:/xampp/htdocs/hp/vendor/laravel/framework/src/Illuminate/Foundation/Http/Middleware/TransformsRequest.php(21): Illuminate/Pipeline/Pipeline->Illuminate/Pipeline/{closure}(Object(Illuminate/Http/Request))
#72 C:/xampp/htdocs/hp/vendor/laravel/framework/src/Illuminate/Foundation/Http/Middleware/ConvertEmptyStringsToNull.php(31): Illuminate/Foundation/Http/Middleware/TransformsRequest->handle(Object(Illuminate/Http/Request), Object(Closure))
#73 C:/xampp/htdocs/hp/vendor/laravel/framework/src/Illuminate/Pipeline/Pipeline.php(209): Illuminate/Foundation/Http/Middleware/ConvertEmptyStringsToNull->handle(Object(Illuminate/Http/Request), Object(Closure))
#74 C:/xampp/htdocs/hp/vendor/laravel/framework/src/Illuminate/Foundation/Http/Middleware/TransformsRequest.php(21): Illuminate/Pipeline/Pipeline->Illuminate/Pipeline/{closure}(Object(Illuminate/Http/Request))
#75 C:/xampp/htdocs/hp/vendor/laravel/framework/src/Illuminate/Foundation/Http/Middleware/TrimStrings.php(51): Illuminate/Foundation/Http/Middleware/TransformsRequest->handle(Object(Illuminate/Http/Request), Object(Closure))
#76 C:/xampp/htdocs/hp/vendor/laravel/framework/src/Illuminate/Pipeline/Pipeline.php(209): Illuminate/Foundation/Http/Middleware/TrimStrings->handle(Object(Illuminate/Http/Request), Object(Closure))
#77 C:/xampp/htdocs/hp/vendor/laravel/framework/src/Illuminate/Http/Middleware/ValidatePostSize.php(27): Illuminate/Pipeline/Pipeline->Illuminate/Pipeline/{closure}(Object(Illuminate/Http/Request))
#78 C:/xampp/htdocs/hp/vendor/laravel/framework/src/Illuminate/Pipeline/Pipeline.php(209): Illuminate/Http/Middleware/ValidatePostSize->handle(Object(Illuminate/Http/Request), Object(Closure))
#79 C:/xampp/htdocs/hp/vendor/laravel/framework/src/Illuminate/Foundation/Http/Middleware/PreventRequestsDuringMaintenance.php(110): Illuminate/Pipeline/Pipeline->Illuminate/Pipeline/{closure}(Object(Illuminate/Http/Request))
#80 C:/xampp/htdocs/hp/vendor/laravel/framework/src/Illuminate/Pipeline/Pipeline.php(209): Illuminate/Foundation/Http/Middleware/PreventRequestsDuringMaintenance->handle(Object(Illuminate/Http/Request), Object(Closure))
#81 C:/xampp/htdocs/hp/vendor/laravel/framework/src/Illuminate/Http/Middleware/HandleCors.php(49): Illuminate/Pipeline/Pipeline->Illuminate/Pipeline/{closure}(Object(Illuminate/Http/Request))
#82 C:/xampp/htdocs/hp/vendor/laravel/framework/src/Illuminate/Pipeline/Pipeline.php(209): Illuminate/Http/Middleware/HandleCors->handle(Object(Illuminate/Http/Request), Object(Closure))
#83 C:/xampp/htdocs/hp/vendor/laravel/framework/src/Illuminate/Http/Middleware/TrustProxies.php(58): Illuminate/Pipeline/Pipeline->Illuminate/Pipeline/{closure}(Object(Illuminate/Http/Request))
#84 C:/xampp/htdocs/hp/vendor/laravel/framework/src/Illuminate/Pipeline/Pipeline.php(209): Illuminate/Http/Middleware/TrustProxies->handle(Object(Illuminate/Http/Request), Object(Closure))
#85 C:/xampp/htdocs/hp/vendor/laravel/framework/src/Illuminate/Foundation/Http/Middleware/InvokeDeferredCallbacks.php(22): Illuminate/Pipeline/Pipeline->Illuminate/Pipeline/{closure}(Object(Illuminate/Http/Request))
#86 C:/xampp/htdocs/hp/vendor/laravel/framework/src/Illuminate/Pipeline/Pipeline.php(209): Illuminate/Foundation/Http/Middleware/InvokeDeferredCallbacks->handle(Object(Illuminate/Http/Request), Object(Closure))
#87 C:/xampp/htdocs/hp/vendor/laravel/framework/src/Illuminate/Pipeline/Pipeline.php(127): Illuminate/Pipeline/Pipeline->Illuminate/Pipeline/{closure}(Object(Illuminate/Http/Request))
#88 C:/xampp/htdocs/hp/vendor/laravel/framework/src/Illuminate/Foundation/Http/Kernel.php(176): Illuminate/Pipeline/Pipeline->then(Object(Closure))
#89 C:/xampp/htdocs/hp/vendor/laravel/framework/src/Illuminate/Foundation/Http/Kernel.php(145): Illuminate/Foundation/Http/Kernel->sendRequestThroughRouter(Object(Illuminate/Http/Request))
#90 C:/xampp/htdocs/hp/vendor/laravel/framework/src/Illuminate/Foundation/Application.php(1220): Illuminate/Foundation/Http/Kernel->handle(Object(Illuminate/Http/Request))
#91 C:/xampp/htdocs/hp/public/index.php(17): Illuminate/Foundation/Application->handleRequest(Object(Illuminate/Http/Request))
#92 C:/xampp/htdocs/hp/vendor/laravel/framework/src/Illuminate/Foundation/resources/server.php(23): require_once('C://xampp//htdocs...')
#93 {main}

[previous exception] [object] (RuntimeException(code: 0): The \"intl\" PHP extension is required to use the [format] method. at C:/xampp/htdocs/hp/vendor/laravel/framework/src/Illuminate/Support/Number.php:385)
[stacktrace]
#0 C:/xampp/htdocs/hp/vendor/laravel/framework/src/Illuminate/Support/Number.php(38): Illuminate/Support/Number::ensureIntlExtensionIsInstalled()
#1 C:/xampp/htdocs/hp/storage/framework/views/dc96bd85b482a801c44f1fda8976f247.php(98): Illuminate/Support/Number::format(1)
#2 C:/xampp/htdocs/hp/vendor/livewire/livewire/src/Mechanisms/ExtendBlade/ExtendedCompilerEngine.php(37): include('C://xampp//htdocs...')
#3 C:/xampp/htdocs/hp/vendor/livewire/livewire/src/Mechanisms/ExtendBlade/ExtendedCompilerEngine.php(38): App/Filament/Resources/HospitalResource/Pages/ListHospitals->Livewire/Mechanisms/ExtendBlade/{closure}()
#4 C:/xampp/htdocs/hp/vendor/laravel/framework/src/Illuminate/View/Engines/CompilerEngine.php(75): Livewire/Mechanisms/ExtendBlade/ExtendedCompilerEngine->evaluatePath('C://xampp//htdocs...', Array)
#5 C:/xampp/htdocs/hp/vendor/livewire/livewire/src/Mechanisms/ExtendBlade/ExtendedCompilerEngine.php(16): Illuminate/View/Engines/CompilerEngine->get('C://xampp//htdocs...', Array)
#6 C:/xampp/htdocs/hp/vendor/laravel/framework/src/Illuminate/View/View.php(209): Livewire/Mechanisms/ExtendBlade/ExtendedCompilerEngine->get('C://xampp//htdocs...', Array)
#7 C:/xampp/htdocs/hp/vendor/laravel/framework/src/Illuminate/View/View.php(192): Illuminate/View/View->getContents()
#8 C:/xampp/htdocs/hp/vendor/laravel/framework/src/Illuminate/View/View.php(161): Illuminate/View/View->renderContents()
#9 C:/xampp/htdocs/hp/vendor/laravel/framework/src/Illuminate/View/Concerns/ManagesComponents.php(103): Illuminate/View/View->render()
#10 C:/xampp/htdocs/hp/storage/framework/views/6477c3f58b3f6bca4ff1555fac23c21c.php(2458): Illuminate/View/Factory->renderComponent()
#11 C:/xampp/htdocs/hp/vendor/livewire/livewire/src/Mechanisms/ExtendBlade/ExtendedCompilerEngine.php(37): include('C://xampp//htdocs...')
#12 C:/xampp/htdocs/hp/vendor/livewire/livewire/src/Mechanisms/ExtendBlade/ExtendedCompilerEngine.php(38): App/Filament/Resources/HospitalResource/Pages/ListHospitals->Livewire/Mechanisms/ExtendBlade/{closure}()
#13 C:/xampp/htdocs/hp/vendor/laravel/framework/src/Illuminate/View/Engines/CompilerEngine.php(75): Livewire/Mechanisms/ExtendBlade/ExtendedCompilerEngine->evaluatePath('C://xampp//htdocs...', Array)
#14 C:/xampp/htdocs/hp/vendor/livewire/livewire/src/Mechanisms/ExtendBlade/ExtendedCompilerEngine.php(16): Illuminate/View/Engines/CompilerEngine->get('C://xampp//htdocs...', Array)
#15 C:/xampp/htdocs/hp/vendor/laravel/framework/src/Illuminate/View/View.php(209): Livewire/Mechanisms/ExtendBlade/ExtendedCompilerEngine->get('C://xampp//htdocs...', Array)
#16 C:/xampp/htdocs/hp/vendor/laravel/framework/src/Illuminate/View/View.php(192): Illuminate/View/View->getContents()
#17 C:/xampp/htdocs/hp/vendor/laravel/framework/src/Illuminate/View/View.php(161): Illuminate/View/View->renderContents()
#18 C:/xampp/htdocs/hp/vendor/filament/support/src/Components/ViewComponent.php(115): Illuminate/View/View->render()
#19 C:/xampp/htdocs/hp/vendor/laravel/framework/src/Illuminate/Support/helpers.php(134): Filament/Support/Components/ViewComponent->toHtml()
#20 C:/xampp/htdocs/hp/storage/framework/views/853058402355b8ac6aa7297050bc2a12.php(42): e(Object(Filament/Tables/Table))
#21 C:/xampp/htdocs/hp/vendor/livewire/livewire/src/Mechanisms/ExtendBlade/ExtendedCompilerEngine.php(37): include('C://xampp//htdocs...')
#22 C:/xampp/htdocs/hp/vendor/livewire/livewire/src/Mechanisms/ExtendBlade/ExtendedCompilerEngine.php(38): App/Filament/Resources/HospitalResource/Pages/ListHospitals->Livewire/Mechanisms/ExtendBlade/{closure}()
#23 C:/xampp/htdocs/hp/vendor/laravel/framework/src/Illuminate/View/Engines/CompilerEngine.php(75): Livewire/Mechanisms/ExtendBlade/ExtendedCompilerEngine->evaluatePath('C://xampp//htdocs...', Array)
#24 C:/xampp/htdocs/hp/vendor/livewire/livewire/src/Mechanisms/ExtendBlade/ExtendedCompilerEngine.php(16): Illuminate/View/Engines/CompilerEngine->get('C://xampp//htdocs...', Array)
#25 C:/xampp/htdocs/hp/vendor/laravel/framework/src/Illuminate/View/View.php(209): Livewire/Mechanisms/ExtendBlade/ExtendedCompilerEngine->get('C://xampp//htdocs...', Array)
#26 C:/xampp/htdocs/hp/vendor/laravel/framework/src/Illuminate/View/View.php(192): Illuminate/View/View->getContents()
#27 C:/xampp/htdocs/hp/vendor/laravel/framework/src/Illuminate/View/View.php(161): Illuminate/View/View->renderContents()
#28 C:/xampp/htdocs/hp/vendor/livewire/livewire/src/Mechanisms/HandleComponents/HandleComponents.php(288): Illuminate/View/View->render(Object(Closure))
#29 C:/xampp/htdocs/hp/vendor/livewire/livewire/src/Mechanisms/HandleComponents/HandleComponents.php(332): Livewire/Mechanisms/HandleComponents/HandleComponents->Livewire/Mechanisms/HandleComponents/{closure}()
#30 C:/xampp/htdocs/hp/vendor/livewire/livewire/src/Mechanisms/HandleComponents/HandleComponents.php(280): Livewire/Mechanisms/HandleComponents/HandleComponents->trackInRenderStack(Object(App/Filament/Resources/HospitalResource/Pages/ListHospitals), Object(Closure))
#31 C:/xampp/htdocs/hp/vendor/livewire/livewire/src/Mechanisms/HandleComponents/HandleComponents.php(54): Livewire/Mechanisms/HandleComponents/HandleComponents->render(Object(App/Filament/Resources/HospitalResource/Pages/ListHospitals), '<div></div>')
#32 C:/xampp/htdocs/hp/vendor/livewire/livewire/src/LivewireManager.php(73): Livewire/Mechanisms/HandleComponents/HandleComponents->mount('App//Filament//Re...', Array, NULL)
#33 C:/xampp/htdocs/hp/vendor/livewire/livewire/src/Features/SupportPageComponents/HandlesPageComponents.php(17): Livewire/LivewireManager->mount('App//Filament//Re...', Array)
#34 C:/xampp/htdocs/hp/vendor/livewire/livewire/src/Features/SupportPageComponents/SupportPageComponents.php(117): Livewire/Component->Livewire/Features/SupportPageComponents/{closure}()
#35 C:/xampp/htdocs/hp/vendor/livewire/livewire/src/Features/SupportPageComponents/HandlesPageComponents.php(14): Livewire/Features/SupportPageComponents/SupportPageComponents::interceptTheRenderOfTheComponentAndRetreiveTheLayoutConfiguration(Object(Closure))
#36 C:/xampp/htdocs/hp/vendor/laravel/framework/src/Illuminate/Routing/ControllerDispatcher.php(47): Livewire/Component->__invoke()
#37 C:/xampp/htdocs/hp/vendor/laravel/framework/src/Illuminate/Routing/Route.php(266): Illuminate/Routing/ControllerDispatcher->dispatch(Object(Illuminate/Routing/Route), Object(App/Filament/Resources/HospitalResource/Pages/ListHospitals), '__invoke')
#38 C:/xampp/htdocs/hp/vendor/laravel/framework/src/Illuminate/Routing/Route.php(212): Illuminate/Routing/Route->runController()
#39 C:/xampp/htdocs/hp/vendor/laravel/framework/src/Illuminate/Routing/Router.php(808): Illuminate/Routing/Route->run()
#40 C:/xampp/htdocs/hp/vendor/laravel/framework/src/Illuminate/Pipeline/Pipeline.php(170): Illuminate/Routing/Router->Illuminate/Routing/{closure}(Object(Illuminate/Http/Request))
#41 C:/xampp/htdocs/hp/vendor/filament/filament/src/Http/Middleware/DispatchServingFilamentEvent.php(15): Illuminate/Pipeline/Pipeline->Illuminate/Pipeline/{closure}(Object(Illuminate/Http/Request))
#42 C:/xampp/htdocs/hp/vendor/laravel/framework/src/Illuminate/Pipeline/Pipeline.php(209): Filament/Http/Middleware/DispatchServingFilamentEvent->handle(Object(Illuminate/Http/Request), Object(Closure))
#43 C:/xampp/htdocs/hp/vendor/filament/filament/src/Http/Middleware/DisableBladeIconComponents.php(14): Illuminate/Pipeline/Pipeline->Illuminate/Pipeline/{closure}(Object(Illuminate/Http/Request))
#44 C:/xampp/htdocs/hp/vendor/laravel/framework/src/Illuminate/Pipeline/Pipeline.php(209): Filament/Http/Middleware/DisableBladeIconComponents->handle(Object(Illuminate/Http/Request), Object(Closure))
#45 C:/xampp/htdocs/hp/vendor/laravel/framework/src/Illuminate/Routing/Middleware/SubstituteBindings.php(51): Illuminate/Pipeline/Pipeline->Illuminate/Pipeline/{closure}(Object(Illuminate/Http/Request))
#46 C:/xampp/htdocs/hp/vendor/laravel/framework/src/Illuminate/Pipeline/Pipeline.php(209): Illuminate/Routing/Middleware/SubstituteBindings->handle(Object(Illuminate/Http/Request), Object(Closure))
#47 C:/xampp/htdocs/hp/vendor/laravel/framework/src/Illuminate/Foundation/Http/Middleware/VerifyCsrfToken.php(88): Illuminate/Pipeline/Pipeline->Illuminate/Pipeline/{closure}(Object(Illuminate/Http/Request))
#48 C:/xampp/htdocs/hp/vendor/laravel/framework/src/Illuminate/Pipeline/Pipeline.php(209): Illuminate/Foundation/Http/Middleware/VerifyCsrfToken->handle(Object(Illuminate/Http/Request), Object(Closure))
#49 C:/xampp/htdocs/hp/vendor/laravel/framework/src/Illuminate/Session/Middleware/AuthenticateSession.php(67): Illuminate/Pipeline/Pipeline->Illuminate/Pipeline/{closure}(Object(Illuminate/Http/Request))
#50 C:/xampp/htdocs/hp/vendor/laravel/framework/src/Illuminate/Pipeline/Pipeline.php(209): Illuminate/Session/Middleware/AuthenticateSession->handle(Object(Illuminate/Http/Request), Object(Closure))
#51 C:/xampp/htdocs/hp/vendor/laravel/framework/src/Illuminate/Auth/Middleware/Authenticate.php(64): Illuminate/Pipeline/Pipeline->Illuminate/Pipeline/{closure}(Object(Illuminate/Http/Request))
#52 C:/xampp/htdocs/hp/vendor/laravel/framework/src/Illuminate/Pipeline/Pipeline.php(209): Illuminate/Auth/Middleware/Authenticate->handle(Object(Illuminate/Http/Request), Object(Closure))
#53 C:/xampp/htdocs/hp/vendor/laravel/framework/src/Illuminate/View/Middleware/ShareErrorsFromSession.php(49): Illuminate/Pipeline/Pipeline->Illuminate/Pipeline/{closure}(Object(Illuminate/Http/Request))
#54 C:/xampp/htdocs/hp/vendor/laravel/framework/src/Illuminate/Pipeline/Pipeline.php(209): Illuminate/View/Middleware/ShareErrorsFromSession->handle(Object(Illuminate/Http/Request), Object(Closure))
#55 C:/xampp/htdocs/hp/vendor/laravel/framework/src/Illuminate/Session/Middleware/StartSession.php(121): Illuminate/Pipeline/Pipeline->Illuminate/Pipeline/{closure}(Object(Illuminate/Http/Request))
#56 C:/xampp/htdocs/hp/vendor/laravel/framework/src/Illuminate/Session/Middleware/StartSession.php(64): Illuminate/Session/Middleware/StartSession->handleStatefulRequest(Object(Illuminate/Http/Request), Object(Illuminate/Session/Store), Object(Closure))
#57 C:/xampp/htdocs/hp/vendor/laravel/framework/src/Illuminate/Pipeline/Pipeline.php(209): Illuminate/Session/Middleware/StartSession->handle(Object(Illuminate/Http/Request), Object(Closure))
#58 C:/xampp/htdocs/hp/vendor/laravel/framework/src/Illuminate/Cookie/Middleware/AddQueuedCookiesToResponse.php(37): Illuminate/Pipeline/Pipeline->Illuminate/Pipeline/{closure}(Object(Illuminate/Http/Request))
#59 C:/xampp/htdocs/hp/vendor/laravel/framework/src/Illuminate/Pipeline/Pipeline.php(209): Illuminate/Cookie/Middleware/AddQueuedCookiesToResponse->handle(Object(Illuminate/Http/Request), Object(Closure))
#60 C:/xampp/htdocs/hp/vendor/laravel/framework/src/Illuminate/Cookie/Middleware/EncryptCookies.php(75): Illuminate/Pipeline/Pipeline->Illuminate/Pipeline/{closure}(Object(Illuminate/Http/Request))
#61 C:/xampp/htdocs/hp/vendor/laravel/framework/src/Illuminate/Pipeline/Pipeline.php(209): Illuminate/Cookie/Middleware/EncryptCookies->handle(Object(Illuminate/Http/Request), Object(Closure))
#62 C:/xampp/htdocs/hp/vendor/filament/filament/src/Http/Middleware/SetUpPanel.php(19): Illuminate/Pipeline/Pipeline->Illuminate/Pipeline/{closure}(Object(Illuminate/Http/Request))
#63 C:/xampp/htdocs/hp/vendor/laravel/framework/src/Illuminate/Pipeline/Pipeline.php(209): Filament/Http/Middleware/SetUpPanel->handle(Object(Illuminate/Http/Request), Object(Closure), Object(Filament/Panel))
#64 C:/xampp/htdocs/hp/vendor/laravel/framework/src/Illuminate/Pipeline/Pipeline.php(127): Illuminate/Pipeline/Pipeline->Illuminate/Pipeline/{closure}(Object(Illuminate/Http/Request))
#65 C:/xampp/htdocs/hp/vendor/laravel/framework/src/Illuminate/Routing/Router.php(807): Illuminate/Pipeline/Pipeline->then(Object(Closure))
#66 C:/xampp/htdocs/hp/vendor/laravel/framework/src/Illuminate/Routing/Router.php(786): Illuminate/Routing/Router->runRouteWithinStack(Object(Illuminate/Routing/Route), Object(Illuminate/Http/Request))
#67 C:/xampp/htdocs/hp/vendor/laravel/framework/src/Illuminate/Routing/Router.php(750): Illuminate/Routing/Router->runRoute(Object(Illuminate/Http/Request), Object(Illuminate/Routing/Route))
#68 C:/xampp/htdocs/hp/vendor/laravel/framework/src/Illuminate/Routing/Router.php(739): Illuminate/Routing/Router->dispatchToRoute(Object(Illuminate/Http/Request))
#69 C:/xampp/htdocs/hp/vendor/laravel/framework/src/Illuminate/Foundation/Http/Kernel.php(201): Illuminate/Routing/Router->dispatch(Object(Illuminate/Http/Request))
#70 C:/xampp/htdocs/hp/vendor/laravel/framework/src/Illuminate/Pipeline/Pipeline.php(170): Illuminate/Foundation/Http/Kernel->Illuminate/Foundation/Http/{closure}(Object(Illuminate/Http/Request))
#71 C:/xampp/htdocs/hp/vendor/livewire/livewire/src/Features/SupportDisablingBackButtonCache/DisableBackButtonCacheMiddleware.php(19): Illuminate/Pipeline/Pipeline->Illuminate/Pipeline/{closure}(Object(Illuminate/Http/Request))
#72 C:/xampp/htdocs/hp/vendor/laravel/framework/src/Illuminate/Pipeline/Pipeline.php(209): Livewire/Features/SupportDisablingBackButtonCache/DisableBackButtonCacheMiddleware->handle(Object(Illuminate/Http/Request), Object(Closure))
#73 C:/xampp/htdocs/hp/vendor/laravel/framework/src/Illuminate/Foundation/Http/Middleware/TransformsRequest.php(21): Illuminate/Pipeline/Pipeline->Illuminate/Pipeline/{closure}(Object(Illuminate/Http/Request))
#74 C:/xampp/htdocs/hp/vendor/laravel/framework/src/Illuminate/Foundation/Http/Middleware/ConvertEmptyStringsToNull.php(31): Illuminate/Foundation/Http/Middleware/TransformsRequest->handle(Object(Illuminate/Http/Request), Object(Closure))
#75 C:/xampp/htdocs/hp/vendor/laravel/framework/src/Illuminate/Pipeline/Pipeline.php(209): Illuminate/Foundation/Http/Middleware/ConvertEmptyStringsToNull->handle(Object(Illuminate/Http/Request), Object(Closure))
#76 C:/xampp/htdocs/hp/vendor/laravel/framework/src/Illuminate/Foundation/Http/Middleware/TransformsRequest.php(21): Illuminate/Pipeline/Pipeline->Illuminate/Pipeline/{closure}(Object(Illuminate/Http/Request))
#77 C:/xampp/htdocs/hp/vendor/laravel/framework/src/Illuminate/Foundation/Http/Middleware/TrimStrings.php(51): Illuminate/Foundation/Http/Middleware/TransformsRequest->handle(Object(Illuminate/Http/Request), Object(Closure))
#78 C:/xampp/htdocs/hp/vendor/laravel/framework/src/Illuminate/Pipeline/Pipeline.php(209): Illuminate/Foundation/Http/Middleware/TrimStrings->handle(Object(Illuminate/Http/Request), Object(Closure))
#79 C:/xampp/htdocs/hp/vendor/laravel/framework/src/Illuminate/Http/Middleware/ValidatePostSize.php(27): Illuminate/Pipeline/Pipeline->Illuminate/Pipeline/{closure}(Object(Illuminate/Http/Request))
#80 C:/xampp/htdocs/hp/vendor/laravel/framework/src/Illuminate/Pipeline/Pipeline.php(209): Illuminate/Http/Middleware/ValidatePostSize->handle(Object(Illuminate/Http/Request), Object(Closure))
#81 C:/xampp/htdocs/hp/vendor/laravel/framework/src/Illuminate/Foundation/Http/Middleware/PreventRequestsDuringMaintenance.php(110): Illuminate/Pipeline/Pipeline->Illuminate/Pipeline/{closure}(Object(Illuminate/Http/Request))
#82 C:/xampp/htdocs/hp/vendor/laravel/framework/src/Illuminate/Pipeline/Pipeline.php(209): Illuminate/Foundation/Http/Middleware/PreventRequestsDuringMaintenance->handle(Object(Illuminate/Http/Request), Object(Closure))
#83 C:/xampp/htdocs/hp/vendor/laravel/framework/src/Illuminate/Http/Middleware/HandleCors.php(49): Illuminate/Pipeline/Pipeline->Illuminate/Pipeline/{closure}(Object(Illuminate/Http/Request))
#84 C:/xampp/htdocs/hp/vendor/laravel/framework/src/Illuminate/Pipeline/Pipeline.php(209): Illuminate/Http/Middleware/HandleCors->handle(Object(Illuminate/Http/Request), Object(Closure))
#85 C:/xampp/htdocs/hp/vendor/laravel/framework/src/Illuminate/Http/Middleware/TrustProxies.php(58): Illuminate/Pipeline/Pipeline->Illuminate/Pipeline/{closure}(Object(Illuminate/Http/Request))
#86 C:/xampp/htdocs/hp/vendor/laravel/framework/src/Illuminate/Pipeline/Pipeline.php(209): Illuminate/Http/Middleware/TrustProxies->handle(Object(Illuminate/Http/Request), Object(Closure))
#87 C:/xampp/htdocs/hp/vendor/laravel/framework/src/Illuminate/Foundation/Http/Middleware/InvokeDeferredCallbacks.php(22): Illuminate/Pipeline/Pipeline->Illuminate/Pipeline/{closure}(Object(Illuminate/Http/Request))
#88 C:/xampp/htdocs/hp/vendor/laravel/framework/src/Illuminate/Pipeline/Pipeline.php(209): Illuminate/Foundation/Http/Middleware/InvokeDeferredCallbacks->handle(Object(Illuminate/Http/Request), Object(Closure))
#89 C:/xampp/htdocs/hp/vendor/laravel/framework/src/Illuminate/Pipeline/Pipeline.php(127): Illuminate/Pipeline/Pipeline->Illuminate/Pipeline/{closure}(Object(Illuminate/Http/Request))
#90 C:/xampp/htdocs/hp/vendor/laravel/framework/src/Illuminate/Foundation/Http/Kernel.php(176): Illuminate/Pipeline/Pipeline->then(Object(Closure))
#91 C:/xampp/htdocs/hp/vendor/laravel/framework/src/Illuminate/Foundation/Http/Kernel.php(145): Illuminate/Foundation/Http/Kernel->sendRequestThroughRouter(Object(Illuminate/Http/Request))
#92 C:/xampp/htdocs/hp/vendor/laravel/framework/src/Illuminate/Foundation/Application.php(1220): Illuminate/Foundation/Http/Kernel->handle(Object(Illuminate/Http/Request))
#93 C:/xampp/htdocs/hp/public/index.php(17): Illuminate/Foundation/Application->handleRequest(Object(Illuminate/Http/Request))
#94 C:/xampp/htdocs/hp/vendor/laravel/framework/src/Illuminate/Foundation/resources/server.php(23): require_once('C://xampp//htdocs...')
#95 {main}
"} 
